PDCT_05_Clean,PHHTTINC_Clean,PHTYPE,PMINOR,PHGEDUC,PEMPL,Province_Name,PSTIR_GR_Clean,prob_housing_stress,Predicted_Housing_Stress,True_Housing_Stress
2.0,95000.0,1,1,2,1,Quebec,1.0,0.0013704573003283113,0,0.0
1.0,230000.0,5,2,2,1,Quebec,1.0,6.679844384987234e-08,0,0.0
1.0,26000.0,2,2,2,2,Newfoundland and Labrador,2.0,0.2667024832263619,0,1.0
1.0,40000.0,2,2,3,2,Nova Scotia,1.0,0.16228933919146166,0,0.0
1.0,77500.0,3,2,6,1,British Columbia,2.0,0.024328492685691004,0,1.0
2.0,25000.0,5,2,3,2,Alberta,3.0,0.6330886501657271,1,1.0
1.0,67500.0,5,2,4,1,Nova Scotia,1.0,0.027711535481574172,0,0.0
2.0,24000.0,5,2,1,2,Quebec,2.0,0.17785473235303173,0,0.0
2.0,23000.0,5,2,4,2,Nova Scotia,2.0,0.515082769177372,1,1.0
2.0,140000.0,1,1,6,1,Ontario,1.0,0.0004076213177417119,0,0.0
1.0,92500.0,2,2,2,1,Quebec,1.0,0.0010440061965216764,0,0.0
2.0,82500.0,4,9,99,1,Saskatchewan,2.0,0.03184694027039745,0,0.0
2.0,25000.0,5,2,1,2,Quebec,1.0,0.16778503298482783,0,0.0
2.0,125000.0,2,2,3,1,Nova Scotia,1.0,0.000762781977360191,0,0.0
1.0,55000.0,5,2,5,2,Alberta,1.0,0.11679758525633711,0,0.0
2.0,77500.0,5,2,4,2,Newfoundland and Labrador,1.0,0.015832355021365527,0,0.0
2.0,13000.0,5,2,1,2,Quebec,1.0,0.3195325343677728,1,0.0
1.0,50000.0,2,2,5,2,Quebec,1.0,0.021145833050072765,0,0.0
2.0,75000.0,5,2,4,1,Nova Scotia,1.0,0.02611865527674208,0,0.0
1.0,35000.0,2,2,3,2,New Brunswick,1.0,0.1379453978533058,0,0.0
2.0,36000.0,5,2,1,2,Quebec,1.0,0.08498728764117823,0,0.0
1.0,57500.0,5,2,2,2,Alberta,1.0,0.09811783259968859,0,0.0
1.0,250000.0,1,1,6,1,Newfoundland and Labrador,1.0,5.043025317374123e-08,0,0.0
1.0,115000.0,3,2,4,1,Newfoundland and Labrador,1.0,0.0006924083544530367,0,0.0
1.0,52500.0,5,2,4,2,Alberta,1.0,0.13548329340172705,0,0.0
2.0,35000.0,5,2,1,2,New Brunswick,2.0,0.2062546231195978,0,1.0
1.0,40000.0,2,2,1,2,New Brunswick,1.0,0.09997943244353517,0,0.0
1.0,410000.0,1,1,5,1,New Brunswick,1.0,5.249572603090756e-13,0,0.0
2.0,20000.0,5,2,2,2,Saskatchewan,2.0,0.5828685457464925,1,1.0
2.0,60000.0,99,2,6,1,Manitoba,1.0,0.14624667703688463,0,0.0
1.0,200000.0,1,1,7,1,Alberta,1.0,4.5934243108726636e-06,0,0.0
2.0,82500.0,3,1,6,1,Ontario,1.0,0.023350092974119455,0,0.0
2.0,34000.0,99,9,2,9,Alberta,3.0,0.7335287929773447,1,1.0
1.0,350000.0,4,2,6,1,Alberta,1.0,1.2202207870870835e-10,0,0.0
2.0,,5,2,6,9,Newfoundland and Labrador,1.0,0.0495633460585602,0,0.0
2.0,26000.0,5,2,1,2,Alberta,1.0,0.61356594100125,1,0.0
1.0,210000.0,4,1,4,1,Nova Scotia,1.0,1.2195865699173865e-06,0,0.0
2.0,49000.0,5,2,2,2,Manitoba,2.0,0.1259668780944705,0,0.0
2.0,85000.0,4,2,4,1,Ontario,1.0,0.019775601185540108,0,0.0
2.0,70000.0,3,1,1,2,Ontario,1.0,0.053688981344965324,0,1.0
2.0,23000.0,5,2,1,2,Nova Scotia,1.0,0.5103209404023548,1,0.0
2.0,17000.0,5,2,3,2,Quebec,1.0,0.2640462179176729,0,0.0
2.0,60000.0,5,2,2,1,New Brunswick,1.0,0.042373163316608155,0,0.0
2.0,27000.0,5,2,2,2,Alberta,1.0,0.5982605368759238,1,0.0
2.0,67500.0,2,2,6,1,Nova Scotia,1.0,0.04280193234760042,0,0.0
2.0,41000.0,2,2,1,2,New Brunswick,1.0,0.14181244655550254,0,0.0
2.0,72500.0,5,2,3,1,Manitoba,1.0,0.026552883308298757,0,0.0
2.0,29000.0,3,1,3,2,British Columbia,1.0,0.5449717666842775,1,1.0
1.0,62500.0,5,2,3,1,Manitoba,2.0,0.033416228728474356,0,0.0
2.0,48000.0,3,2,2,2,Ontario,1.0,0.21351237326893655,0,1.0
2.0,200000.0,1,1,6,1,British Columbia,1.0,6.900506288473654e-06,0,0.0
2.0,20000.0,5,2,1,2,New Brunswick,2.0,0.42780962982656373,1,1.0
1.0,23000.0,5,2,1,2,Nova Scotia,1.0,0.3950093887380528,1,0.0
2.0,26000.0,5,2,2,2,Nova Scotia,1.0,0.45915902278728105,1,1.0
2.0,26000.0,5,2,1,2,Alberta,1.0,0.61356594100125,1,0.0
1.0,40000.0,5,2,3,2,Newfoundland and Labrador,1.0,0.12330023183924428,0,0.0
2.0,97500.0,2,2,7,1,Ontario,1.0,0.00828543404124044,0,0.0
1.0,155000.0,3,2,3,1,British Columbia,1.0,0.00010400477910890631,0,0.0
1.0,230000.0,2,2,4,1,Alberta,1.0,5.548255924675411e-07,0,0.0
2.0,280000.0,1,1,3,1,Manitoba,1.0,1.1619989443917125e-08,0,0.0
2.0,50000.0,2,2,6,1,Ontario,1.0,0.19083818466975155,0,0.0
1.0,195000.0,1,1,3,1,Nova Scotia,1.0,3.3841118240573637e-06,0,0.0
1.0,180000.0,1,1,3,1,Quebec,1.0,2.1687871800883167e-06,0,0.0
2.0,115000.0,1,1,6,1,British Columbia,1.0,0.0027454863711458533,0,0.0
1.0,175000.0,2,2,7,1,New Brunswick,1.0,8.408413247204285e-06,0,0.0
1.0,,1,9,6,1,Nova Scotia,1.0,0.0403406255295375,0,0.0
1.0,30000.0,5,2,2,2,Alberta,1.0,0.4302718649625454,1,0.0
2.0,27000.0,5,2,1,2,Ontario,1.0,0.5471876744136126,1,0.0
2.0,60000.0,5,2,1,2,Quebec,1.0,0.01683347882314704,0,0.0
1.0,165000.0,4,1,4,1,Nova Scotia,1.0,2.905113682295286e-05,0,0.0
2.0,62500.0,99,9,2,1,Newfoundland and Labrador,1.0,0.1091228344896043,0,0.0
1.0,160000.0,1,1,7,1,Quebec,1.0,9.10403729632441e-06,0,0.0
1.0,52500.0,5,2,3,1,Nova Scotia,2.0,0.07534806213329374,0,0.0
2.0,26000.0,5,2,2,2,Quebec,1.0,0.15902358073199846,0,0.0
1.0,65000.0,3,1,2,1,Saskatchewan,1.0,0.03396597003905907,0,0.0
2.0,29000.0,6,2,1,2,Ontario,1.0,0.51458935799341,1,1.0
1.0,65000.0,2,2,3,1,Manitoba,1.0,0.02736372048350241,0,0.0
2.0,31000.0,5,2,1,2,Manitoba,1.0,0.3373282862431595,1,0.0
1.0,270000.0,2,2,6,1,British Columbia,1.0,3.1778971529614474e-08,0,0.0
1.0,170000.0,1,1,6,1,Saskatchewan,1.0,2.1652231842723065e-05,0,0.0
2.0,185000.0,4,2,4,1,Ontario,1.0,1.7574367223505427e-05,0,0.0
1.0,41000.0,5,2,4,2,New Brunswick,1.0,0.09806360574971047,0,0.0
1.0,55000.0,5,2,3,1,Alberta,2.0,0.1139479723141856,0,0.0
1.0,700000.0,4,1,7,1,Alberta,1.0,2.374376617113069e-21,0,0.0
1.0,72500.0,2,2,1,2,Ontario,1.0,0.028916392554996246,0,0.0
1.0,230000.0,2,2,6,1,British Columbia,1.0,5.32238594387794e-07,0,0.0
2.0,87500.0,2,2,7,1,New Brunswick,1.0,0.0063453196644804415,0,0.0
2.0,52500.0,5,2,2,1,Quebec,1.0,0.02798121244438503,0,0.0
2.0,67500.0,5,2,2,2,Quebec,1.0,0.010055944461500144,0,0.0
2.0,97500.0,1,1,6,1,Ontario,1.0,0.008079333872356376,0,0.0
2.0,140000.0,2,2,6,1,Quebec,1.0,6.022542324855273e-05,0,0.0
2.0,26000.0,5,2,3,2,Quebec,2.0,0.1598750753085445,0,1.0
2.0,45000.0,5,2,1,2,British Columbia,1.0,0.28279720844312534,0,0.0
2.0,9000.0,5,2,2,2,New Brunswick,1.0,0.6202451505052278,1,0.0
2.0,12500.0,5,2,3,2,Nova Scotia,1.0,0.6886459570237975,1,0.0
1.0,140000.0,1,1,7,1,Saskatchewan,1.0,0.00018037152236713934,0,0.0
2.0,26000.0,5,2,1,2,Alberta,1.0,0.61356594100125,1,0.0
1.0,300000.0,2,2,4,1,Alberta,1.0,4.001427243696685e-09,0,0.0
2.0,48000.0,2,2,5,1,Prince Edward Island,3.0,0.0536155939245117,0,0.0
2.0,,99,2,99,1,Prince Edward Island,1.0,0.08885255162760503,0,0.0
1.0,31000.0,5,2,3,2,British Columbia,2.0,0.40152512250893,1,1.0
1.0,210000.0,2,2,6,1,Ontario,1.0,1.8779716666229406e-06,0,0.0
1.0,52500.0,2,2,7,2,Quebec,1.0,0.018014911884162457,0,0.0
2.0,,99,9,2,1,Nova Scotia,2.0,0.14810280409750617,0,0.0
2.0,27000.0,5,2,1,2,Ontario,2.0,0.5471876744136126,1,1.0
2.0,27000.0,5,2,1,2,Quebec,1.0,0.1490182925732184,0,0.0
2.0,23000.0,5,2,2,2,Prince Edward Island,1.0,0.25288186959168546,0,0.0
1.0,85000.0,2,2,7,1,Ontario,1.0,0.012470820911655457,0,0.0
1.0,92500.0,2,2,3,2,British Columbia,1.0,0.008474739950624246,0,0.0
1.0,125000.0,2,2,3,1,Prince Edward Island,1.0,0.00015432244646286115,0,0.0
1.0,145000.0,2,2,5,1,Manitoba,1.0,0.00010156999872628385,0,0.0
2.0,67500.0,5,2,4,1,Quebec,1.0,0.010031001635308241,0,0.0
1.0,70000.0,5,2,4,1,New Brunswick,1.0,0.01368869962565952,0,0.0
2.0,19500.0,5,2,1,2,Quebec,1.0,0.22901301707494964,0,0.0
2.0,25000.0,5,2,2,2,Ontario,2.0,0.5833599450818475,1,1.0
1.0,240000.0,1,2,6,1,Ontario,1.0,2.2458612332813225e-07,0,0.0
1.0,48000.0,2,2,3,2,British Columbia,1.0,0.16426789296161382,0,0.0
1.0,175000.0,4,1,7,1,British Columbia,1.0,2.6093556551133415e-05,0,0.0
2.0,24000.0,5,2,6,2,Nova Scotia,3.0,0.5006496754816983,1,1.0
2.0,25000.0,5,2,2,2,Newfoundland and Labrador,1.0,0.39092047695070364,1,0.0
1.0,24000.0,5,2,1,2,Newfoundland and Labrador,2.0,0.3000764625423635,1,0.0
2.0,,6,2,4,1,Newfoundland and Labrador,1.0,0.04401870530376854,0,0.0
2.0,25000.0,5,2,2,2,Manitoba,1.0,0.43877707236240365,1,0.0
2.0,24000.0,5,2,2,2,Saskatchewan,2.0,0.5131798246768502,1,1.0
2.0,48000.0,5,2,6,1,Ontario,1.0,0.21861841422498043,0,0.0
1.0,105000.0,2,2,3,1,British Columbia,1.0,0.0034770618628954955,0,0.0
1.0,145000.0,2,2,7,1,Ontario,1.0,0.0001842107548773465,0,0.0
1.0,31000.0,5,2,4,2,Ontario,2.0,0.36794383923750007,1,1.0
2.0,29000.0,5,2,2,9,Saskatchewan,2.0,0.4518873014456277,1,1.0
1.0,155000.0,1,1,6,1,New Brunswick,1.0,3.3547220698641914e-05,0,0.0
2.0,,1,9,3,1,New Brunswick,1.0,0.03682207128829389,0,0.0
1.0,125000.0,1,1,3,1,Quebec,1.0,0.00010450252007855155,0,0.0
2.0,19500.0,5,2,2,2,Quebec,1.0,0.2301367167731268,0,0.0
1.0,42000.0,5,2,2,2,New Brunswick,1.0,0.09094990099154256,0,0.0
1.0,47000.0,5,2,1,1,New Brunswick,1.0,0.06440775017615569,0,0.0
1.0,77500.0,5,2,7,1,Saskatchewan,1.0,0.015250574027261597,0,0.0
2.0,97500.0,6,2,4,1,Saskatchewan,1.0,0.005949940758026875,0,0.0
2.0,52500.0,6,2,2,2,British Columbia,1.0,0.19112295589796385,0,0.0
2.0,82500.0,5,2,4,1,Quebec,1.0,0.003509202825091128,0,0.0
2.0,18500.0,5,2,6,1,Ontario,2.0,0.6909899076030352,1,1.0
2.0,17000.0,5,2,2,2,Saskatchewan,2.0,0.6331912327851789,1,1.0
1.0,270000.0,2,2,7,1,Ontario,1.0,2.757394517501299e-08,0,0.0
2.0,65000.0,2,2,2,2,Nova Scotia,1.0,0.05014064655226423,0,0.0
2.0,67500.0,5,2,4,2,Quebec,1.0,0.010183226154140813,0,0.0
1.0,180000.0,2,2,5,1,Alberta,1.0,1.8917603648616856e-05,0,0.0
2.0,25000.0,5,2,2,2,New Brunswick,1.0,0.34598697477406176,1,0.0
1.0,80000.0,5,2,6,1,Quebec,2.0,0.0026578017689956215,0,0.0
1.0,52500.0,3,1,4,1,Saskatchewan,1.0,0.07911602939072461,0,0.0
1.0,110000.0,1,1,4,1,Alberta,1.0,0.002550803284298061,0,0.0
1.0,110000.0,2,2,7,2,Ontario,1.0,0.0021979517551096116,0,0.0
2.0,23000.0,5,2,4,2,Nova Scotia,2.0,0.515082769177372,1,0.0
2.0,42000.0,5,2,2,1,Quebec,1.0,0.056891180534410515,0,0.0
2.0,22000.0,5,2,1,2,Alberta,3.0,0.6779038273344569,1,1.0
2.0,65000.0,4,2,2,1,Ontario,1.0,0.07537620342982253,0,1.0
1.0,40000.0,5,2,4,1,Nova Scotia,1.0,0.16517300722855804,0,0.0
2.0,35000.0,5,2,3,2,Nova Scotia,2.0,0.3118487970782569,1,1.0
1.0,44000.0,2,2,1,2,New Brunswick,1.0,0.07732342020084848,0,0.0
1.0,62500.0,2,2,2,2,Ontario,2.0,0.05715803149095822,0,0.0
2.0,82500.0,1,1,4,1,British Columbia,1.0,0.02613758742986699,0,0.0
1.0,100000.0,1,2,4,2,Ontario,1.0,0.004310029634096848,0,0.0
1.0,49000.0,2,2,3,2,Newfoundland and Labrador,1.0,0.06751017769108171,0,0.0
2.0,32000.0,5,2,2,2,Saskatchewan,1.0,0.37497647434000886,1,0.0
2.0,21000.0,5,2,1,2,New Brunswick,1.0,0.41065685648814243,1,0.0
1.0,44000.0,2,2,3,2,Manitoba,1.0,0.11145385183836376,0,0.0
2.0,44000.0,2,2,3,2,British Columbia,2.0,0.29371939633715016,0,1.0
2.0,36000.0,5,2,2,2,Ontario,3.0,0.39211099498027496,1,1.0
2.0,29000.0,5,2,4,2,Newfoundland and Labrador,1.0,0.32903188979340625,1,0.0
2.0,18500.0,5,2,4,2,Prince Edward Island,3.0,0.32005109679276045,1,1.0
2.0,46000.0,3,1,2,1,Newfoundland and Labrador,2.0,0.12268141758499608,0,0.0
2.0,26000.0,5,2,2,2,Newfoundland and Labrador,1.0,0.37427928184510056,1,1.0
2.0,27000.0,5,2,1,2,Ontario,1.0,0.5471876744136126,1,0.0
1.0,115000.0,1,1,4,1,Newfoundland and Labrador,1.0,0.0006726177897132127,0,0.0
2.0,57500.0,5,2,6,1,Ontario,1.0,0.1253099741185346,0,0.0
1.0,77500.0,2,2,7,2,Quebec,1.0,0.003141820807518931,0,0.0
1.0,270000.0,1,1,6,1,New Brunswick,1.0,1.015702976469251e-08,0,0.0
2.0,22000.0,5,2,1,2,British Columbia,1.0,0.6659417411131842,1,0.0
2.0,18500.0,3,2,2,2,Ontario,1.0,0.6845161794948456,1,0.0
2.0,140000.0,6,2,6,1,Saskatchewan,1.0,0.00030340749103348113,0,0.0
1.0,125000.0,1,2,3,1,Nova Scotia,1.0,0.00047328351408692,0,0.0
1.0,52500.0,2,2,4,2,Saskatchewan,1.0,0.08016496489634312,0,0.0
1.0,130000.0,2,2,6,1,Saskatchewan,1.0,0.0003694784352917705,0,0.0
2.0,120000.0,6,2,6,1,Alberta,1.0,0.0021629349207420334,0,0.0
2.0,55000.0,5,2,2,1,British Columbia,1.0,0.1619130485663476,0,0.0
2.0,24000.0,5,2,2,1,Quebec,1.0,0.17656261571846754,0,0.0
2.0,25000.0,5,2,4,2,New Brunswick,2.0,0.34886780183325317,1,0.0
2.0,36000.0,5,2,4,2,Newfoundland and Labrador,1.0,0.23045084217070072,0,0.0
1.0,25000.0,5,2,1,2,New Brunswick,2.0,0.24774554921043163,0,1.0
1.0,190000.0,1,1,6,1,British Columbia,2.0,8.745784392292083e-06,0,0.0
1.0,300000.0,1,1,4,1,Saskatchewan,1.0,2.2495818071781126e-09,0,0.0
2.0,28000.0,5,2,4,2,Alberta,3.0,0.5843051436007398,1,1.0
2.0,37000.0,99,9,7,1,Ontario,3.0,0.6245060407595034,1,1.0
1.0,180000.0,2,2,7,1,Ontario,1.0,1.564650329955015e-05,0,0.0
2.0,44000.0,5,2,3,1,Alberta,1.0,0.3082290786465403,1,0.0
1.0,220000.0,1,1,2,1,Saskatchewan,1.0,6.230410212415694e-07,0,0.0
2.0,57500.0,5,2,3,1,Alberta,1.0,0.14684249223686482,0,0.0
1.0,50000.0,2,2,3,2,Ontario,1.0,0.12830709148001757,0,0.0
1.0,95000.0,99,9,5,1,Prince Edward Island,1.0,0.0036155295627730037,0,0.0
1.0,240000.0,2,2,6,1,Quebec,1.0,3.2871238833778907e-08,0,0.0
2.0,120000.0,99,9,3,1,British Columbia,1.0,0.0053977840216672375,0,0.0
1.0,160000.0,4,1,6,1,Saskatchewan,1.0,4.51314711870387e-05,0,0.0
2.0,46000.0,99,9,6,9,Nova Scotia,2.0,0.39176931397760145,1,0.0
2.0,43000.0,5,2,1,1,Alberta,1.0,0.3206773086806351,1,0.0
2.0,25000.0,5,2,1,2,Ontario,2.0,0.5818149667347269,1,1.0
2.0,57500.0,2,2,4,1,Ontario,1.0,0.12071162543633454,0,0.0
1.0,175000.0,2,2,4,1,Saskatchewan,1.0,1.532011350447952e-05,0,0.0
2.0,32000.0,5,2,1,2,Saskatchewan,2.0,0.3734886547702309,1,0.0
2.0,50000.0,5,2,1,9,Manitoba,1.0,0.12927284936245034,0,0.0
1.0,165000.0,1,2,5,1,Manitoba,1.0,2.457444614325808e-05,0,0.0
1.0,155000.0,2,2,6,1,Nova Scotia,1.0,5.8875643787656785e-05,0,0.0
2.0,24000.0,5,2,1,2,British Columbia,2.0,0.6338971486217,1,1.0
1.0,42000.0,5,2,4,2,Quebec,1.0,0.03740916602296058,0,0.0
1.0,44000.0,5,2,3,2,Newfoundland and Labrador,1.0,0.09592279933569373,0,0.0
2.0,180000.0,2,2,6,1,Nova Scotia,1.0,1.6145373143946523e-05,0,0.0
2.0,19500.0,5,2,2,2,Quebec,1.0,0.2301367167731268,0,0.0
2.0,,99,9,2,1,New Brunswick,1.0,0.09170320670437358,0,0.0
1.0,95000.0,1,1,4,1,Ontario,1.0,0.005973147172470611,0,0.0
1.0,60000.0,2,2,4,2,Nova Scotia,1.0,0.0454736367907442,0,0.0
2.0,25000.0,5,2,1,2,Nova Scotia,1.0,0.4751143912015125,1,0.0
2.0,24000.0,5,2,1,2,Quebec,1.0,0.17785473235303173,0,0.0
2.0,155000.0,2,2,7,1,Ontario,1.0,0.0001453494023291353,0,0.0
2.0,22000.0,5,2,1,2,British Columbia,1.0,0.6659417411131842,1,0.0
1.0,26000.0,5,2,1,2,Nova Scotia,1.0,0.34577230363387695,1,0.0
1.0,270000.0,2,2,6,1,Prince Edward Island,1.0,5.752998078807434e-09,0,0.0
1.0,220000.0,2,2,7,1,New Brunswick,1.0,3.529839514103267e-07,0,0.0
2.0,65000.0,6,2,6,1,Alberta,1.0,0.09457780456296401,0,0.0
1.0,35000.0,5,2,3,2,Quebec,3.0,0.059475926727639614,0,0.0
1.0,150000.0,1,1,5,1,Ontario,1.0,0.00012547451157362516,0,0.0
1.0,250000.0,1,2,7,1,Saskatchewan,1.0,7.839289988153703e-08,0,0.0
1.0,170000.0,2,2,4,1,Saskatchewan,1.0,2.1789888902036177e-05,0,0.0
2.0,115000.0,2,2,6,1,Ontario,1.0,0.0024134290373521317,0,0.0
2.0,77500.0,5,2,6,1,British Columbia,1.0,0.03901786687095299,0,0.0
2.0,105000.0,6,2,6,1,British Columbia,1.0,0.005872794582194191,0,0.0
1.0,72500.0,2,2,7,2,Alberta,1.0,0.03649757504661553,0,0.0
2.0,47000.0,5,2,5,2,Saskatchewan,1.0,0.17527062666929258,0,0.0
1.0,100000.0,2,2,4,1,Quebec,1.0,0.0006236061757495553,0,0.0
1.0,62500.0,2,2,4,2,Saskatchewan,1.0,0.041301426781951985,0,0.0
2.0,30000.0,5,2,4,2,Alberta,1.0,0.5497244690316776,1,0.0
2.0,40000.0,5,2,3,1,Alberta,1.0,0.37131423924002577,1,0.0
1.0,175000.0,2,2,1,1,Ontario,1.0,2.142177896012025e-05,0,0.0
2.0,45000.0,3,1,3,1,Alberta,1.0,0.2874323701386205,0,0.0
2.0,105000.0,5,2,6,1,British Columbia,1.0,0.005814847728229081,0,0.0
2.0,46000.0,6,2,2,1,Saskatchewan,1.0,0.18204289420269903,0,0.0
2.0,20500.0,5,2,4,2,Quebec,1.0,0.22006457965068146,0,0.0
1.0,135000.0,2,2,3,1,Saskatchewan,1.0,0.0002548974447482909,0,0.0
2.0,55000.0,1,1,6,1,British Columbia,2.0,0.1587422322861426,0,0.0
1.0,85000.0,4,1,4,1,New Brunswick,1.0,0.0047102009577109335,0,0.0
2.0,87500.0,5,2,4,2,Nova Scotia,1.0,0.01116063180992109,0,0.0
1.0,210000.0,2,2,6,1,Ontario,1.0,1.8779716666229406e-06,0,0.0
2.0,110000.0,2,2,2,1,Alberta,1.0,0.004091017270804878,0,0.0
2.0,9500.0,5,2,3,2,Nova Scotia,2.0,0.7320734922681154,1,1.0
2.0,75000.0,3,2,2,1,Manitoba,1.0,0.021792627494612873,0,0.0
2.0,22000.0,5,2,2,2,Prince Edward Island,2.0,0.2664237104374118,0,1.0
2.0,46000.0,4,2,4,2,Alberta,2.0,0.2813587326008877,0,1.0
1.0,47500.0,5,2,7,2,Newfoundland and Labrador,1.0,0.0783804324803049,0,0.0
2.0,55000.0,2,2,4,2,New Brunswick,1.0,0.05909709536081638,0,0.0
2.0,48000.0,5,2,5,1,Quebec,1.0,0.038726877016439135,0,0.0
2.0,11500.0,5,2,2,1,Ontario,2.0,0.7811770034921619,1,1.0
2.0,25000.0,5,2,1,2,Quebec,1.0,0.16778503298482783,0,0.0
2.0,80000.0,5,2,7,2,Alberta,1.0,0.035425942905734926,0,0.0
1.0,115000.0,2,2,3,2,Saskatchewan,1.0,0.0010582970486864955,0,0.0
1.0,72500.0,3,2,2,2,Ontario,1.0,0.02937841718470144,0,0.0
2.0,32000.0,5,2,4,2,Manitoba,2.0,0.3259367631584545,1,1.0
1.0,110000.0,2,2,4,2,Alberta,1.0,0.0026394716687514887,0,0.0
2.0,28000.0,5,2,1,2,Alberta,2.0,0.5796683580069509,1,1.0
1.0,90000.0,2,2,3,1,Manitoba,1.0,0.004810070470218378,0,0.0
1.0,75000.0,5,2,4,2,Ontario,1.0,0.02555178324754954,0,0.0
2.0,48000.0,2,2,3,2,Manitoba,2.0,0.1312203344989759,0,0.0
2.0,37000.0,3,1,6,1,Nova Scotia,2.0,0.27736330263541886,0,1.0
2.0,24000.0,5,2,2,2,Prince Edward Island,1.0,0.23980333115088204,0,0.0
1.0,60000.0,5,2,3,2,Ontario,1.0,0.06974197181642317,0,0.0
1.0,27000.0,5,2,2,2,Alberta,2.0,0.48266433399116654,1,1.0
1.0,410000.0,1,2,6,1,Quebec,1.0,2.044681421320222e-13,0,0.0
2.0,220000.0,2,2,4,1,Manitoba,1.0,8.169311451908872e-07,0,0.0
2.0,29000.0,5,2,4,2,British Columbia,1.0,0.5537283111916274,1,0.0
2.0,33000.0,5,2,4,2,Ontario,2.0,0.4466119731549667,1,1.0
1.0,39000.0,3,1,4,2,Ontario,3.0,0.24347452384242846,0,1.0
1.0,80000.0,5,2,6,2,New Brunswick,1.0,0.00700534692515544,0,0.0
2.0,25000.0,5,2,2,2,British Columbia,2.0,0.618896832232649,1,1.0
2.0,100000.0,2,2,6,1,British Columbia,1.0,0.008009018680626636,0,0.0
1.0,170000.0,2,2,4,1,Newfoundland and Labrador,1.0,1.4235439528609792e-05,0,0.0
2.0,47000.0,3,1,1,1,Ontario,1.0,0.22027520582522653,0,1.0
1.0,85000.0,2,2,6,2,Quebec,1.0,0.0018428670393720941,0,0.0
2.0,27000.0,5,2,2,2,New Brunswick,2.0,0.3148286312874873,1,1.0
2.0,24000.0,5,2,4,2,Ontario,1.0,0.6034223299450114,1,0.0
2.0,25000.0,2,2,2,2,Ontario,2.0,0.5760695190526908,1,1.0
1.0,220000.0,4,1,6,1,Ontario,1.0,9.384741592711744e-07,0,0.0
2.0,23000.0,5,2,1,2,New Brunswick,1.0,0.37703201782466905,1,0.0
2.0,23000.0,5,2,1,2,Manitoba,2.0,0.4721374940685932,1,1.0
1.0,130000.0,2,2,7,1,British Columbia,1.0,0.000614491220873446,0,0.0
2.0,41000.0,5,2,1,2,Alberta,2.0,0.35559583071171325,1,0.0
2.0,42000.0,5,2,3,1,Alberta,2.0,0.3390574825255218,1,0.0
1.0,120000.0,2,2,4,1,Newfoundland and Labrador,1.0,0.00048208772479498534,0,0.0
1.0,170000.0,3,2,7,1,British Columbia,1.0,3.707930335884462e-05,0,0.0
2.0,44000.0,5,2,4,1,Quebec,2.0,0.05039045054618823,0,0.0
1.0,175000.0,1,2,6,1,Ontario,1.0,2.18937152338957e-05,0,0.0
2.0,25000.0,5,2,3,2,Newfoundland and Labrador,1.0,0.39243424104023394,1,0.0
2.0,165000.0,1,2,6,1,Saskatchewan,1.0,4.96019147141696e-05,0,0.0
2.0,24000.0,5,2,2,2,Quebec,1.0,0.17878562255243813,0,1.0
2.0,23000.0,5,2,2,2,Saskatchewan,2.0,0.5307582881331662,1,1.0
2.0,115000.0,1,1,6,1,Alberta,1.0,0.0028981529381596873,0,0.0
2.0,210000.0,2,2,7,1,Alberta,1.0,3.6939338670634763e-06,0,0.0
2.0,35000.0,5,2,6,2,Quebec,2.0,0.09328128180940093,0,0.0
2.0,65000.0,5,2,5,2,Manitoba,2.0,0.04541845538169413,0,0.0
2.0,52500.0,5,2,3,1,New Brunswick,1.0,0.0702300581029199,0,0.0
2.0,26000.0,2,2,6,1,Alberta,1.0,0.6103906790480499,1,0.0
1.0,80000.0,5,2,5,2,Prince Edward Island,1.0,0.0038805359427206212,0,0.0
2.0,28000.0,5,2,4,2,Ontario,3.0,0.5344246174339239,1,1.0
2.0,55000.0,5,2,7,2,Ontario,1.0,0.14863242074373495,0,0.0
1.0,87500.0,5,2,2,1,British Columbia,2.0,0.012110307554836509,0,0.0
2.0,62500.0,5,2,3,1,Ontario,1.0,0.08993532941230048,0,0.0
2.0,45000.0,3,1,4,2,Alberta,1.0,0.2918700846465007,0,0.0
2.0,60000.0,3,1,2,1,Alberta,1.0,0.12227096504399007,0,0.0
2.0,250000.0,2,2,6,1,British Columbia,1.0,2.0758511394033283e-07,0,0.0
2.0,26000.0,5,2,2,2,Quebec,1.0,0.15902358073199846,0,0.0
2.0,23000.0,5,2,2,2,Newfoundland and Labrador,1.0,0.42493904603390914,1,0.0
1.0,,99,9,7,1,Newfoundland and Labrador,1.0,0.07340264465753417,0,0.0
2.0,27000.0,5,2,1,2,Ontario,1.0,0.5471876744136126,1,1.0
1.0,75000.0,1,1,4,1,British Columbia,2.0,0.027731589359042227,0,1.0
2.0,44000.0,2,2,2,2,Prince Edward Island,2.0,0.06960164114748991,0,0.0
1.0,26000.0,5,2,2,2,Saskatchewan,1.0,0.3645253978521045,1,1.0
1.0,200000.0,2,2,4,1,New Brunswick,1.0,1.4172952159785938e-06,0,0.0
1.0,190000.0,2,2,6,2,British Columbia,1.0,9.0505980957215e-06,0,0.0
2.0,46000.0,3,1,2,2,British Columbia,1.0,0.2642974047155767,0,0.0
2.0,62500.0,2,2,4,2,Ontario,2.0,0.0892538841018588,0,0.0
1.0,46000.0,2,2,3,2,Ontario,1.0,0.16325828896488012,0,0.0
1.0,85000.0,2,2,3,1,Prince Edward Island,1.0,0.0025783487513221064,0,0.0
2.0,28000.0,5,2,2,2,Newfoundland and Labrador,1.0,0.34190502823867525,1,0.0
1.0,95000.0,5,2,6,1,Alberta,1.0,0.007765554689745502,0,0.0
2.0,39000.0,5,2,1,2,Saskatchewan,1.0,0.26688600661092776,0,0.0
2.0,25000.0,5,2,2,2,Quebec,1.0,0.16867403153560903,0,0.0
1.0,170000.0,1,1,7,1,Quebec,1.0,4.50032980311298e-06,0,0.0
1.0,85000.0,3,2,1,1,Ontario,1.0,0.012128917978172633,0,0.0
2.0,23000.0,5,2,4,2,British Columbia,2.0,0.6544118976004956,1,1.0
1.0,60000.0,2,2,4,2,Alberta,1.0,0.08228681073059503,0,0.0
2.0,46000.0,2,2,3,2,Ontario,2.0,0.23747211721828007,0,1.0
1.0,50000.0,5,2,4,2,Manitoba,1.0,0.07853336614521292,0,0.0
2.0,120000.0,5,2,3,1,Nova Scotia,1.0,0.0011174739657019313,0,0.0
2.0,95000.0,3,2,5,1,British Columbia,1.0,0.011393664061457524,0,0.0
2.0,52500.0,5,2,2,2,Saskatchewan,2.0,0.1239767716664235,0,0.0
1.0,135000.0,2,2,3,1,Alberta,1.0,0.00044475962821829295,0,0.0
2.0,30000.0,5,2,6,2,Ontario,3.0,0.5024271788961616,1,1.0
1.0,,99,9,99,1,Prince Edward Island,1.0,0.061121040320027284,0,0.0
2.0,23000.0,5,2,2,2,British Columbia,1.0,0.6515326221460543,1,0.0
1.0,430000.0,1,1,6,1,Saskatchewan,1.0,2.3973323356988203e-13,0,0.0
1.0,57500.0,2,2,1,2,Saskatchewan,1.0,0.05670838044645534,0,0.0
2.0,82500.0,3,1,4,1,Newfoundland and Labrador,1.0,0.010705227093565913,0,0.0
2.0,25000.0,5,2,4,2,Prince Edward Island,1.0,0.22943420855375163,0,0.0
2.0,39000.0,5,2,1,2,Ontario,2.0,0.3416000018825701,1,0.0
2.0,62500.0,3,1,5,2,Ontario,2.0,0.08984560420818313,0,0.0
1.0,44000.0,5,2,2,1,Alberta,1.0,0.21714912762105107,0,0.0
2.0,62500.0,6,2,4,1,Ontario,1.0,0.09128066666877487,0,0.0
2.0,24000.0,3,1,2,1,Newfoundland and Labrador,1.0,0.3971819004417527,1,0.0
1.0,155000.0,2,2,6,1,Ontario,1.0,9.049088201737035e-05,0,0.0
1.0,180000.0,5,2,6,1,Ontario,2.0,1.6019659645000505e-05,0,0.0
1.0,95000.0,1,1,2,1,Manitoba,1.0,0.0033020468770180644,0,0.0
1.0,70000.0,2,2,6,1,Saskatchewan,1.0,0.024707820857553672,0,0.0
2.0,46000.0,3,2,1,2,Manitoba,1.0,0.14779139765742483,0,0.0
1.0,90000.0,1,2,6,1,Manitoba,1.0,0.0048537582773198525,0,0.0
2.0,33000.0,2,2,1,2,Ontario,1.0,0.43453991517570034,1,0.0
2.0,46000.0,3,9,6,9,Nova Scotia,1.0,0.19822701154824385,0,0.0
1.0,390000.0,1,1,4,1,Newfoundland and Labrador,1.0,2.589937026579635e-12,0,0.0
2.0,90000.0,5,2,1,1,Saskatchewan,1.0,0.00976622129528429,0,0.0
1.0,105000.0,5,2,6,2,Alberta,1.0,0.0039126571309592946,0,0.0
2.0,19500.0,5,2,1,2,Quebec,1.0,0.22901301707494964,0,0.0
1.0,60000.0,5,2,6,2,Ontario,1.0,0.07098871780480094,0,0.0
1.0,650000.0,1,2,7,1,Alberta,1.0,7.8786479800203e-20,0,0.0
2.0,65000.0,3,1,4,1,Manitoba,2.0,0.04327497772573752,0,0.0
2.0,23000.0,5,2,5,2,British Columbia,1.0,0.6558473170762672,1,1.0
2.0,80000.0,2,2,6,2,Ontario,2.0,0.02811119401202662,0,0.0
2.0,14500.0,5,2,7,1,Ontario,3.0,0.7489336769325541,1,1.0
2.0,155000.0,99,9,6,1,Alberta,1.0,0.0004957079571083194,0,0.0
2.0,25000.0,5,2,3,2,Quebec,1.0,0.16956678064865618,0,0.0
2.0,49000.0,5,2,2,2,Quebec,1.0,0.036053686602602004,0,0.0
1.0,240000.0,2,2,6,1,Nova Scotia,1.0,1.4758147493091137e-07,0,0.0
2.0,55000.0,99,9,1,2,Saskatchewan,1.0,0.24292261804774015,0,0.0
2.0,90000.0,2,2,7,1,Prince Edward Island,1.0,0.0029667876098039706,0,0.0
1.0,150000.0,2,2,2,2,Ontario,1.0,0.00012739599537935938,0,0.0
1.0,90000.0,3,1,5,1,Ontario,2.0,0.008698203687329965,0,0.0
2.0,27000.0,5,2,2,2,Ontario,2.0,0.5487613640051658,1,1.0
1.0,120000.0,2,2,1,1,Saskatchewan,1.0,0.0007238205256173403,0,0.0
1.0,65000.0,5,2,4,1,New Brunswick,1.0,0.019357739132676844,0,0.0
1.0,48000.0,5,2,2,1,Ontario,2.0,0.14594797946690333,0,0.0
1.0,97500.0,4,2,3,1,British Columbia,1.0,0.006001614785119284,0,0.0
1.0,290000.0,1,1,7,1,Alberta,1.0,8.094935346218409e-09,0,0.0
2.0,125000.0,1,1,3,1,Saskatchewan,1.0,0.0008070854704151446,0,0.0
2.0,39000.0,3,2,2,2,Ontario,3.0,0.3385489033524686,1,1.0
1.0,31000.0,5,2,1,2,Quebec,1.0,0.07643903231667726,0,0.0
2.0,65000.0,3,2,4,1,Alberta,1.0,0.09098988355262103,0,0.0
2.0,29000.0,5,2,2,2,Prince Edward Island,1.0,0.1815258141248678,0,0.0
2.0,80000.0,1,1,2,1,Saskatchewan,1.0,0.018760678019672336,0,0.0
2.0,22000.0,5,2,3,2,Quebec,1.0,0.20143829862924664,0,0.0
2.0,130000.0,2,2,5,2,Ontario,1.0,0.0008475724834545503,0,0.0
1.0,185000.0,1,1,4,1,Ontario,1.0,1.0589496917100866e-05,0,0.0
2.0,24000.0,5,2,2,2,Newfoundland and Labrador,2.0,0.40781933542969206,1,1.0
2.0,130000.0,1,2,4,1,Alberta,1.0,0.0010054905216067816,0,0.0
1.0,80000.0,2,2,4,1,Newfoundland and Labrador,1.0,0.008013239272224743,0,0.0
1.0,97500.0,1,2,6,1,New Brunswick,1.0,0.0019418610190408611,0,0.0
1.0,210000.0,2,2,4,1,Newfoundland and Labrador,1.0,8.499824352426083e-07,0,0.0
1.0,70000.0,2,2,2,1,Saskatchewan,1.0,0.024102775398995073,0,0.0
2.0,11000.0,5,2,4,2,Newfoundland and Labrador,2.0,0.635448327887085,1,1.0
2.0,29000.0,5,2,2,2,Ontario,1.0,0.5136848234493188,1,0.0
2.0,80000.0,5,2,7,1,Alberta,2.0,0.034909684658731316,0,0.0
2.0,23000.0,3,1,1,2,Alberta,1.0,0.6558105280946783,1,0.0
1.0,45000.0,5,2,4,2,Newfoundland and Labrador,1.0,0.09050577417241917,0,0.0
1.0,92500.0,2,2,4,1,Ontario,1.0,0.00725125436548047,0,0.0
1.0,210000.0,1,1,6,1,New Brunswick,1.0,6.96171983288455e-07,0,0.0
1.0,50000.0,3,1,6,1,British Columbia,2.0,0.1464181435391306,0,1.0
2.0,25000.0,5,2,4,2,Prince Edward Island,1.0,0.22943420855375163,0,0.0
2.0,55000.0,2,2,1,2,Saskatchewan,1.0,0.10268716060655561,0,0.0
1.0,,2,9,6,1,New Brunswick,2.0,0.024063538435350897,0,0.0
1.0,32000.0,2,2,6,2,Alberta,2.0,0.3950421626117027,1,1.0
2.0,195000.0,2,2,6,1,Alberta,1.0,1.0561229479071597e-05,0,0.0
2.0,30000.0,3,1,6,1,Quebec,2.0,0.12280188493089132,0,1.0
1.0,180000.0,1,1,7,1,Quebec,1.0,2.2246087673545942e-06,0,0.0
2.0,30000.0,5,2,2,2,Saskatchewan,2.0,0.4085382132014409,1,1.0
2.0,87500.0,5,2,6,1,Alberta,1.0,0.020750023410765133,0,0.0
2.0,50000.0,5,2,4,1,New Brunswick,1.0,0.08312203473808008,0,0.0
2.0,48000.0,5,2,3,1,Saskatchewan,1.0,0.16150087618970954,0,0.0
2.0,65000.0,5,2,2,1,British Columbia,1.0,0.08717438710017253,0,0.0
1.0,31000.0,5,2,4,1,Saskatchewan,1.0,0.28688310387794275,0,0.0
2.0,33000.0,2,2,5,1,Alberta,3.0,0.4873529818196754,1,1.0
2.0,95000.0,3,1,2,1,Ontario,1.0,0.00956858610285085,0,0.0
2.0,67500.0,5,2,2,1,Ontario,1.0,0.06458162183318766,0,0.0
2.0,130000.0,6,2,6,1,Ontario,1.0,0.000874266157430722,0,0.0
2.0,46000.0,5,2,2,1,Quebec,1.0,0.04352704264648326,0,0.0
2.0,20500.0,5,2,3,2,Quebec,1.0,0.21897607123257143,0,0.0
2.0,55000.0,3,2,4,2,Saskatchewan,1.0,0.10539345916127311,0,0.0
2.0,52500.0,3,2,4,1,Quebec,1.0,0.027784912657124614,0,0.0
2.0,23000.0,5,2,1,2,Ontario,1.0,0.6156542183305252,1,0.0
2.0,130000.0,2,2,7,2,Alberta,1.0,0.001050933955352603,0,0.0
1.0,550000.0,1,2,6,1,Ontario,1.0,7.339065413627617e-17,0,0.0
1.0,62500.0,1,9,7,1,Alberta,2.0,0.0737503764404743,0,1.0
2.0,44000.0,5,2,3,2,Ontario,2.0,0.2697775231208179,0,0.0
2.0,75000.0,5,2,6,1,New Brunswick,1.0,0.015529113308452637,0,0.0
2.0,25000.0,5,2,99,2,British Columbia,1.0,0.7504725292135956,1,0.0
1.0,450000.0,2,2,7,1,Saskatchewan,1.0,6.008621222063896e-14,0,0.0
2.0,145000.0,2,2,6,1,Quebec,1.0,4.234399055682117e-05,0,0.0
2.0,62500.0,2,2,6,2,Quebec,2.0,0.014179061708429742,0,0.0
1.0,250000.0,4,1,6,1,Newfoundland and Labrador,1.0,5.1962074520785995e-08,0,0.0
2.0,72500.0,5,2,5,2,New Brunswick,1.0,0.018626224846317235,0,0.0
2.0,23000.0,5,2,1,2,New Brunswick,2.0,0.37703201782466905,1,1.0
1.0,155000.0,2,2,4,1,British Columbia,1.0,0.0001036288942588497,0,0.0
1.0,77500.0,3,1,6,1,Ontario,1.0,0.020860139159500513,0,0.0
1.0,160000.0,3,2,4,1,New Brunswick,1.0,2.3974471674283667e-05,0,0.0
2.0,100000.0,1,1,7,1,New Brunswick,1.0,0.002590187956829757,0,0.0
1.0,22000.0,5,2,2,2,New Brunswick,2.0,0.29050192050717855,0,1.0
2.0,,5,2,99,2,Saskatchewan,1.0,0.11470018607464981,0,0.0
1.0,77500.0,2,2,2,2,Alberta,2.0,0.025151086633237153,0,0.0
2.0,29000.0,5,2,1,2,Newfoundland and Labrador,2.0,0.324837862114814,1,0.0
2.0,27000.0,5,2,2,2,Quebec,1.0,0.14982575814504215,0,0.0
1.0,67500.0,2,2,4,2,Saskatchewan,1.0,0.029398691665432474,0,0.0
2.0,87500.0,3,1,1,1,British Columbia,1.0,0.018536687525468734,0,0.0
1.0,120000.0,1,1,4,1,Alberta,1.0,0.001262542003004018,0,0.0
2.0,210000.0,4,1,6,1,British Columbia,1.0,3.5146823005217746e-06,0,0.0
2.0,120000.0,1,1,99,9,Saskatchewan,1.0,0.002382181012291686,0,0.0
2.0,52500.0,5,2,2,1,Quebec,1.0,0.02798121244438503,0,0.0
1.0,27000.0,5,2,2,2,Newfoundland and Labrador,1.0,0.2588504213067592,0,0.0
2.0,95000.0,1,1,6,1,Ontario,1.0,0.009620511770200341,0,0.0
2.0,27000.0,5,2,1,2,Ontario,2.0,0.5471876744136126,1,0.0
2.0,70000.0,3,2,4,1,Ontario,1.0,0.054348913130024,0,0.0
2.0,9500.0,99,9,2,2,Newfoundland and Labrador,1.0,0.8388523715732426,1,0.0
1.0,47000.0,5,2,6,2,New Brunswick,1.0,0.06729742922423994,0,0.0
1.0,260000.0,1,1,6,1,Alberta,1.0,6.659310015475796e-08,0,0.0
2.0,,2,2,2,2,Manitoba,2.0,0.05126145302058312,0,0.0
1.0,92500.0,99,9,2,1,Manitoba,1.0,0.011165225811270654,0,0.0
2.0,,99,9,1,1,Quebec,1.0,0.03705136458392157,0,0.0
1.0,95000.0,2,2,4,2,Newfoundland and Labrador,1.0,0.002842407755398999,0,0.0
1.0,44000.0,2,2,99,9,Quebec,1.0,0.062474555671477014,0,0.0
2.0,28000.0,5,2,2,2,New Brunswick,2.0,0.2998320591778497,0,0.0
1.0,400000.0,1,1,7,1,New Brunswick,1.0,1.0755584036594537e-12,0,0.0
2.0,26000.0,5,2,1,2,Manitoba,1.0,0.4199601046447983,1,0.0
2.0,22000.0,5,2,6,2,Ontario,1.0,0.6395395695555528,1,0.0
2.0,39000.0,5,2,4,1,Alberta,3.0,0.3894148828654846,1,1.0
2.0,38000.0,6,2,2,1,Newfoundland and Labrador,2.0,0.20348899059072992,0,0.0
1.0,60000.0,5,2,2,2,Quebec,1.0,0.010679962063333513,0,0.0
2.0,21000.0,5,2,1,2,Ontario,1.0,0.6484099411934185,1,0.0
2.0,35000.0,5,2,6,1,Ontario,2.0,0.41149408181465097,1,0.0
2.0,27000.0,5,2,2,2,Alberta,2.0,0.5982605368759238,1,1.0
1.0,46000.0,5,2,2,2,Alberta,2.0,0.19654068853025686,0,0.0
2.0,29000.0,5,2,4,2,Quebec,1.0,0.13421702579371866,0,0.0
1.0,900000.0,2,2,6,1,British Columbia,1.0,1.6775043336893577e-27,0,0.0
2.0,67500.0,1,1,2,1,British Columbia,1.0,0.0708474283562885,0,0.0
1.0,50000.0,5,2,2,2,Saskatchewan,1.0,0.09563030679181006,0,0.0
2.0,105000.0,2,2,4,1,Quebec,1.0,0.0006997687426482347,0,0.0
2.0,49000.0,99,9,5,9,New Brunswick,1.0,0.23128661196269104,0,0.0
2.0,49000.0,5,2,1,2,British Columbia,1.0,0.2292665437524491,0,0.0
2.0,24000.0,5,2,99,2,Alberta,1.0,0.7730931026602175,1,0.0
2.0,57500.0,3,1,2,2,British Columbia,2.0,0.13776142334593316,0,0.0
2.0,77500.0,2,2,2,1,British Columbia,1.0,0.0369951357484919,0,0.0
2.0,100000.0,1,1,4,1,Ontario,1.0,0.006698283359671244,0,0.0
2.0,37000.0,5,2,2,1,Manitoba,1.0,0.24846268502739582,0,0.0
1.0,77500.0,5,2,6,1,Ontario,2.0,0.021461155006021984,0,0.0
2.0,39000.0,2,2,6,1,Ontario,2.0,0.33859896236912274,1,1.0
2.0,62500.0,5,2,4,1,Quebec,1.0,0.01420706124001706,0,0.0
1.0,57500.0,2,2,2,1,New Brunswick,1.0,0.031089085054357188,0,0.0
2.0,39000.0,5,2,4,2,Nova Scotia,2.0,0.25598056288121157,0,0.0
1.0,70000.0,3,2,2,2,Newfoundland and Labrador,1.0,0.016277503927345477,0,0.0
2.0,52500.0,5,2,2,1,New Brunswick,1.0,0.06981633569700091,0,0.0
1.0,45000.0,2,2,1,2,Manitoba,1.0,0.10348023965613644,0,0.0
1.0,105000.0,2,2,5,2,Quebec,1.0,0.00044808240460356163,0,0.0
1.0,80000.0,1,1,6,1,British Columbia,1.0,0.019905768138405805,0,0.0
1.0,47000.0,2,2,4,2,Quebec,1.0,0.025833214272444796,0,0.0
1.0,55000.0,5,2,4,1,Quebec,1.0,0.015084749487795791,0,0.0
2.0,60000.0,5,2,99,1,Prince Edward Island,2.0,0.0435563453011434,0,0.0
1.0,52500.0,6,2,4,1,Quebec,1.0,0.018114640678818517,0,0.0
2.0,23000.0,5,2,6,1,Quebec,1.0,0.19093569089494505,0,0.0
1.0,85000.0,5,2,4,2,Ontario,1.0,0.01279610002461869,0,0.0
2.0,49000.0,5,2,7,2,Alberta,2.0,0.24599842224005197,0,0.0
1.0,72500.0,2,2,6,2,British Columbia,1.0,0.03442466183401745,0,0.0
1.0,150000.0,1,1,2,1,Manitoba,1.0,6.874411736941102e-05,0,0.0
2.0,22000.0,5,2,4,2,Ontario,1.0,0.6366051916783062,1,0.0
2.0,29000.0,5,2,4,2,British Columbia,2.0,0.5537283111916274,1,1.0
2.0,70000.0,6,2,2,1,Alberta,1.0,0.0668148986974869,0,0.0
2.0,43000.0,5,2,2,2,Alberta,1.0,0.32539391065590645,1,0.0
1.0,240000.0,1,2,3,1,Alberta,1.0,2.698198912631124e-07,0,0.0
1.0,85000.0,2,2,7,1,Nova Scotia,1.0,0.008149080767981149,0,0.0
2.0,7250.0,5,2,3,2,Ontario,1.0,0.831114989957312,1,0.0
2.0,15000.0,5,2,1,2,Quebec,2.0,0.28970127962666875,0,1.0
2.0,45000.0,2,2,4,1,Newfoundland and Labrador,1.0,0.131813327442397,0,0.0
2.0,9250.0,5,2,2,2,New Brunswick,3.0,0.6160875610442456,1,1.0
1.0,50000.0,5,2,99,9,Saskatchewan,1.0,0.17887669838136774,0,0.0
2.0,43000.0,5,2,6,2,New Brunswick,1.0,0.13244142777308182,0,0.0
2.0,45000.0,2,2,1,2,Saskatchewan,1.0,0.18798668861126752,0,0.0
2.0,125000.0,2,2,4,1,Ontario,1.0,0.0011794006928026607,0,0.0
2.0,165000.0,2,2,2,1,British Columbia,1.0,8.07335093193039e-05,0,0.0
1.0,925000.0,1,2,7,1,British Columbia,1.0,2.8715199732962953e-28,0,0.0
2.0,35000.0,6,2,2,2,Alberta,1.0,0.461212919415422,1,1.0
2.0,,1,9,99,1,New Brunswick,2.0,0.06572887089270818,0,0.0
1.0,60000.0,5,2,4,2,New Brunswick,1.0,0.027716640971914938,0,0.0
1.0,95000.0,2,2,3,1,Newfoundland and Labrador,1.0,0.002781926582318977,0,0.0
1.0,230000.0,1,1,6,1,Manitoba,1.0,2.514018867888202e-07,0,0.0
2.0,60000.0,3,2,6,2,Quebec,1.0,0.017030183835942257,0,0.0
2.0,26000.0,5,2,2,2,Alberta,2.0,0.6150712238430434,1,1.0
2.0,105000.0,5,2,4,1,Manitoba,1.0,0.0027725523274343684,0,0.0
2.0,23000.0,5,2,7,2,Saskatchewan,2.0,0.5386614149705048,1,1.0
1.0,72500.0,5,2,6,1,Manitoba,1.0,0.017120020773843166,0,0.0
2.0,72500.0,3,2,4,1,Alberta,1.0,0.05572246087225998,0,0.0
1.0,125000.0,1,1,3,1,Alberta,1.0,0.0008823808797701005,0,0.0
1.0,85000.0,5,2,4,2,British Columbia,1.0,0.014811203300911516,0,0.0
2.0,75000.0,2,2,4,1,Manitoba,1.0,0.021850948314310698,0,0.0
1.0,42000.0,5,2,3,2,Quebec,1.0,0.03718105831661595,0,0.0
2.0,23000.0,5,2,2,1,Quebec,2.0,0.1870407094388553,0,1.0
2.0,31000.0,5,2,3,2,Manitoba,1.0,0.3401745170235105,1,0.0
2.0,55000.0,3,2,2,1,Ontario,1.0,0.14036065465645664,0,0.0
2.0,115000.0,3,2,2,1,Quebec,1.0,0.0003450884169061909,0,0.0
2.0,21000.0,5,2,1,2,New Brunswick,1.0,0.41065685648814243,1,0.0
2.0,18000.0,5,2,1,2,British Columbia,1.0,0.7254613098055863,1,0.0
1.0,135000.0,4,1,6,1,Ontario,1.0,0.0003742738457419095,0,0.0
2.0,65000.0,1,9,5,9,Prince Edward Island,1.0,0.019970142171775784,0,0.0
2.0,44000.0,2,2,4,1,Quebec,1.0,0.04897771591079672,0,0.0
1.0,105000.0,3,1,6,1,Quebec,1.0,0.0004445325077926637,0,0.0
1.0,145000.0,2,2,7,2,British Columbia,1.0,0.00021692457725074746,0,0.0
1.0,575000.0,2,2,6,1,Ontario,1.0,1.2734834994408188e-17,0,0.0
1.0,105000.0,2,2,6,2,Quebec,2.0,0.00045093696012893933,0,0.0
2.0,57500.0,2,2,3,2,Nova Scotia,1.0,0.08266323071973489,0,0.0
2.0,70000.0,2,2,2,1,British Columbia,1.0,0.06117772118271575,0,0.0
2.0,23000.0,5,2,2,2,Nova Scotia,2.0,0.5119084675157992,1,1.0
2.0,23000.0,5,2,1,2,Alberta,2.0,0.662330723077472,1,1.0
2.0,57500.0,5,2,1,2,New Brunswick,1.0,0.05054913017963824,0,0.0
2.0,30000.0,5,2,2,2,Saskatchewan,1.0,0.4085382132014409,1,0.0
2.0,,4,2,5,1,Quebec,1.0,0.014156436967963804,0,1.0
2.0,22000.0,5,2,1,2,Alberta,2.0,0.6779038273344569,1,1.0
1.0,75000.0,1,2,3,1,Ontario,1.0,0.02406517898089153,0,0.0
1.0,220000.0,1,1,7,1,Nova Scotia,1.0,5.963530339175093e-07,0,0.0
1.0,170000.0,1,1,4,1,Manitoba,1.0,1.7013474000904128e-05,0,0.0
2.0,39000.0,2,2,2,2,Nova Scotia,1.0,0.24794639849877817,0,0.0
2.0,125000.0,5,2,2,1,Saskatchewan,1.0,0.000842192158126265,0,0.0
1.0,42000.0,2,2,4,1,Alberta,1.0,0.23891088163002142,0,0.0
2.0,36000.0,5,2,4,2,Alberta,1.0,0.44443405328444785,1,0.0
1.0,90000.0,1,2,5,1,Ontario,2.0,0.008604901173633718,0,0.0
2.0,13000.0,5,2,3,2,Quebec,1.0,0.32230164166658815,1,0.0
1.0,65000.0,2,2,4,2,Manitoba,1.0,0.027943652822742443,0,0.0
2.0,17500.0,5,2,3,2,British Columbia,1.0,0.7349045436018888,1,0.0
1.0,70000.0,2,2,2,2,Alberta,1.0,0.0419286665944805,0,0.0
2.0,82500.0,1,2,4,1,Ontario,1.0,0.022818239112175374,0,0.0
1.0,290000.0,4,2,5,1,Manitoba,1.0,3.789602616519034e-09,0,0.0
2.0,15000.0,5,2,1,2,Nova Scotia,1.0,0.6467873170380688,1,0.0
2.0,80000.0,3,2,3,1,Alberta,1.0,0.03341323502684345,0,0.0
2.0,,2,9,99,1,Manitoba,1.0,0.09503468211084069,0,0.0
2.0,65000.0,5,2,4,1,Ontario,1.0,0.0769722356387105,0,0.0
2.0,14000.0,5,2,3,2,Ontario,1.0,0.7536108757414756,1,0.0
2.0,39000.0,3,1,2,2,British Columbia,2.0,0.370388472284483,1,1.0
2.0,,5,2,99,1,Nova Scotia,3.0,0.10580125040516285,0,1.0
2.0,160000.0,6,2,3,1,British Columbia,1.0,0.00012025933566894005,0,0.0
2.0,28000.0,5,2,2,2,Quebec,1.0,0.14107069135679,0,0.0
1.0,72500.0,2,2,4,1,British Columbia,1.0,0.03350852467796721,0,0.0
1.0,120000.0,1,1,2,1,Alberta,1.0,0.0012466208689831098,0,0.0
2.0,,2,2,2,2,Nova Scotia,3.0,0.05922618624050657,0,0.0
2.0,37000.0,5,2,6,2,Nova Scotia,1.0,0.2863158840116455,0,0.0
2.0,22000.0,5,2,2,2,Quebec,1.0,0.20041824683280257,0,0.0
2.0,25000.0,5,2,1,2,Quebec,1.0,0.16778503298482783,0,0.0
1.0,100000.0,6,2,6,1,Quebec,1.0,0.0006572661360320376,0,0.0
1.0,110000.0,2,2,3,2,Ontario,1.0,0.0021429171342982477,0,0.0
2.0,24000.0,5,2,2,2,Quebec,1.0,0.17878562255243813,0,0.0
2.0,37000.0,5,2,1,2,Ontario,1.0,0.3739617855298044,1,0.0
1.0,150000.0,2,2,4,2,Alberta,1.0,0.00015798995149387187,0,0.0
1.0,80000.0,1,2,4,1,Nova Scotia,1.0,0.011223974371079385,0,0.0
2.0,31000.0,5,2,2,2,Saskatchewan,1.0,0.39162926646673246,1,0.0
2.0,15500.0,5,2,99,9,Manitoba,3.0,0.7587774313530098,1,1.0
2.0,39000.0,5,2,2,1,New Brunswick,1.0,0.1626907959287764,0,0.0
2.0,27000.0,5,2,99,9,Saskatchewan,2.0,0.6374080279570113,1,1.0
2.0,34000.0,5,2,1,2,Saskatchewan,1.0,0.3411455034416484,1,0.0
1.0,95000.0,5,2,2,2,New Brunswick,1.0,0.002384633319886084,0,0.0
1.0,105000.0,2,2,7,2,British Columbia,1.0,0.0036207155870840884,0,0.0
1.0,30000.0,5,2,2,2,Nova Scotia,1.0,0.2863555847772363,0,0.0
2.0,24000.0,5,2,1,2,Quebec,1.0,0.17785473235303173,0,0.0
1.0,115000.0,99,2,2,1,Nova Scotia,1.0,0.0025233439128636375,0,0.0
2.0,100000.0,1,1,6,1,Alberta,1.0,0.008293776850629216,0,0.0
2.0,25000.0,5,2,6,2,Ontario,1.0,0.589523218192427,1,1.0
2.0,55000.0,2,2,4,2,Nova Scotia,1.0,0.0975979611794824,0,0.0
2.0,27000.0,5,2,6,1,Manitoba,3.0,0.40688848424699187,1,0.0
2.0,31000.0,5,2,1,2,Ontario,2.0,0.4768878164010254,1,1.0
2.0,35000.0,5,2,4,1,Alberta,3.0,0.4581124980635138,1,0.0
2.0,72500.0,3,2,3,1,Alberta,1.0,0.055389110809504795,0,0.0
2.0,12000.0,5,2,99,2,Quebec,1.0,0.48429394217350585,1,0.0
2.0,21000.0,5,2,1,2,British Columbia,1.0,0.6814284097713468,1,0.0
2.0,26000.0,5,2,4,2,Prince Edward Island,1.0,0.21721576749806198,0,0.0
1.0,48000.0,5,2,5,1,Quebec,2.0,0.024618805709248303,0,0.0
2.0,13500.0,5,2,2,2,Alberta,3.0,0.7940306383094284,1,1.0
1.0,82500.0,2,2,6,1,Ontario,2.0,0.014744589058226268,0,0.0
1.0,60000.0,2,2,2,2,New Brunswick,1.0,0.026590686002799596,0,0.0
1.0,210000.0,1,2,7,1,Newfoundland and Labrador,1.0,8.577401084035435e-07,0,0.0
2.0,22000.0,5,2,1,2,Nova Scotia,1.0,0.5279076689754427,1,1.0
1.0,42000.0,5,2,1,2,Nova Scotia,1.0,0.1461664778342291,0,0.0
2.0,28000.0,5,2,1,2,Quebec,2.0,0.14030262330308005,0,0.0
1.0,240000.0,1,1,6,1,Ontario,1.0,2.225583663114416e-07,0,0.0
2.0,60000.0,1,1,99,9,New Brunswick,1.0,0.08099360392430144,0,0.0
2.0,75000.0,5,2,2,1,Quebec,1.0,0.005863495524639107,0,0.0
2.0,,99,9,99,1,Saskatchewan,1.0,0.2577400854515876,0,0.0
1.0,120000.0,1,1,4,1,Quebec,2.0,0.00014957610213592394,0,0.0
2.0,,6,2,99,9,Nova Scotia,2.0,0.11892288221301943,0,1.0
1.0,77500.0,2,2,2,2,British Columbia,1.0,0.023854241687018014,0,0.0
1.0,27000.0,5,2,3,1,Nova Scotia,1.0,0.32945725195880204,1,0.0
1.0,120000.0,5,2,1,1,Alberta,1.0,0.0013008216227223884,0,0.0
2.0,210000.0,1,1,7,1,British Columbia,1.0,3.432811521081335e-06,0,0.0
2.0,23000.0,5,2,1,2,Nova Scotia,1.0,0.5103209404023548,1,0.0
1.0,240000.0,1,1,4,1,Quebec,1.0,3.184395004404007e-08,0,0.0
2.0,26000.0,5,2,1,2,New Brunswick,1.0,0.3288178565408144,1,0.0
2.0,21000.0,5,2,4,2,Alberta,3.0,0.6971308380425297,1,1.0
1.0,160000.0,1,2,6,1,Ontario,1.0,6.299254339974866e-05,0,0.0
2.0,37000.0,2,2,4,2,Ontario,1.0,0.37142207957001816,1,0.0
1.0,115000.0,5,2,6,2,Nova Scotia,1.0,0.0010305839650662876,0,0.0
2.0,40000.0,6,2,2,1,Saskatchewan,2.0,0.25353924515504866,0,0.0
1.0,44000.0,2,2,2,2,Newfoundland and Labrador,1.0,0.09282265895536328,0,0.0
1.0,125000.0,1,2,4,1,Ontario,1.0,0.0007318988426983784,0,0.0
2.0,38000.0,2,2,2,2,Nova Scotia,1.0,0.26131638582976596,0,0.0
1.0,125000.0,2,2,2,1,British Columbia,3.0,0.0008464762703537514,0,0.0
1.0,31000.0,5,2,2,2,Saskatchewan,2.0,0.2873966075619291,0,1.0
1.0,82500.0,3,1,6,1,Alberta,1.0,0.018011571642849243,0,0.0
2.0,34000.0,2,2,1,2,New Brunswick,1.0,0.21296968130347152,0,0.0
1.0,250000.0,1,1,7,1,Alberta,1.0,1.3557514324450515e-07,0,0.0
1.0,60000.0,5,2,2,1,Saskatchewan,2.0,0.0489607895982399,0,0.0
2.0,27000.0,5,2,4,2,Quebec,2.0,0.15145149937954974,0,1.0
2.0,27000.0,5,2,2,2,British Columbia,3.0,0.5851506981466139,1,1.0
2.0,25000.0,5,2,2,2,Ontario,2.0,0.5833599450818475,1,1.0
1.0,100000.0,3,1,3,1,Quebec,1.0,0.0006202195897552138,0,0.0
1.0,50000.0,1,2,6,1,Ontario,3.0,0.1276230776258467,0,1.0
2.0,62500.0,5,2,4,1,Ontario,1.0,0.09045668040708187,0,0.0
2.0,28000.0,5,2,6,2,Alberta,3.0,0.587388116505708,1,1.0
2.0,55000.0,1,1,2,1,Manitoba,1.0,0.08135894962351625,0,0.0
2.0,210000.0,4,1,4,1,British Columbia,1.0,3.4703056552115506e-06,0,0.0
1.0,135000.0,1,1,5,1,British Columbia,1.0,0.0004186159896702062,0,0.0
1.0,95000.0,2,2,4,1,Newfoundland and Labrador,1.0,0.0027996074915076215,0,0.0
2.0,50000.0,2,2,3,2,Newfoundland and Labrador,1.0,0.09722512691158897,0,0.0
2.0,22000.0,5,2,4,2,Ontario,1.0,0.6366051916783062,1,0.0
1.0,22000.0,5,2,4,2,Manitoba,1.0,0.37997798151527185,1,0.0
1.0,120000.0,2,2,6,1,Manitoba,1.0,0.0005946885967072899,0,0.0
1.0,92500.0,3,1,4,1,Ontario,1.0,0.00725776786621381,0,0.0
2.0,70000.0,99,9,4,1,Prince Edward Island,1.0,0.032413640382383674,0,0.0
1.0,210000.0,1,1,7,1,Alberta,1.0,2.270627470042179e-06,0,0.0
2.0,115000.0,1,2,4,1,Ontario,1.0,0.0023594343391757223,0,0.0
2.0,18500.0,3,1,2,2,Ontario,1.0,0.6825542366839373,1,0.0
2.0,60000.0,3,1,5,1,British Columbia,1.0,0.11854231264968695,0,1.0
2.0,27000.0,5,2,1,2,New Brunswick,3.0,0.31345977607448283,1,1.0
2.0,97500.0,2,2,7,2,Alberta,1.0,0.010280569049761198,0,0.0
2.0,52500.0,5,2,4,1,Saskatchewan,1.0,0.12370456919110692,0,0.0
2.0,,99,2,4,1,Prince Edward Island,2.0,0.050628500247915,0,0.0
2.0,25000.0,5,2,1,2,Newfoundland and Labrador,2.0,0.38940880950792256,1,0.0
2.0,35000.0,5,2,1,1,Ontario,1.0,0.4038235605834224,1,0.0
2.0,41000.0,2,2,2,2,Quebec,1.0,0.05995734688827002,0,0.0
2.0,16500.0,5,2,1,1,Ontario,3.0,0.7137974359584245,1,1.0
1.0,36000.0,2,2,3,2,Newfoundland and Labrador,1.0,0.15321088132384114,0,0.0
1.0,340000.0,2,2,6,1,British Columbia,1.0,2.291912596499798e-10,0,0.0
2.0,29000.0,5,2,4,2,Manitoba,1.0,0.37396385118938236,1,0.0
2.0,26000.0,5,2,1,2,Quebec,1.0,0.1581757673700694,0,0.0
1.0,160000.0,1,1,7,1,Quebec,1.0,9.10403729632441e-06,0,0.0
2.0,50000.0,5,2,4,2,British Columbia,1.0,0.220311030785291,0,0.0
1.0,77500.0,2,2,4,1,Quebec,1.0,0.003036281039200483,0,0.0
2.0,37000.0,5,2,1,1,Newfoundland and Labrador,1.0,0.21240328853868248,0,0.0
2.0,67500.0,1,1,3,1,Quebec,1.0,0.009496280368890038,0,0.0
1.0,82500.0,2,2,4,1,Ontario,2.0,0.01456113291400692,0,0.0
1.0,110000.0,2,2,99,2,Quebec,1.0,0.0005723625780155494,0,0.0
2.0,60000.0,4,1,4,1,Ontario,1.0,0.10424035877631409,0,1.0
2.0,,5,2,1,2,Newfoundland and Labrador,3.0,0.04344084354800668,0,0.0
2.0,41000.0,2,2,3,2,Ontario,2.0,0.3069743297799146,1,1.0
2.0,25000.0,5,2,1,2,New Brunswick,1.0,0.3445507708398865,1,1.0
1.0,185000.0,99,9,6,1,Newfoundland and Labrador,1.0,1.4049381857962531e-05,0,0.0
2.0,22000.0,5,2,6,2,Quebec,1.0,0.20452172185159664,0,0.0
2.0,77500.0,5,2,4,1,Alberta,1.0,0.04060646009137442,0,0.0
1.0,130000.0,1,1,6,1,Newfoundland and Labrador,1.0,0.00023685825242889157,0,0.0
2.0,185000.0,2,2,5,1,British Columbia,1.0,2.010825288412464e-05,0,0.0
2.0,77500.0,6,2,99,1,Newfoundland and Labrador,1.0,0.028431268642536506,0,0.0
1.0,150000.0,1,2,7,1,New Brunswick,1.0,4.8455612926182406e-05,0,0.0
2.0,65000.0,2,2,6,2,Quebec,1.0,0.011916404101273379,0,0.0
2.0,25000.0,5,2,4,2,British Columbia,3.0,0.6218892727422434,1,1.0
1.0,105000.0,2,2,4,2,Saskatchewan,1.0,0.0021521999336573394,0,0.0
1.0,155000.0,5,2,3,2,Newfoundland and Labrador,1.0,4.25784770605811e-05,0,0.0
2.0,185000.0,1,1,4,1,British Columbia,1.0,1.9603995845454576e-05,0,0.0
2.0,95000.0,1,1,7,1,Ontario,1.0,0.009681234274226255,0,0.0
2.0,24000.0,5,2,1,2,New Brunswick,2.0,0.3606319858172706,1,1.0
1.0,62500.0,5,2,4,2,Prince Edward Island,1.0,0.013109183985700134,0,0.0
2.0,30000.0,5,2,1,2,Saskatchewan,1.0,0.40700394319097666,1,0.0
1.0,400000.0,4,2,7,1,New Brunswick,1.0,1.11832575386364e-12,0,0.0
2.0,,99,9,1,1,Quebec,1.0,0.03705136458392157,0,0.0
2.0,22000.0,5,2,2,2,Alberta,1.0,0.6792894907972801,1,0.0
2.0,62500.0,4,2,5,2,Quebec,1.0,0.014370357867034177,0,0.0
1.0,130000.0,2,2,7,1,New Brunswick,1.0,0.00020025958182026554,0,0.0
2.0,,2,2,6,9,Saskatchewan,2.0,0.07189929416395886,0,0.0
1.0,125000.0,2,2,4,1,Ontario,1.0,0.0007392301167645875,0,0.0
1.0,180000.0,2,2,6,1,British Columbia,1.0,1.803255193975116e-05,0,0.0
2.0,26000.0,5,2,1,2,Quebec,1.0,0.1581757673700694,0,0.0
2.0,40000.0,5,2,2,1,Saskatchewan,2.0,0.2516561852097722,0,0.0
1.0,130000.0,3,1,4,1,Ontario,1.0,0.0005203214417554851,0,0.0
2.0,575000.0,5,2,7,2,Nova Scotia,1.0,1.392341929065216e-17,0,0.0
2.0,44000.0,3,1,4,1,Quebec,1.0,0.04901985981869289,0,0.0
2.0,140000.0,5,2,6,1,Alberta,1.0,0.0005241323717288329,0,0.0
1.0,165000.0,1,1,6,1,Alberta,1.0,5.374362244427466e-05,0,0.0
2.0,270000.0,4,2,7,1,British Columbia,1.0,5.207576295068063e-08,0,0.0
1.0,62500.0,3,1,2,1,Alberta,2.0,0.06818978878564753,0,1.0
2.0,10000.0,5,2,3,1,Manitoba,3.0,0.690374174567084,1,1.0
2.0,28000.0,5,2,1,2,Saskatchewan,2.0,0.44140780701762455,1,1.0
1.0,92500.0,99,9,99,1,Manitoba,1.0,0.02048313521475268,0,0.0
1.0,85000.0,4,2,3,2,Nova Scotia,1.0,0.008228272070949321,0,0.0
2.0,29000.0,5,2,2,2,British Columbia,1.0,0.5505862620439015,1,0.0
1.0,190000.0,1,1,7,1,Newfoundland and Labrador,1.0,3.478555659776805e-06,0,0.0
2.0,60000.0,3,1,1,1,Quebec,1.0,0.016116840173147448,0,0.0
2.0,10000.0,5,2,1,2,Alberta,2.0,0.8305656627916681,1,1.0
2.0,87500.0,3,1,4,1,Alberta,1.0,0.01991893452033726,0,0.0
2.0,195000.0,2,2,7,1,Quebec,1.0,1.2577965008679532e-06,0,0.0
2.0,62500.0,3,1,6,1,British Columbia,1.0,0.10191763892453598,0,0.0
2.0,82500.0,6,2,4,1,Alberta,1.0,0.02917919792060211,0,0.0
2.0,82500.0,2,2,7,1,Manitoba,1.0,0.013245192865948432,0,0.0
2.0,35000.0,5,2,99,9,Nova Scotia,2.0,0.48124093416860825,1,1.0
1.0,18000.0,5,2,3,2,Newfoundland and Labrador,1.0,0.39855630648667295,1,0.0
1.0,60000.0,2,2,3,1,Newfoundland and Labrador,1.0,0.03180456457985105,0,0.0
2.0,110000.0,1,1,7,1,British Columbia,1.0,0.003925186225547997,0,0.0
2.0,75000.0,4,1,4,1,Ontario,2.0,0.03887210504395341,0,0.0
1.0,92500.0,1,1,5,1,Saskatchewan,2.0,0.005034962888116101,0,0.0
1.0,62500.0,2,2,2,1,Nova Scotia,1.0,0.037393522720508374,0,0.0
1.0,72500.0,99,9,5,9,Saskatchewan,2.0,0.06265563996906531,0,0.0
2.0,70000.0,3,1,6,1,Manitoba,1.0,0.031203603995187845,0,0.0
2.0,67500.0,5,2,7,1,Ontario,1.0,0.06652739814025616,0,0.0
1.0,340000.0,5,2,5,1,British Columbia,1.0,2.3465737187280697e-10,0,0.0
2.0,27000.0,5,2,3,2,British Columbia,2.0,0.5866921072333252,1,1.0
2.0,170000.0,2,2,4,1,Saskatchewan,1.0,3.477942905262989e-05,0,0.0
2.0,85000.0,5,2,4,1,Newfoundland and Labrador,1.0,0.009254161114549866,0,0.0
1.0,200000.0,4,1,3,1,British Columbia,1.0,4.370456140062885e-06,0,0.0
2.0,41000.0,2,2,4,2,Quebec,1.0,0.06067753406345465,0,0.0
2.0,82500.0,5,2,4,1,Ontario,1.0,0.023724991102855853,0,0.0
2.0,41000.0,5,2,2,2,Manitoba,1.0,0.20206434801023615,0,0.0
2.0,27000.0,2,2,4,2,Ontario,1.0,0.5444947336509826,1,0.0
1.0,200000.0,1,2,4,1,Ontario,1.0,3.713896363421892e-06,0,0.0
1.0,170000.0,1,1,3,1,Quebec,1.0,4.387404330928543e-06,0,0.0
1.0,,99,2,4,1,Saskatchewan,1.0,0.10043604450339746,0,0.0
1.0,92500.0,1,1,3,1,Newfoundland and Labrador,1.0,0.0032536238094615457,0,0.0
2.0,38000.0,5,2,2,1,Newfoundland and Labrador,1.0,0.2018771263739699,0,0.0
1.0,110000.0,2,2,6,1,New Brunswick,1.0,0.0008138621926817845,0,0.0
2.0,29000.0,5,2,2,2,Saskatchewan,2.0,0.42566640937247663,1,1.0
1.0,135000.0,1,2,4,1,Ontario,1.0,0.0003619262972140134,0,0.0
1.0,82500.0,5,2,4,1,Manitoba,1.0,0.008429798893036381,0,0.0
2.0,115000.0,1,1,4,1,Saskatchewan,1.0,0.0016417516529153265,0,0.0
2.0,22000.0,5,2,4,2,New Brunswick,2.0,0.3982773354715692,1,1.0
2.0,11000.0,5,2,2,2,Newfoundland and Labrador,3.0,0.632499783009998,1,1.0
2.0,25000.0,5,2,2,2,Nova Scotia,2.0,0.4766990151890777,1,1.0
1.0,135000.0,1,1,4,1,Saskatchewan,1.0,0.00025168381480083146,0,0.0
2.0,70000.0,99,9,7,2,British Columbia,1.0,0.16072188347315466,0,1.0
1.0,43000.0,5,2,2,2,Saskatchewan,1.0,0.14760023539443115,0,0.0
1.0,125000.0,2,2,6,2,Manitoba,1.0,0.00042459565839290085,0,0.0
2.0,60000.0,3,1,2,1,Ontario,1.0,0.10214148516468512,0,1.0
1.0,35000.0,5,2,2,2,Manitoba,1.0,0.19492953832252333,0,0.0
2.0,38000.0,5,2,2,2,Manitoba,2.0,0.23829132470780529,0,0.0
2.0,28000.0,5,2,1,2,Quebec,1.0,0.14030262330308005,0,0.0
1.0,220000.0,4,1,7,1,British Columbia,2.0,1.0954222257748727e-06,0,0.0
2.0,32000.0,5,2,1,2,New Brunswick,2.0,0.24300406398635696,0,1.0
2.0,67500.0,3,1,4,1,Nova Scotia,1.0,0.042321002208633114,0,0.0
1.0,220000.0,2,2,7,1,British Columbia,1.0,1.0835700500673477e-06,0,0.0
2.0,62500.0,5,2,7,1,Ontario,2.0,0.0920370967788673,0,0.0
2.0,67500.0,2,2,2,1,New Brunswick,1.0,0.024691500882709046,0,0.0
1.0,55000.0,2,2,4,1,Prince Edward Island,2.0,0.02108350235269653,0,0.0
2.0,57500.0,2,2,7,1,British Columbia,2.0,0.13963053959500346,0,0.0
1.0,92500.0,2,2,6,2,Newfoundland and Labrador,1.0,0.0034312009402892815,0,0.0
2.0,92500.0,5,2,2,2,Manitoba,1.0,0.006679654100962565,0,0.0
2.0,90000.0,1,1,6,1,Prince Edward Island,1.0,0.0028926028765564956,0,0.0
1.0,29000.0,5,2,99,9,Newfoundland and Labrador,2.0,0.3845938578893364,1,1.0
1.0,175000.0,4,2,3,1,Alberta,1.0,2.710214100804484e-05,0,0.0
2.0,9500.0,5,2,1,2,Alberta,1.0,0.8354656847851217,1,0.0
2.0,24000.0,5,2,4,1,Quebec,3.0,0.17841759111086278,0,1.0
2.0,77500.0,2,2,7,1,Quebec,1.0,0.00493022535086292,0,0.0
1.0,34000.0,2,2,6,2,Ontario,1.0,0.3165578823920113,1,0.0
1.0,85000.0,2,2,4,2,British Columbia,1.0,0.01438085396973799,0,0.0
2.0,27000.0,5,2,1,2,Ontario,1.0,0.5471876744136126,1,0.0
2.0,38000.0,3,1,2,1,Alberta,2.0,0.3962678767942632,1,1.0
2.0,19000.0,5,2,1,2,Quebec,1.0,0.23529248856730595,0,0.0
2.0,130000.0,2,2,7,1,Quebec,1.0,0.00012260371681577107,0,0.0
2.0,44000.0,5,2,5,2,Ontario,1.0,0.27228798467801235,0,0.0
1.0,,99,9,99,1,Prince Edward Island,1.0,0.061121040320027284,0,0.0
1.0,120000.0,1,2,4,1,Manitoba,1.0,0.0005813601499883926,0,0.0
1.0,185000.0,2,2,7,1,Alberta,1.0,1.347072624796863e-05,0,0.0
1.0,87500.0,5,2,4,1,Newfoundland and Labrador,1.0,0.004882901825150338,0,0.0
2.0,23000.0,5,2,2,1,Ontario,1.0,0.613555132897688,1,0.0
2.0,57500.0,5,2,6,1,Ontario,1.0,0.1253099741185346,0,0.0
2.0,26000.0,5,2,3,2,Ontario,1.0,0.567701097326478,1,0.0
2.0,19500.0,5,2,1,2,Quebec,1.0,0.22901301707494964,0,0.0
2.0,38000.0,2,2,2,2,Saskatchewan,1.0,0.27615959349856095,0,0.0
2.0,,1,1,2,9,Saskatchewan,1.0,0.06898855370897032,0,0.0
2.0,115000.0,99,9,3,1,Manitoba,1.0,0.003702404167345864,0,0.0
1.0,70000.0,99,9,2,2,Newfoundland and Labrador,1.0,0.043917171748879304,0,0.0
2.0,75000.0,2,2,6,2,Prince Edward Island,1.0,0.008564021032180312,0,0.0
2.0,52500.0,2,2,4,1,Newfoundland and Labrador,1.0,0.08215288015536369,0,0.0
2.0,102500.0,6,2,6,1,Newfoundland and Labrador,1.0,0.0027767188069291546,0,0.0
1.0,,99,9,99,9,New Brunswick,1.0,0.11684837043133595,0,0.0
2.0,52500.0,5,2,6,2,Ontario,1.0,0.17142266130345396,0,0.0
2.0,23000.0,5,2,1,2,Alberta,2.0,0.662330723077472,1,1.0
2.0,8750.0,5,2,2,2,New Brunswick,1.0,0.6243851658129322,1,0.0
1.0,47000.0,5,2,2,2,Prince Edward Island,1.0,0.03762025812508436,0,0.0
1.0,23000.0,5,2,4,2,Newfoundland and Labrador,1.0,0.3192073628290341,1,0.0
2.0,41000.0,5,2,4,1,British Columbia,1.0,0.34412726040803615,1,0.0
2.0,45000.0,5,2,4,1,Saskatchewan,3.0,0.19319559464684735,0,1.0
1.0,87500.0,99,9,2,1,Saskatchewan,1.0,0.019781348794688628,0,0.0
2.0,175000.0,3,2,6,1,Ontario,1.0,3.564922725705969e-05,0,0.0
2.0,90000.0,3,2,4,1,Saskatchewan,1.0,0.009757629453637949,0,0.0
2.0,125000.0,2,2,4,1,New Brunswick,1.0,0.00044594155125309763,0,0.0
2.0,35000.0,2,2,4,2,British Columbia,1.0,0.4410455618623739,1,0.0
2.0,170000.0,3,2,7,1,New Brunswick,1.0,1.9280132785707954e-05,0,0.0
2.0,21000.0,5,2,1,2,Nova Scotia,2.0,0.545425400332953,1,1.0
1.0,200000.0,1,1,6,1,Quebec,1.0,5.401468176752596e-07,0,0.0
2.0,35000.0,5,2,4,2,Saskatchewan,1.0,0.32968920662907214,1,0.0
2.0,150000.0,2,2,6,2,Saskatchewan,1.0,0.00014634692472532,0,0.0
1.0,80000.0,3,1,5,1,Quebec,1.0,0.0025656710238332217,0,0.0
2.0,16500.0,5,2,2,2,Quebec,1.0,0.26969553981446776,0,0.0
2.0,67500.0,2,2,4,2,Quebec,1.0,0.009885996422216901,0,0.0
1.0,155000.0,1,1,6,1,Saskatchewan,1.0,6.22977762240111e-05,0,0.0
2.0,105000.0,1,1,4,1,Nova Scotia,1.0,0.0030751480244047454,0,0.0
2.0,62500.0,5,2,6,1,Alberta,1.0,0.10979763355522193,0,0.0
2.0,25000.0,5,2,5,2,Ontario,2.0,0.5879849527017676,1,1.0
1.0,30000.0,5,2,2,2,Alberta,2.0,0.4302718649625454,1,1.0
1.0,90000.0,2,2,5,1,Alberta,1.0,0.010620922301322642,0,0.0
2.0,25000.0,5,2,4,2,Saskatchewan,1.0,0.49874521043488784,1,0.0
2.0,23000.0,5,2,4,2,British Columbia,1.0,0.6544118976004956,1,0.0
2.0,72500.0,2,2,4,1,British Columbia,1.0,0.0524370698036038,0,0.0
2.0,39000.0,99,9,1,9,Newfoundland and Labrador,1.0,0.41857639471560765,1,0.0
1.0,110000.0,1,2,6,1,New Brunswick,1.0,0.0008057913559586577,0,0.0
2.0,23000.0,5,2,1,2,New Brunswick,2.0,0.37703201782466905,1,1.0
2.0,87500.0,99,9,5,1,Nova Scotia,1.0,0.029542744469975103,0,0.0
2.0,28000.0,5,2,2,2,Newfoundland and Labrador,2.0,0.34190502823867525,1,1.0
2.0,24000.0,3,1,2,2,Ontario,2.0,0.5933955758491964,1,1.0
2.0,37000.0,5,2,1,2,Alberta,1.0,0.4224552060333723,1,0.0
2.0,75000.0,1,1,7,1,Ontario,1.0,0.038468274866975134,0,0.0
1.0,92500.0,1,1,3,1,Alberta,1.0,0.008644539298141522,0,0.0
1.0,200000.0,2,2,6,1,Saskatchewan,1.0,2.6656715080520736e-06,0,0.0
1.0,62500.0,2,2,2,2,New Brunswick,1.0,0.022392402446171668,0,0.0
1.0,45000.0,2,2,4,2,Ontario,1.0,0.17402415049015985,0,0.0
2.0,28000.0,5,2,99,2,Newfoundland and Labrador,1.0,0.4903635215795157,1,0.0
2.0,70000.0,5,2,5,1,Quebec,1.0,0.008477862780911135,0,0.0
2.0,23000.0,5,2,1,2,New Brunswick,3.0,0.37703201782466905,1,1.0
2.0,27000.0,5,2,2,2,Quebec,1.0,0.14982575814504215,0,0.0
2.0,50000.0,2,2,4,1,Alberta,1.0,0.22188340467065698,0,0.0
1.0,50000.0,5,2,5,1,Prince Edward Island,2.0,0.030786953781914542,0,0.0
1.0,130000.0,5,2,7,1,Alberta,1.0,0.0006684302154237968,0,0.0
1.0,67500.0,5,2,6,2,New Brunswick,1.0,0.016735652027089744,0,0.0
2.0,43000.0,2,2,1,2,Newfoundland and Labrador,1.0,0.14830592332600723,0,0.0
2.0,145000.0,4,1,5,1,Ontario,1.0,0.00029345856815922623,0,0.0
1.0,200000.0,4,2,6,1,British Columbia,1.0,4.4951403425175875e-06,0,0.0
2.0,43000.0,1,1,2,1,Alberta,1.0,0.3114659655689195,1,0.0
1.0,32000.0,2,2,1,2,Quebec,1.0,0.06964706808108777,0,0.0
2.0,17000.0,5,2,4,2,Ontario,1.0,0.7136025754392651,1,1.0
2.0,75000.0,5,2,3,2,New Brunswick,1.0,0.015470447020308614,0,0.0
1.0,95000.0,1,1,7,1,Ontario,1.0,0.006087386118333399,0,0.0
2.0,23000.0,5,2,1,2,Nova Scotia,1.0,0.5103209404023548,1,0.0
1.0,42000.0,5,2,3,2,Nova Scotia,3.0,0.1477594135926839,0,0.0
1.0,65000.0,3,2,4,2,Saskatchewan,1.0,0.0352008962853945,0,0.0
1.0,230000.0,4,2,6,1,Manitoba,1.0,2.613983590280047e-07,0,0.0
1.0,50000.0,2,2,5,2,Ontario,1.0,0.1297349673713227,0,0.0
2.0,29000.0,5,2,2,2,Ontario,1.0,0.5136848234493188,1,0.0
1.0,35000.0,5,2,5,2,Alberta,3.0,0.35115452436416783,1,1.0
2.0,125000.0,5,2,7,1,Nova Scotia,1.0,0.0008061458834837207,0,0.0
1.0,37000.0,5,2,4,2,Quebec,3.0,0.05238009959800774,0,1.0
1.0,165000.0,2,2,5,1,Newfoundland and Labrador,1.0,2.0376202103040527e-05,0,0.0
2.0,57500.0,5,2,4,1,Newfoundland and Labrador,1.0,0.060892952852492535,0,0.0
2.0,85000.0,1,2,5,1,Alberta,1.0,0.023560366784216507,0,1.0
1.0,95000.0,2,2,6,1,Prince Edward Island,1.0,0.0013007189545273766,0,0.0
1.0,180000.0,2,2,3,1,Newfoundland and Labrador,1.0,6.9923499884373905e-06,0,0.0
1.0,165000.0,2,2,4,1,Manitoba,1.0,2.466359015114797e-05,0,0.0
1.0,95000.0,3,2,6,1,Quebec,1.0,0.0009070541187466408,0,0.0
1.0,87500.0,2,2,4,1,New Brunswick,1.0,0.0039099033620509024,0,0.0
1.0,260000.0,4,1,5,1,British Columbia,1.0,6.457982852214173e-08,0,0.0
2.0,62500.0,2,2,2,1,Manitoba,1.0,0.05052651387456348,0,0.0
2.0,43000.0,5,2,3,9,New Brunswick,1.0,0.14281594411757384,0,0.0
1.0,24000.0,5,2,1,2,New Brunswick,1.0,0.26110846640727264,0,0.0
2.0,42000.0,2,2,2,2,British Columbia,1.0,0.3223863512084135,1,0.0
2.0,15000.0,99,9,2,1,New Brunswick,1.0,0.7414852765068518,1,0.0
1.0,115000.0,2,2,5,2,Alberta,1.0,0.0018690275384606184,0,0.0
1.0,230000.0,99,9,3,1,Newfoundland and Labrador,1.0,5.786592938296931e-07,0,0.0
2.0,75000.0,5,2,7,1,Nova Scotia,1.0,0.026607872132792348,0,0.0
2.0,27000.0,5,2,1,2,Quebec,1.0,0.1490182925732184,0,0.0
2.0,27000.0,5,2,2,2,Manitoba,1.0,0.4044297969919137,1,0.0
2.0,105000.0,1,1,4,1,Alberta,1.0,0.005772195125941649,0,0.0
1.0,35000.0,5,2,1,2,Quebec,1.0,0.058769109232036654,0,1.0
2.0,29000.0,5,2,3,2,New Brunswick,1.0,0.28654952440210457,0,0.0
1.0,,4,1,99,1,Alberta,1.0,0.12040563932634368,0,1.0
2.0,12000.0,5,2,4,2,Ontario,1.0,0.7799254000887726,1,0.0
2.0,46000.0,5,2,1,2,Saskatchewan,1.0,0.18187732012492447,0,0.0
1.0,130000.0,1,2,4,1,Newfoundland and Labrador,1.0,0.00023599865250726416,0,0.0
2.0,39000.0,3,2,2,1,Quebec,1.0,0.0680765195076543,0,0.0
2.0,48000.0,5,2,6,1,Ontario,1.0,0.21861841422498043,0,0.0
2.0,31000.0,3,1,1,2,Quebec,1.0,0.11373258623825365,0,0.0
1.0,155000.0,1,1,7,1,Ontario,1.0,8.934982927750981e-05,0,0.0
2.0,80000.0,5,2,1,2,Newfoundland and Labrador,1.0,0.013061440719043558,0,0.0
2.0,,5,2,1,2,Newfoundland and Labrador,1.0,0.04344084354800668,0,0.0
1.0,57500.0,5,2,4,1,Quebec,1.0,0.012679423471901636,0,0.0
1.0,165000.0,1,1,4,1,Manitoba,1.0,2.4198348340956877e-05,0,0.0
2.0,95000.0,1,2,6,1,Nova Scotia,1.0,0.006337116877824811,0,0.0
2.0,7000.0,5,2,6,1,Ontario,2.0,0.8341056535349333,1,1.0
2.0,,99,9,4,2,New Brunswick,1.0,0.09405557385005117,0,0.0
2.0,,3,1,5,9,Saskatchewan,2.0,0.07153654152142327,0,1.0
2.0,29000.0,5,2,4,2,Ontario,2.0,0.5168584759111775,1,1.0
2.0,39000.0,5,2,2,1,New Brunswick,1.0,0.1626907959287764,0,0.0
1.0,77500.0,2,2,5,2,Ontario,1.0,0.021023292664071457,0,0.0
1.0,97500.0,5,2,6,1,Alberta,1.0,0.006519579331393432,0,0.0
1.0,105000.0,3,2,2,1,Manitoba,1.0,0.001683057581244491,0,0.0
1.0,55000.0,5,2,2,1,Quebec,2.0,0.014897124969657914,0,0.0
1.0,115000.0,5,2,4,1,Quebec,1.0,0.00022340458987319818,0,0.0
1.0,43000.0,2,2,4,2,Alberta,1.0,0.22901139083852134,0,0.0
2.0,47000.0,5,2,1,1,Quebec,1.0,0.04043902633563495,0,0.0
1.0,185000.0,4,1,5,1,Saskatchewan,1.0,7.704728654318509e-06,0,0.0
1.0,30000.0,5,2,6,2,Prince Edward Island,1.0,0.11725542683051718,0,0.0
2.0,25000.0,3,1,4,2,New Brunswick,2.0,0.3423052405703747,1,1.0
1.0,100000.0,6,2,5,1,Alberta,1.0,0.005492159568570081,0,0.0
1.0,87500.0,2,2,3,2,New Brunswick,1.0,0.003944569378057706,0,0.0
2.0,41000.0,99,1,4,9,Nova Scotia,3.0,0.45689214501938663,1,1.0
2.0,23000.0,5,2,4,2,British Columbia,2.0,0.6544118976004956,1,1.0
2.0,13500.0,5,2,6,2,Ontario,1.0,0.7635519093766288,1,0.0
2.0,39000.0,5,2,2,1,Ontario,1.0,0.33960967559956484,1,0.0
2.0,36000.0,3,2,4,2,Ontario,2.0,0.39038613120001114,1,1.0
1.0,65000.0,2,2,4,1,Ontario,2.0,0.04825808932022436,0,0.0
2.0,80000.0,5,2,5,1,British Columbia,1.0,0.03272218766574961,0,0.0
2.0,24000.0,5,2,1,2,Nova Scotia,2.0,0.492708626216116,1,0.0
2.0,95000.0,5,2,7,1,Manitoba,1.0,0.0056999653647780415,0,0.0
1.0,18500.0,5,2,4,2,Nova Scotia,1.0,0.47746869616780424,1,0.0
1.0,115000.0,4,1,4,1,Ontario,1.0,0.0015106383405199555,0,0.0
2.0,29000.0,5,2,2,2,Manitoba,2.0,0.3709938651633891,1,1.0
1.0,130000.0,1,1,6,1,British Columbia,2.0,0.0005990904816334163,0,0.0
1.0,110000.0,1,1,2,1,Quebec,1.0,0.00029872443118464273,0,0.0
2.0,21000.0,5,2,1,2,Nova Scotia,1.0,0.545425400332953,1,0.0
1.0,185000.0,4,2,3,1,British Columbia,1.0,1.2689650960454882e-05,0,0.0
2.0,27000.0,3,2,4,1,Ontario,2.0,0.5431945836285378,1,1.0
2.0,24000.0,5,2,1,2,Nova Scotia,2.0,0.492708626216116,1,1.0
2.0,38000.0,5,2,3,1,Quebec,1.0,0.07447764090094466,0,0.0
2.0,26000.0,5,2,1,2,Saskatchewan,1.0,0.47638355639704333,1,0.0
2.0,230000.0,6,2,6,1,Ontario,1.0,7.622656226670151e-07,0,0.0
1.0,110000.0,5,2,2,1,Ontario,1.0,0.0021608561058701486,0,0.0
2.0,31000.0,6,2,1,1,Ontario,2.0,0.47558055163519175,1,1.0
2.0,55000.0,2,2,5,2,Manitoba,1.0,0.08543399826474181,0,0.0
1.0,210000.0,1,1,6,1,Saskatchewan,1.0,1.2928399621541886e-06,0,0.0
2.0,30000.0,5,2,2,2,Quebec,1.0,0.12484370693525451,0,0.0
2.0,18500.0,5,2,1,2,Quebec,1.0,0.2416901657149436,0,0.0
1.0,135000.0,2,2,4,1,Alberta,1.0,0.00044759302513032787,0,0.0
2.0,,99,9,99,9,Prince Edward Island,2.0,0.10503266238784097,0,0.0
2.0,155000.0,4,2,6,1,British Columbia,1.0,0.00017088606362310015,0,0.0
1.0,95000.0,2,2,2,1,New Brunswick,1.0,0.0022796286731607846,0,0.0
1.0,47500.0,6,2,2,1,Nova Scotia,1.0,0.10420119933184821,0,0.0
1.0,47000.0,5,2,4,2,Quebec,1.0,0.026597029135700296,0,0.0
2.0,85000.0,3,2,3,2,Ontario,1.0,0.019754050309316377,0,0.0
1.0,175000.0,1,2,5,1,Ontario,1.0,2.1755062855914105e-05,0,0.0
2.0,44000.0,5,2,3,2,Manitoba,2.0,0.1710136840361913,0,0.0
2.0,52500.0,5,2,4,1,Saskatchewan,1.0,0.12370456919110692,0,0.0
2.0,17500.0,2,2,1,2,Alberta,1.0,0.7371658638389041,1,0.0
2.0,62500.0,5,2,7,1,Quebec,2.0,0.014476483834148905,0,0.0
2.0,15500.0,5,2,2,2,Quebec,2.0,0.28379574354981163,0,1.0
1.0,110000.0,3,1,7,1,Saskatchewan,1.0,0.001521331005268031,0,0.0
1.0,,2,2,2,2,Prince Edward Island,1.0,0.012568968090480916,0,1.0
1.0,125000.0,2,2,5,1,Newfoundland and Labrador,1.0,0.00034115413942633444,0,0.0
2.0,45000.0,5,2,4,1,Quebec,1.0,0.04712381810884762,0,0.0
1.0,125000.0,3,1,2,1,Manitoba,1.0,0.00040806646835259613,0,0.0
1.0,105000.0,2,2,4,1,Alberta,1.0,0.0036935648925047527,0,0.0
2.0,32000.0,5,2,1,2,Saskatchewan,2.0,0.3734886547702309,1,1.0
1.0,40000.0,5,2,2,1,Ontario,1.0,0.23092698451639182,0,0.0
1.0,90000.0,2,2,6,1,Quebec,2.0,0.0012768400401121358,0,0.0
1.0,33000.0,5,2,6,2,New Brunswick,1.0,0.16211652495603082,0,0.0
2.0,165000.0,3,9,3,1,British Columbia,1.0,8.744094490776917e-05,0,0.0
2.0,23000.0,5,2,2,2,Ontario,2.0,0.6171564423139158,1,1.0
1.0,24000.0,5,2,1,2,Saskatchewan,1.0,0.39622610256537033,1,0.0
2.0,15000.0,5,2,4,2,Newfoundland and Labrador,2.0,0.568033833789175,1,1.0
1.0,70000.0,2,2,7,2,Quebec,1.0,0.005317728699530892,0,0.0
2.0,46000.0,5,2,1,1,Saskatchewan,1.0,0.1796242797651192,0,0.0
1.0,145000.0,4,1,7,1,New Brunswick,1.0,7.036987106466245e-05,0,0.0
1.0,36000.0,5,2,3,2,Newfoundland and Labrador,1.0,0.15713340383733182,0,0.0
2.0,47000.0,3,1,4,1,Manitoba,1.0,0.13851106220255532,0,0.0
2.0,22000.0,5,2,1,2,Nova Scotia,1.0,0.5279076689754427,1,0.0
1.0,120000.0,1,1,5,1,British Columbia,1.0,0.0012035445609778028,0,0.0
1.0,210000.0,1,2,5,1,Ontario,1.0,1.8475580305959816e-06,0,0.0
1.0,320000.0,2,2,7,1,Saskatchewan,1.0,5.710402773962034e-10,0,0.0
2.0,52500.0,5,2,2,1,Alberta,1.0,0.19565884314287016,0,0.0
1.0,260000.0,4,1,6,1,Quebec,1.0,8.120023237103228e-09,0,0.0
1.0,82500.0,5,2,4,1,Alberta,3.0,0.018302363232599237,0,0.0
1.0,175000.0,99,9,5,1,Newfoundland and Labrador,1.0,2.824122663293051e-05,0,0.0
1.0,420000.0,1,1,7,1,Quebec,1.0,1.0079851944375192e-13,0,0.0
1.0,120000.0,2,2,4,2,Newfoundland and Labrador,1.0,0.0004894752494686565,0,0.0
2.0,95000.0,5,2,6,2,New Brunswick,1.0,0.0038982705498842194,0,0.0
2.0,47000.0,5,2,2,1,Quebec,1.0,0.040686277209849124,0,0.0
1.0,80000.0,2,2,6,1,Saskatchewan,1.0,0.012368103866659427,0,0.0
2.0,35000.0,2,2,7,2,New Brunswick,2.0,0.20759975913107562,0,1.0
1.0,48000.0,5,2,1,2,Alberta,2.0,0.17431854599261962,0,0.0
1.0,16000.0,5,2,1,1,Ontario,2.0,0.6181102665411463,1,1.0
2.0,57500.0,5,2,99,9,Quebec,1.0,0.040615557246219194,0,0.0
1.0,120000.0,1,2,99,9,Newfoundland and Labrador,1.0,0.0009852829150980035,0,0.0
1.0,67500.0,1,2,4,2,Quebec,1.0,0.006155295714986901,0,0.0
1.0,85000.0,5,2,4,1,Saskatchewan,1.0,0.008878022636196515,0,0.0
2.0,44000.0,3,9,4,1,Prince Edward Island,2.0,0.074339163268387,0,0.0
1.0,155000.0,1,1,6,1,Quebec,1.0,1.2866755670075381e-05,0,0.0
1.0,65000.0,1,1,2,1,Ontario,3.0,0.04682054485534421,0,0.0
2.0,25000.0,5,2,99,2,Saskatchewan,1.0,0.6453221848388383,1,0.0
1.0,190000.0,4,2,5,1,Saskatchewan,1.0,5.466400813895094e-06,0,0.0
2.0,120000.0,1,1,4,1,Newfoundland and Labrador,1.0,0.0007547617456707071,0,0.0
1.0,155000.0,2,2,4,1,Alberta,1.0,0.00010940743890932312,0,0.0
2.0,18500.0,5,2,4,2,British Columbia,1.0,0.7222292965297524,1,0.0
2.0,85000.0,99,9,4,1,Saskatchewan,1.0,0.03744948339657335,0,0.0
1.0,52500.0,5,2,4,2,Newfoundland and Labrador,1.0,0.055414552157569644,0,0.0
1.0,82500.0,1,1,6,1,Saskatchewan,1.0,0.010197364150807211,0,0.0
2.0,77500.0,1,1,2,1,Saskatchewan,1.0,0.022293588011013478,0,0.0
2.0,16000.0,5,2,4,2,Ontario,2.0,0.7277829113767784,1,1.0
2.0,18000.0,99,9,99,9,Saskatchewan,2.0,0.9001883071763874,1,1.0
2.0,,4,1,2,1,Alberta,1.0,0.10552708159125178,0,0.0
2.0,40000.0,5,2,2,2,Saskatchewan,1.0,0.2545324037330389,0,0.0
1.0,31000.0,5,2,1,2,Manitoba,1.0,0.24180368812859396,0,0.0
2.0,28000.0,5,2,4,2,British Columbia,2.0,0.5710664114775171,1,1.0
1.0,230000.0,1,1,4,1,New Brunswick,1.0,1.6796354565110864e-07,0,0.0
2.0,77500.0,5,2,3,2,Nova Scotia,1.0,0.02218464024425356,0,0.0
1.0,62500.0,5,2,99,9,New Brunswick,1.0,0.046366956718881996,0,0.0
2.0,72500.0,99,9,7,1,Ontario,1.0,0.11999140011082095,0,1.0
1.0,140000.0,2,2,99,9,Alberta,1.0,0.0006498078453581438,0,0.0
1.0,36000.0,5,2,2,2,Ontario,2.0,0.2878107788220509,0,1.0
2.0,24000.0,5,2,2,2,Ontario,2.0,0.6003776542296325,1,1.0
1.0,77500.0,3,2,2,1,Manitoba,1.0,0.011567899576575518,0,0.0
2.0,220000.0,6,2,4,1,Alberta,1.0,1.8644373212160142e-06,0,0.0
2.0,57500.0,3,2,4,1,Ontario,1.0,0.12177431102582907,0,0.0
1.0,,5,2,1,2,Saskatchewan,2.0,0.0417337077778824,0,0.0
1.0,950000.0,1,1,7,1,Prince Edward Island,1.0,8.850096619089218e-30,0,0.0
2.0,70000.0,3,1,2,1,Alberta,2.0,0.0644243574733478,0,0.0
2.0,26000.0,5,2,2,2,Ontario,1.0,0.5661412380792059,1,0.0
2.0,52500.0,5,2,2,2,Ontario,2.0,0.16784315690193638,0,0.0
1.0,170000.0,1,1,2,1,Prince Edward Island,1.0,6.316854030985662e-06,0,0.0
2.0,50000.0,3,2,2,2,Newfoundland and Labrador,2.0,0.09754341762270015,0,0.0
2.0,25000.0,3,1,3,2,Quebec,1.0,0.16551967092505426,0,0.0
1.0,72500.0,5,2,7,2,Quebec,1.0,0.004597670718066501,0,0.0
1.0,52500.0,2,2,4,2,New Brunswick,1.0,0.04482586983877075,0,0.0
2.0,80000.0,5,2,2,1,Saskatchewan,1.0,0.01968366352588957,0,0.0
2.0,12500.0,5,2,1,2,Quebec,2.0,0.3272405477691063,1,1.0
1.0,105000.0,2,2,6,2,Quebec,1.0,0.00045093696012893933,0,0.0
2.0,10500.0,5,2,2,2,Ontario,1.0,0.7954687800124207,1,1.0
1.0,67500.0,5,2,7,1,Alberta,1.0,0.0518412606691249,0,0.0
1.0,105000.0,5,2,2,1,Saskatchewan,1.0,0.002156501856490964,0,0.0
2.0,23000.0,5,2,1,2,Nova Scotia,2.0,0.5103209404023548,1,1.0
1.0,,99,9,6,9,Alberta,1.0,0.19191584088051017,0,0.0
1.0,170000.0,1,1,6,1,Alberta,1.0,3.7786617986861913e-05,0,0.0
2.0,77500.0,99,9,3,1,Nova Scotia,1.0,0.05732072887645113,0,0.0
1.0,440000.0,1,2,7,1,Saskatchewan,1.0,1.2034685216635557e-13,0,0.0
2.0,42000.0,3,9,4,2,New Brunswick,1.0,0.14451919364788765,0,0.0
1.0,77500.0,1,1,6,1,Saskatchewan,2.0,0.014441672664072909,0,0.0
1.0,87500.0,1,2,4,2,British Columbia,2.0,0.011967871371635314,0,0.0
1.0,52500.0,5,2,4,2,New Brunswick,1.0,0.04612465506813999,0,0.0
1.0,220000.0,4,1,6,1,Quebec,1.0,1.3599531880119556e-07,0,0.0
2.0,29000.0,5,2,1,2,Nova Scotia,2.0,0.405776376045397,1,1.0
2.0,32000.0,5,2,2,2,Ontario,3.0,0.4609251908024616,1,1.0
1.0,115000.0,3,2,6,1,Saskatchewan,2.0,0.0010730072169972285,0,0.0
1.0,62500.0,5,2,5,2,Alberta,1.0,0.07232303221284776,0,0.0
2.0,23000.0,5,2,2,2,Newfoundland and Labrador,2.0,0.42493904603390914,1,1.0
2.0,,99,9,6,1,Prince Edward Island,1.0,0.054418808322649385,0,0.0
1.0,65000.0,2,2,2,2,Nova Scotia,1.0,0.03201305013032155,0,0.0
1.0,62500.0,4,2,4,1,British Columbia,1.0,0.06677284606449486,0,0.0
2.0,200000.0,2,2,6,1,Ontario,1.0,6.06389925290541e-06,0,0.0
2.0,22000.0,5,2,4,2,Ontario,1.0,0.6366051916783062,1,0.0
1.0,47500.0,2,2,1,2,Ontario,1.0,0.1477228123986515,0,0.0
2.0,85000.0,5,2,6,1,New Brunswick,1.0,0.007737111300624466,0,0.0
1.0,62500.0,2,2,2,1,Ontario,1.0,0.056343573306494234,0,0.0
2.0,19500.0,5,2,1,1,Manitoba,1.0,0.5299190569363534,1,0.0
2.0,90000.0,4,2,4,1,Quebec,1.0,0.0020512466079622544,0,0.0
2.0,57500.0,1,2,1,2,Quebec,1.0,0.019243271255995793,0,0.0
2.0,51000.0,3,2,4,1,Ontario,1.0,0.1797912454160581,0,0.0
1.0,44000.0,5,2,3,1,Quebec,1.0,0.031978345050094524,0,0.0
1.0,25000.0,3,2,1,2,Nova Scotia,1.0,0.35728528694886064,1,0.0
2.0,87500.0,2,2,2,1,Alberta,1.0,0.01965494881202372,0,0.0
2.0,43000.0,2,2,4,2,Prince Edward Island,2.0,0.07518367750169078,0,0.0
2.0,35000.0,5,2,2,1,Prince Edward Island,1.0,0.12520881878456497,0,0.0
2.0,50000.0,2,2,4,1,Nova Scotia,2.0,0.13157173391576849,0,0.0
2.0,26000.0,5,2,1,2,Alberta,1.0,0.61356594100125,1,0.0
1.0,23000.0,5,2,6,2,Ontario,1.0,0.5088281038111753,1,0.0
1.0,190000.0,2,2,4,2,British Columbia,1.0,8.936325182313016e-06,0,0.0
1.0,210000.0,2,2,6,1,Quebec,1.0,2.721391507183875e-07,0,0.0
2.0,24000.0,5,2,1,2,Nova Scotia,2.0,0.492708626216116,1,1.0
1.0,125000.0,1,1,2,1,Quebec,1.0,0.00010384076243026399,0,0.0
2.0,46000.0,2,2,6,2,Ontario,2.0,0.2409406923295731,0,0.0
1.0,38000.0,2,2,7,2,Quebec,3.0,0.04848748927127318,0,0.0
2.0,18500.0,5,2,2,2,British Columbia,1.0,0.7196730077156892,1,0.0
2.0,24000.0,5,2,6,2,British Columbia,2.0,0.6412373571984159,1,1.0
1.0,23000.0,5,2,3,2,Nova Scotia,1.0,0.3980499665909643,1,0.0
1.0,135000.0,1,1,6,1,Quebec,1.0,5.265445784494197e-05,0,0.0
1.0,90000.0,2,2,7,1,Manitoba,2.0,0.004933264555533601,0,0.0
2.0,125000.0,2,2,6,1,Ontario,1.0,0.0011944643556199954,0,0.0
1.0,85000.0,2,2,99,9,Saskatchewan,1.0,0.01763805491215775,0,0.0
2.0,32000.0,3,1,4,2,Alberta,2.0,0.5074056276286144,1,1.0
2.0,80000.0,5,2,2,1,Alberta,1.0,0.03385511649081611,0,0.0
2.0,24000.0,5,2,2,2,Quebec,2.0,0.17878562255243813,0,1.0
2.0,25000.0,5,2,2,2,Quebec,1.0,0.16867403153560903,0,0.0
1.0,38000.0,5,2,4,2,Alberta,1.0,0.3032872033868524,1,0.0
2.0,75000.0,1,1,4,1,British Columbia,1.0,0.04354384017748865,0,1.0
2.0,220000.0,6,2,4,1,British Columbia,1.0,1.765953781393998e-06,0,0.0
2.0,55000.0,5,2,6,2,Manitoba,1.0,0.08831139070483619,0,0.0
2.0,49000.0,5,2,6,1,Quebec,2.0,0.03640978158180275,0,0.0
1.0,140000.0,2,2,7,1,Nova Scotia,1.0,0.0001704644856823093,0,0.0
2.0,,5,2,99,2,Nova Scotia,2.0,0.1072493767749484,0,1.0
2.0,31000.0,5,2,2,2,New Brunswick,1.0,0.2574108900347399,0,0.0
1.0,390000.0,1,1,4,1,Alberta,1.0,6.918612101694246e-12,0,0.0
1.0,200000.0,1,1,6,1,Saskatchewan,1.0,2.615386509086976e-06,0,0.0
2.0,35000.0,5,2,3,2,Quebec,1.0,0.09168165818296438,0,0.0
1.0,175000.0,2,2,2,1,Alberta,1.0,2.639861653283302e-05,0,0.0
2.0,250000.0,6,2,6,1,Nova Scotia,1.0,1.2118262544984268e-07,0,0.0
2.0,77500.0,99,9,6,1,Manitoba,1.0,0.050504936001006195,0,0.0
2.0,52500.0,5,2,4,2,Quebec,1.0,0.02875072597648884,0,0.0
2.0,12000.0,5,2,2,2,Nova Scotia,3.0,0.6948032292262584,1,1.0
1.0,155000.0,3,1,6,1,Manitoba,1.0,5.057639555178306e-05,0,0.0
2.0,105000.0,2,2,7,2,British Columbia,1.0,0.005766749400243874,0,0.0
1.0,150000.0,2,2,4,1,Ontario,1.0,0.00012707684028286502,0,0.0
2.0,100000.0,3,2,2,2,Quebec,1.0,0.0010074834357708536,0,0.0
2.0,52500.0,3,2,2,1,Ontario,2.0,0.16298896612113592,0,1.0
2.0,30000.0,6,2,4,2,British Columbia,2.0,0.5387380399591434,1,1.0
2.0,23000.0,5,2,1,2,Ontario,2.0,0.6156542183305252,1,1.0
1.0,135000.0,1,1,4,1,Prince Edward Island,1.0,7.532864134858226e-05,0,0.0
2.0,125000.0,6,2,6,1,Quebec,1.0,0.000180319352197682,0,0.0
1.0,14000.0,5,2,1,1,British Columbia,3.0,0.6836801007839847,1,1.0
1.0,75000.0,2,2,5,2,British Columbia,1.0,0.0288478653765991,0,0.0
1.0,145000.0,2,2,3,1,Ontario,1.0,0.00017958921761082697,0,0.0
1.0,97500.0,1,1,7,1,Quebec,1.0,0.000743640336709837,0,0.0
1.0,100000.0,1,1,6,1,Newfoundland and Labrador,1.0,0.001957561724468887,0,0.0
1.0,250000.0,1,2,6,1,Ontario,1.0,1.1101745885095462e-07,0,0.0
2.0,19000.0,6,2,2,1,Manitoba,1.0,0.5427393252370858,1,0.0
1.0,87500.0,5,2,7,1,Ontario,2.0,0.010792693245106675,0,0.0
2.0,72500.0,2,2,6,1,Newfoundland and Labrador,1.0,0.02167067846662108,0,0.0
1.0,105000.0,4,1,7,1,Manitoba,1.0,0.001738855116254124,0,0.0
1.0,145000.0,2,2,2,2,Manitoba,1.0,0.00010118029487491018,0,0.0
1.0,50000.0,5,2,4,1,Manitoba,1.0,0.07743934234602463,0,0.0
2.0,48000.0,5,2,4,1,Alberta,2.0,0.2527711244440071,0,1.0
1.0,92500.0,5,2,2,1,Ontario,1.0,0.007376246550728281,0,0.0
2.0,22000.0,5,2,3,2,Alberta,1.0,0.6806720011227341,1,1.0
2.0,39000.0,5,2,2,2,Saskatchewan,2.0,0.26813091013738666,0,0.0
2.0,200000.0,1,2,4,1,New Brunswick,1.0,2.239758842488503e-06,0,0.0
1.0,77500.0,5,2,7,2,Ontario,1.0,0.021918810562234575,0,0.0
1.0,230000.0,1,1,6,1,Quebec,1.0,6.524345793693532e-08,0,0.0
2.0,28000.0,5,2,4,1,Quebec,1.0,0.14076698844994837,0,0.0
1.0,115000.0,2,2,4,1,Alberta,1.0,0.0018292200994548414,0,0.0
1.0,50000.0,5,2,6,2,Alberta,1.0,0.15916248832471752,0,1.0
1.0,105000.0,99,9,7,1,Saskatchewan,3.0,0.006034132938043207,0,0.0
2.0,22000.0,5,2,2,2,New Brunswick,2.0,0.3952361611896752,1,1.0
1.0,115000.0,1,1,2,1,Manitoba,1.0,0.0008088814234606959,0,0.0
2.0,55000.0,5,2,4,1,Newfoundland and Labrador,1.0,0.07177958949827451,0,0.0
2.0,39000.0,3,1,4,1,Alberta,3.0,0.38253769167438934,1,1.0
2.0,37000.0,5,2,4,1,Manitoba,1.0,0.2508429336427043,0,0.0
2.0,9500.0,5,2,2,2,Nova Scotia,2.0,0.7308255172998094,1,1.0
2.0,220000.0,1,1,6,1,Ontario,1.0,1.4537838339385935e-06,0,0.0
1.0,92500.0,5,2,4,1,British Columbia,1.0,0.008653557698962526,0,0.0
2.0,21000.0,5,2,1,2,New Brunswick,1.0,0.41065685648814243,1,0.0
1.0,82500.0,3,2,4,1,Ontario,1.0,0.014704950178517133,0,0.0
1.0,135000.0,2,2,6,1,Quebec,1.0,5.366677258755036e-05,0,0.0
2.0,50000.0,5,2,4,1,Manitoba,1.0,0.11815019019364859,0,0.0
2.0,25000.0,5,2,4,2,Alberta,2.0,0.6345631791717555,1,1.0
2.0,27000.0,6,2,5,2,Nova Scotia,2.0,0.44889116926954165,1,1.0
2.0,29000.0,5,2,2,2,Quebec,3.0,0.13274734455529572,0,0.0
1.0,360000.0,2,2,6,1,Alberta,1.0,5.912663696673218e-11,0,0.0
2.0,33000.0,5,2,2,2,Quebec,1.0,0.10351997255071096,0,0.0
1.0,120000.0,1,1,6,1,Alberta,1.0,0.0012786662123870772,0,0.0
2.0,20000.0,5,2,2,1,Saskatchewan,3.0,0.5791646353289351,1,1.0
1.0,125000.0,3,2,7,1,New Brunswick,1.0,0.00028766230620900043,0,0.0
1.0,190000.0,1,2,3,1,Saskatchewan,1.0,5.238269907676367e-06,0,0.0
1.0,39000.0,5,2,2,1,Nova Scotia,2.0,0.17329101771012062,0,0.0
2.0,12000.0,5,2,2,2,Ontario,1.0,0.7777366772583613,1,0.0
2.0,92500.0,2,2,4,1,Quebec,1.0,0.0016866114885249668,0,0.0
2.0,22000.0,5,2,1,2,Saskatchewan,2.0,0.546686764387108,1,1.0
2.0,140000.0,4,1,3,1,Alberta,1.0,0.0005045464709991108,0,0.0
1.0,145000.0,1,1,6,1,Manitoba,1.0,0.0001002892569013241,0,0.0
2.0,,5,2,6,9,New Brunswick,1.0,0.041211569733481564,0,0.0
2.0,60000.0,2,2,4,2,Quebec,1.0,0.016654633723831195,0,0.0
2.0,92500.0,99,9,6,1,Nova Scotia,1.0,0.02108543461445536,0,0.0
1.0,,5,2,2,9,Alberta,1.0,0.07841394584295126,0,0.0
1.0,44000.0,5,2,4,2,Alberta,1.0,0.22193315902301133,0,0.0
2.0,50000.0,3,1,2,1,Nova Scotia,1.0,0.13022907364189856,0,0.0
2.0,20000.0,5,2,2,2,Ontario,2.0,0.6657149876588166,1,1.0
2.0,25000.0,5,2,1,2,Nova Scotia,1.0,0.4751143912015125,1,0.0
2.0,60000.0,1,1,6,1,Ontario,1.0,0.10264371182048936,0,1.0
1.0,155000.0,1,2,4,1,Ontario,1.0,8.846175662604993e-05,0,0.0
1.0,77500.0,2,2,2,1,Quebec,1.0,0.002998059526414943,0,0.0
2.0,37000.0,2,2,1,2,Nova Scotia,1.0,0.2738782796755602,0,0.0
2.0,16000.0,5,2,4,2,Ontario,2.0,0.7277829113767784,1,1.0
2.0,67500.0,2,2,99,9,Manitoba,1.0,0.07258059847342951,0,0.0
1.0,48000.0,5,2,4,1,Nova Scotia,1.0,0.10120665947845954,0,0.0
2.0,38000.0,99,9,7,2,New Brunswick,1.0,0.3728916950344233,1,0.0
1.0,67500.0,3,1,2,1,British Columbia,2.0,0.04646890099837411,0,0.0
1.0,155000.0,2,2,7,2,Nova Scotia,1.0,6.015921592979814e-05,0,0.0
1.0,140000.0,1,1,3,1,Manitoba,1.0,0.00013994438686755912,0,0.0
1.0,38000.0,5,2,5,1,Quebec,2.0,0.048579899403016116,0,0.0
2.0,44000.0,5,2,4,9,Newfoundland and Labrador,1.0,0.1593706190283173,0,0.0
1.0,,99,9,7,9,Prince Edward Island,1.0,0.039369131384224335,0,0.0
1.0,120000.0,2,2,2,1,Ontario,1.0,0.0010378326574163573,0,0.0
2.0,85000.0,3,1,4,1,Ontario,1.0,0.01940979571421918,0,0.0
1.0,90000.0,2,2,6,2,Quebec,1.0,0.0012963905735701926,0,0.0
1.0,185000.0,1,2,7,1,British Columbia,1.0,1.2632552129808811e-05,0,0.0
2.0,20000.0,5,2,3,2,Nova Scotia,1.0,0.5659553308767876,1,0.0
1.0,140000.0,1,1,6,1,Quebec,1.0,3.702082498264541e-05,0,0.0
2.0,105000.0,1,1,4,1,Alberta,1.0,0.005772195125941649,0,0.0
2.0,48000.0,5,2,2,1,New Brunswick,1.0,0.09342992121654012,0,0.0
2.0,49000.0,1,1,5,1,British Columbia,1.0,0.2224878936708002,0,0.0
1.0,185000.0,5,2,4,2,Ontario,1.0,1.1291431461215428e-05,0,0.0
1.0,125000.0,1,1,6,1,Manitoba,1.0,0.00041030150866974165,0,0.0
2.0,85000.0,5,2,7,1,Saskatchewan,1.0,0.014363378180174554,0,0.0
2.0,24000.0,5,2,99,2,Nova Scotia,2.0,0.6441566313774678,1,1.0
1.0,52500.0,5,2,6,2,Quebec,1.0,0.01843663846402878,0,0.0
1.0,130000.0,2,2,6,1,Ontario,1.0,0.0005264954505826684,0,0.0
2.0,55000.0,2,2,1,2,Manitoba,1.0,0.0834691577966636,0,0.0
1.0,115000.0,2,2,6,2,Nova Scotia,1.0,0.001000233145298006,0,0.0
1.0,95000.0,2,2,2,1,Manitoba,1.0,0.00336532053657216,0,0.0
2.0,23000.0,5,2,2,1,Manitoba,3.0,0.469929449275843,1,0.0
2.0,25000.0,5,2,1,2,Quebec,1.0,0.16778503298482783,0,0.0
2.0,47000.0,2,2,1,2,Ontario,1.0,0.22274297552383304,0,0.0
2.0,10500.0,5,2,99,9,Newfoundland and Labrador,3.0,0.7859959089972534,1,1.0
2.0,32000.0,99,9,2,2,Newfoundland and Labrador,1.0,0.5161012009083662,1,1.0
2.0,28000.0,5,2,1,2,Quebec,1.0,0.14030262330308005,0,0.0
2.0,75000.0,1,1,4,1,Newfoundland and Labrador,2.0,0.01767484620681326,0,0.0
2.0,62500.0,5,2,5,1,Quebec,1.0,0.014296315123386511,0,0.0
1.0,160000.0,1,1,7,1,British Columbia,1.0,7.286268312612694e-05,0,0.0
2.0,38000.0,5,2,2,1,British Columbia,3.0,0.39024316973209816,1,1.0
1.0,29000.0,5,2,4,2,Nova Scotia,1.0,0.3036478649493629,1,0.0
1.0,80000.0,1,1,7,1,New Brunswick,1.0,0.006614329595240355,0,0.0
1.0,95000.0,1,1,4,1,Alberta,1.0,0.007304487827301173,0,0.0
2.0,60000.0,2,2,2,2,Ontario,1.0,0.10346139880627546,0,0.0
2.0,19500.0,5,2,1,2,Newfoundland and Labrador,1.0,0.4844341829056608,1,0.0
2.0,36000.0,5,2,4,2,New Brunswick,1.0,0.19796710933673828,0,0.0
1.0,30000.0,5,2,2,2,British Columbia,1.0,0.41702199088106134,1,0.0
1.0,115000.0,6,2,1,1,British Columbia,1.0,0.0017691845998455587,0,0.0
2.0,60000.0,5,2,6,2,Nova Scotia,2.0,0.07351828797413289,0,0.0
2.0,38000.0,5,2,2,2,Ontario,2.0,0.3590794713251984,1,1.0
2.0,8250.0,5,2,4,2,Newfoundland and Labrador,1.0,0.6790522515471913,1,0.0
1.0,32000.0,5,2,5,2,Alberta,1.0,0.4006886253038907,1,0.0
2.0,24000.0,5,2,3,1,British Columbia,2.0,0.633314759267354,1,1.0
1.0,135000.0,1,2,7,1,Ontario,1.0,0.0003688881153381422,0,0.0
1.0,200000.0,2,2,6,1,Ontario,1.0,3.799092668178924e-06,0,0.0
1.0,29000.0,5,2,3,2,British Columbia,1.0,0.43580622309648004,1,0.0
2.0,42000.0,5,2,4,1,Ontario,1.0,0.2965670613292243,0,0.0
2.0,95000.0,3,2,6,1,Nova Scotia,1.0,0.0064639773073085945,0,0.0
2.0,18000.0,3,1,2,1,Alberta,3.0,0.7287131915689906,1,1.0
2.0,27000.0,5,2,3,2,Quebec,2.0,0.15063682452665508,0,1.0
1.0,155000.0,1,2,4,1,New Brunswick,1.0,3.3425447313048695e-05,0,0.0
2.0,70000.0,3,1,4,1,Ontario,2.0,0.05388464588451093,0,0.0
2.0,90000.0,1,1,6,1,Quebec,1.0,0.0019981359129616584,0,0.0
2.0,110000.0,5,2,4,1,New Brunswick,1.0,0.0013209320051614775,0,0.0
2.0,62500.0,3,2,4,1,Ontario,2.0,0.08882877964518718,0,0.0
1.0,85000.0,2,2,2,1,Prince Edward Island,1.0,0.0025620616105947575,0,0.0
2.0,165000.0,4,1,4,1,Alberta,1.0,8.726948561054301e-05,0,0.0
1.0,110000.0,2,2,2,1,Ontario,1.0,0.002097288521483901,0,0.0
1.0,67500.0,5,2,7,1,New Brunswick,1.0,0.01659044662550474,0,0.0
2.0,60000.0,3,1,4,1,Nova Scotia,1.0,0.06973285218841654,0,0.0
1.0,180000.0,2,2,3,1,New Brunswick,1.0,5.763451226853866e-06,0,0.0
1.0,36000.0,2,2,3,2,Prince Edward Island,1.0,0.07653343046424826,0,0.0
2.0,135000.0,99,2,4,1,New Brunswick,1.0,0.0005799765952612594,0,0.0
2.0,145000.0,3,2,2,1,Ontario,1.0,0.00028765967261365564,0,0.0
1.0,50000.0,5,2,3,2,Manitoba,1.0,0.07807483674486941,0,0.0
1.0,140000.0,1,1,4,1,Quebec,1.0,3.655341270245146e-05,0,0.0
1.0,950000.0,3,1,2,1,British Columbia,1.0,4.831269608373796e-29,0,0.0
2.0,16500.0,5,2,1,2,Newfoundland and Labrador,2.0,0.5372031584397191,1,1.0
2.0,31000.0,5,2,2,2,Quebec,1.0,0.11734697073448372,0,0.0
1.0,220000.0,2,2,6,1,Ontario,1.0,9.283201181190289e-07,0,0.0
1.0,120000.0,2,2,6,1,Alberta,1.0,0.0013032186470339569,0,0.0
1.0,175000.0,2,2,6,2,Ontario,1.0,2.24521985078215e-05,0,0.0
2.0,75000.0,5,2,4,1,British Columbia,1.0,0.04562940593723838,0,0.0
1.0,125000.0,1,1,3,1,Ontario,1.0,0.000720705352695733,0,0.0
2.0,,3,1,6,1,Nova Scotia,1.0,0.05984782140006299,0,0.0
2.0,140000.0,2,2,4,1,Quebec,1.0,5.946505506575851e-05,0,0.0
2.0,220000.0,2,2,6,2,Prince Edward Island,1.0,3.158882483709668e-07,0,0.0
1.0,62500.0,2,2,7,1,Nova Scotia,1.0,0.038553911993164984,0,0.0
1.0,150000.0,2,2,5,1,Quebec,2.0,1.8534207697154718e-05,0,0.0
1.0,100000.0,2,2,7,2,British Columbia,1.0,0.005141936266581395,0,0.0
2.0,14500.0,5,2,2,2,Ontario,3.0,0.7458087407499892,1,1.0
2.0,18500.0,5,2,2,1,Alberta,3.0,0.727483763123345,1,0.0
2.0,72500.0,1,1,4,1,British Columbia,1.0,0.0514988399819404,0,0.0
2.0,42000.0,3,2,2,1,Ontario,2.0,0.28980027423387694,0,1.0
1.0,85000.0,2,2,4,1,Nova Scotia,1.0,0.007996462309053825,0,0.0
1.0,170000.0,2,2,6,1,British Columbia,1.0,3.647882710981077e-05,0,0.0
2.0,11500.0,5,2,1,2,Nova Scotia,2.0,0.7008916242168739,1,1.0
2.0,36000.0,5,2,4,2,Quebec,1.0,0.08648123127795206,0,0.0
2.0,23000.0,5,2,6,2,Saskatchewan,2.0,0.5370822153197171,1,1.0
2.0,29000.0,5,2,2,2,Prince Edward Island,1.0,0.1815258141248678,0,0.0
2.0,55000.0,1,1,2,1,Quebec,1.0,0.02246771729245924,0,0.0
2.0,,99,9,4,9,Prince Edward Island,1.0,0.06030870771706116,0,0.0
1.0,150000.0,2,2,7,1,New Brunswick,1.0,4.8941317723377214e-05,0,0.0
1.0,55000.0,2,2,2,2,Ontario,1.0,0.09324432395738616,0,0.0
1.0,60000.0,2,2,3,1,Alberta,2.0,0.08067265998233604,0,0.0
1.0,62500.0,5,2,2,2,Alberta,1.0,0.0710546445343936,0,0.0
1.0,43000.0,1,2,4,2,British Columbia,1.0,0.21786621688522567,0,0.0
1.0,77500.0,5,2,3,1,British Columbia,1.0,0.0243495990599672,0,0.0
2.0,40000.0,3,1,3,1,Alberta,1.0,0.36456584793542557,1,0.0
2.0,55000.0,5,2,3,2,Saskatchewan,1.0,0.10668219720261918,0,0.0
1.0,67500.0,5,2,2,1,Quebec,1.0,0.006228989388629498,0,0.0
2.0,25000.0,5,2,2,2,British Columbia,1.0,0.618896832232649,1,0.0
1.0,120000.0,2,2,3,1,Alberta,1.0,0.0012786462885932919,0,0.0
1.0,280000.0,4,1,7,1,New Brunswick,1.0,5.206304416194262e-09,0,0.0
2.0,22000.0,5,2,4,2,Ontario,1.0,0.6366051916783062,1,0.0
1.0,67500.0,2,2,5,1,Ontario,1.0,0.041031421900776105,0,0.0
2.0,,99,9,1,2,Alberta,1.0,0.24819004198623904,0,0.0
2.0,25000.0,3,1,1,2,Ontario,1.0,0.5747382914372939,1,0.0
2.0,27000.0,5,2,1,2,Alberta,1.0,0.5967326163698692,1,0.0
2.0,95000.0,1,2,2,1,Saskatchewan,1.0,0.00666074261384331,0,0.0
1.0,380000.0,1,1,7,1,British Columbia,1.0,1.3512002559101082e-11,0,0.0
1.0,110000.0,1,1,6,1,Alberta,1.0,0.0025833376132359523,0,0.0
2.0,62500.0,2,2,4,1,Alberta,1.0,0.10569973438820834,0,0.0
2.0,44000.0,1,1,2,2,Alberta,1.0,0.2997441109500197,0,0.0
1.0,140000.0,2,2,4,2,Ontario,1.0,0.0002609803454047605,0,0.0
2.0,85000.0,2,2,4,1,Ontario,1.0,0.019392589386859706,0,0.0
2.0,27000.0,5,2,3,2,Alberta,2.0,0.5997865508962421,1,1.0
2.0,175000.0,4,2,6,1,Saskatchewan,1.0,2.5264613522387463e-05,0,0.0
1.0,34000.0,5,2,2,2,Ontario,1.0,0.3175343897728915,1,0.0
2.0,100000.0,5,2,6,1,Ontario,1.0,0.007121360464785829,0,0.0
2.0,250000.0,1,1,7,1,Ontario,1.0,1.7671951683008888e-07,0,0.0
2.0,85000.0,4,2,2,1,Quebec,1.0,0.002878294866417724,0,0.0
2.0,97500.0,1,1,2,1,Alberta,1.0,0.00963003704838409,0,0.0
2.0,23000.0,5,2,2,2,Quebec,1.0,0.18936530192523993,0,0.0
1.0,190000.0,2,2,7,1,Ontario,1.0,7.734443058833893e-06,0,0.0
1.0,62500.0,2,2,3,1,Newfoundland and Labrador,1.0,0.02680575440898451,0,0.0
2.0,145000.0,99,9,5,9,Newfoundland and Labrador,1.0,0.0004213314862392492,0,0.0
1.0,67500.0,5,2,6,1,Quebec,2.0,0.006388291122120689,0,0.0
1.0,87500.0,2,2,7,2,Nova Scotia,1.0,0.0069461629536360136,0,0.0
1.0,160000.0,5,2,5,1,New Brunswick,1.0,2.4613394155696942e-05,0,0.0
2.0,65000.0,2,2,7,1,Alberta,1.0,0.09174414726449993,0,0.0
2.0,41000.0,5,2,4,1,Quebec,1.0,0.061521245508696185,0,0.0
2.0,85000.0,5,2,3,1,Saskatchewan,1.0,0.014008009244742088,0,0.0
2.0,60000.0,3,1,2,1,Ontario,1.0,0.10214148516468512,0,0.0
2.0,85000.0,3,2,4,1,British Columbia,1.0,0.022642581388588493,0,0.0
1.0,,2,2,99,1,Saskatchewan,2.0,0.07200199221739195,0,1.0
2.0,105000.0,1,1,7,1,Quebec,1.0,0.0006997796527251252,0,0.0
1.0,,99,2,3,2,Prince Edward Island,1.0,0.03260893106143009,0,0.0
1.0,450000.0,2,2,4,1,Manitoba,1.0,4.69141619779592e-14,0,0.0
2.0,85000.0,2,2,3,1,Newfoundland and Labrador,1.0,0.008927415445039505,0,0.0
1.0,200000.0,1,1,7,1,Nova Scotia,1.0,2.4405404131873054e-06,0,0.0
1.0,210000.0,1,2,7,1,Alberta,1.0,2.291315397192136e-06,0,0.0
2.0,33000.0,5,2,3,1,British Columbia,3.0,0.4781012729275726,1,1.0
2.0,30000.0,5,2,1,2,Alberta,1.0,0.5450023223942586,1,0.0
2.0,42000.0,2,2,1,2,New Brunswick,1.0,0.13345213497409752,0,0.0
1.0,65000.0,2,2,4,1,British Columbia,1.0,0.05554347108677718,0,0.0
2.0,60000.0,5,2,6,1,New Brunswick,1.0,0.04341644122009614,0,0.0
1.0,115000.0,5,2,7,2,Ontario,1.0,0.0015932384128790637,0,0.0
1.0,95000.0,5,2,2,2,New Brunswick,1.0,0.002384633319886084,0,0.0
1.0,130000.0,2,2,4,2,Quebec,1.0,7.652104680349818e-05,0,0.0
2.0,13500.0,5,2,6,1,British Columbia,3.0,0.7867296351988186,1,1.0
2.0,21000.0,5,2,6,2,British Columbia,2.0,0.6882842605395714,1,1.0
2.0,46000.0,2,2,1,2,Ontario,2.0,0.23517891487054396,0,1.0
2.0,24000.0,5,2,1,2,Nova Scotia,2.0,0.492708626216116,1,1.0
2.0,115000.0,1,1,4,1,Ontario,2.0,0.0023381811387151114,0,0.0
2.0,52500.0,2,2,1,2,Ontario,2.0,0.16283727216759084,0,0.0
1.0,115000.0,2,2,3,2,Nova Scotia,1.0,0.0009813680045079158,0,0.0
2.0,85000.0,5,2,2,2,Ontario,1.0,0.020019033787587105,0,0.0
2.0,24000.0,5,2,2,1,British Columbia,3.0,0.6318381154912172,1,1.0
2.0,105000.0,2,2,7,1,Ontario,1.0,0.004901184116868503,0,0.0
1.0,170000.0,6,2,7,1,Ontario,1.0,3.294037829991678e-05,0,0.0
2.0,28000.0,5,2,1,2,Quebec,3.0,0.14030262330308005,0,0.0
2.0,14000.0,5,2,99,2,Manitoba,3.0,0.7586272117479987,1,1.0
2.0,,6,2,99,1,Manitoba,1.0,0.09302499535517507,0,0.0
1.0,62500.0,5,2,4,2,New Brunswick,1.0,0.023344848887274405,0,0.0
1.0,55000.0,2,2,5,2,Saskatchewan,1.0,0.06850414461657037,0,0.0
2.0,14500.0,5,2,1,2,Ontario,1.0,0.7446024234770249,1,0.0
1.0,230000.0,1,2,4,2,Ontario,1.0,4.554744409340568e-07,0,0.0
1.0,320000.0,4,1,5,1,Saskatchewan,1.0,5.699974816102325e-10,0,0.0
2.0,62500.0,2,2,7,2,Ontario,1.0,0.09081538404353857,0,0.0
2.0,110000.0,2,2,6,1,Alberta,1.0,0.004195872826186054,0,0.0
2.0,42000.0,5,2,1,1,Ontario,2.0,0.2926063857592545,0,1.0
2.0,24000.0,5,2,1,2,New Brunswick,2.0,0.3606319858172706,1,1.0
1.0,49000.0,5,2,3,1,Ontario,2.0,0.13813754647679438,0,0.0
2.0,39000.0,5,2,4,1,British Columbia,1.0,0.37659152154706155,1,0.0
2.0,25000.0,5,2,1,2,Saskatchewan,1.0,0.49398055870464086,1,0.0
2.0,19500.0,5,2,2,2,Quebec,1.0,0.2301367167731268,0,0.0
2.0,43000.0,2,2,6,1,Alberta,1.0,0.3210790148523063,1,1.0
1.0,26000.0,5,2,2,2,Quebec,1.0,0.1059206637732974,0,0.0
1.0,57500.0,6,2,4,1,Saskatchewan,1.0,0.05909411591448005,0,0.0
1.0,260000.0,1,1,7,1,Quebec,1.0,7.930875299538397e-09,0,0.0
1.0,19500.0,5,2,2,2,Saskatchewan,1.0,0.47556843075984684,1,0.0
1.0,65000.0,2,2,1,2,Nova Scotia,1.0,0.03181675843704438,0,0.0
2.0,23000.0,5,2,3,2,Ontario,1.0,0.6186564316837296,1,0.0
2.0,90000.0,1,1,7,1,Saskatchewan,1.0,0.00966187276318699,0,0.0
2.0,33000.0,5,2,4,1,Ontario,1.0,0.4428546678592356,1,0.0
1.0,26000.0,5,2,2,2,Saskatchewan,1.0,0.3645253978521045,1,0.0
2.0,27000.0,5,2,1,2,Newfoundland and Labrador,2.0,0.35647143276523,1,1.0
1.0,,99,2,6,9,Prince Edward Island,1.0,0.03681108546146473,0,0.0
1.0,115000.0,2,2,4,1,Ontario,1.0,0.001494318043926976,0,0.0
2.0,23000.0,5,2,4,2,Ontario,2.0,0.6201541612176819,1,1.0
2.0,60000.0,2,2,3,2,Quebec,2.0,0.016550903747905066,0,0.0
2.0,43000.0,5,2,6,1,New Brunswick,1.0,0.13070294781863623,0,0.0
2.0,27000.0,5,2,2,2,Saskatchewan,2.0,0.4604229535415592,1,0.0
1.0,160000.0,2,2,7,1,Ontario,1.0,6.402943273347918e-05,0,0.0
2.0,22000.0,5,2,2,2,New Brunswick,2.0,0.3952361611896752,1,1.0
2.0,20000.0,5,2,1,2,Quebec,1.0,0.2228522935069105,0,0.0
1.0,320000.0,1,1,4,1,Ontario,1.0,7.834155174565813e-10,0,0.0
1.0,82500.0,5,2,5,1,Alberta,1.0,0.018416864619412887,0,0.0
1.0,155000.0,1,1,7,1,Alberta,1.0,0.00010940914568569573,0,0.0
2.0,23000.0,5,2,4,2,Nova Scotia,2.0,0.515082769177372,1,1.0
1.0,32000.0,5,2,2,2,Prince Edward Island,2.0,0.10110482387027608,0,0.0
2.0,140000.0,1,1,5,1,Ontario,1.0,0.0004050408510859492,0,0.0
2.0,6750.0,5,2,4,1,Manitoba,2.0,0.7383109861764403,1,1.0
1.0,45000.0,5,2,6,2,Saskatchewan,1.0,0.13365174358822948,0,0.0
2.0,26000.0,5,2,4,2,Alberta,1.0,0.6180751660582819,1,0.0
1.0,57500.0,1,2,3,1,Saskatchewan,1.0,0.05604431792564479,0,0.0
2.0,62500.0,1,1,7,2,Ontario,1.0,0.08925515234095262,0,0.0
1.0,160000.0,1,2,7,1,Newfoundland and Labrador,1.0,2.9060420795191727e-05,0,0.0
1.0,70000.0,5,2,1,2,Ontario,1.0,0.0352998680401055,0,0.0
2.0,27000.0,5,2,1,1,Ontario,1.0,0.543415120475637,1,0.0
1.0,210000.0,1,1,5,1,Quebec,1.0,2.6531455303203376e-07,0,0.0
2.0,67500.0,5,2,6,2,Quebec,2.0,0.010312102114705526,0,0.0
2.0,62500.0,2,2,6,1,Nova Scotia,1.0,0.05979695370659487,0,0.0
1.0,420000.0,4,2,6,1,Alberta,1.0,8.800282608060712e-13,0,0.0
2.0,57500.0,5,2,2,1,British Columbia,2.0,0.13940923136724317,0,0.0
2.0,24000.0,5,2,3,2,British Columbia,2.0,0.6368409192856773,1,0.0
2.0,26000.0,5,2,3,2,New Brunswick,1.0,0.3316282153311844,1,0.0
2.0,110000.0,99,9,6,1,Ontario,1.0,0.009555759942249994,0,0.0
2.0,30000.0,5,2,2,2,Alberta,1.0,0.5465773134332466,1,0.0
2.0,37000.0,5,2,2,1,Nova Scotia,1.0,0.2780865296138526,0,0.0
1.0,57500.0,2,2,2,2,Manitoba,1.0,0.04593513909913091,0,0.0
2.0,50000.0,2,2,7,1,Quebec,2.0,0.033250955005763014,0,0.0
1.0,80000.0,3,2,3,1,Quebec,1.0,0.002556381366871882,0,0.0
1.0,100000.0,2,2,6,2,Ontario,1.0,0.0044084656616297044,0,0.0
1.0,22000.0,5,2,2,2,New Brunswick,1.0,0.29050192050717855,0,0.0
1.0,82500.0,2,2,4,1,New Brunswick,1.0,0.005551947435064494,0,0.0
1.0,135000.0,99,9,6,2,Manitoba,1.0,0.0005883938281539335,0,0.0
2.0,49000.0,5,2,6,1,Quebec,1.0,0.03640978158180275,0,0.0
2.0,21000.0,5,2,2,2,Ontario,1.0,0.6498569516235062,1,0.0
1.0,135000.0,1,1,4,1,Alberta,1.0,0.0004391533545039993,0,0.0
2.0,25000.0,5,2,5,2,Manitoba,1.0,0.44347591241076867,1,0.0
2.0,26000.0,5,2,4,2,Ontario,2.0,0.5692596152949436,1,1.0
2.0,57500.0,3,1,1,1,Alberta,1.0,0.14169184421092806,0,0.0
1.0,140000.0,2,2,4,1,Ontario,1.0,0.0002570405489736638,0,0.0
2.0,18000.0,5,2,1,2,Quebec,1.0,0.24820533623668659,0,0.0
2.0,92500.0,5,2,4,1,Ontario,1.0,0.011870150328503927,0,0.0
1.0,39000.0,2,2,1,2,British Columbia,1.0,0.2678807819998358,0,0.0
2.0,27000.0,5,2,4,2,Saskatchewan,1.0,0.4635812231754475,1,0.0
2.0,31000.0,5,2,6,2,Ontario,2.0,0.4848175693838789,1,1.0
1.0,41000.0,2,2,4,2,New Brunswick,1.0,0.09544865967430931,0,0.0
1.0,24000.0,5,2,4,1,Ontario,2.0,0.48423952275520643,1,1.0
1.0,39000.0,2,2,5,2,British Columbia,1.0,0.2728941021041323,0,0.0
2.0,32000.0,3,1,4,2,Alberta,1.0,0.5074056276286144,1,0.0
1.0,200000.0,4,1,6,1,Manitoba,1.0,2.1445595065388278e-06,0,0.0
2.0,15500.0,5,2,4,2,Ontario,1.0,0.7347059527646219,1,0.0
2.0,22000.0,5,2,1,2,Nova Scotia,2.0,0.5279076689754427,1,1.0
2.0,22000.0,5,2,1,2,Ontario,2.0,0.6321845494787132,1,1.0
1.0,170000.0,2,2,4,1,Saskatchewan,1.0,2.1789888902036177e-05,0,0.0
1.0,90000.0,4,2,2,2,British Columbia,1.0,0.010227285263348962,0,0.0
2.0,70000.0,3,1,3,1,Quebec,1.0,0.008134220829469123,0,0.0
2.0,20000.0,5,2,2,2,New Brunswick,1.0,0.42936554185354275,1,0.0
2.0,115000.0,1,2,6,1,Manitoba,1.0,0.0013356867790866042,0,0.0
2.0,60000.0,5,2,4,1,Ontario,1.0,0.10603204342938512,0,0.0
2.0,87500.0,3,1,6,1,Alberta,1.0,0.020168512211340542,0,0.0
1.0,95000.0,5,2,6,1,Nova Scotia,1.0,0.0041409934413744924,0,0.0
2.0,23000.0,5,2,2,2,Ontario,2.0,0.6171564423139158,1,1.0
1.0,100000.0,2,2,4,1,Newfoundland and Labrador,1.0,0.001969982947236013,0,0.0
1.0,175000.0,2,2,3,1,New Brunswick,1.0,8.197424173051468e-06,0,0.0
2.0,21000.0,5,2,4,2,British Columbia,3.0,0.6855515908395129,1,1.0
1.0,36000.0,5,2,2,2,Ontario,1.0,0.2878107788220509,0,0.0
1.0,82500.0,2,2,7,1,Newfoundland and Labrador,1.0,0.006856364939287242,0,0.0
1.0,180000.0,2,2,7,1,Saskatchewan,1.0,1.0978564913010868e-05,0,0.0
1.0,105000.0,6,2,5,1,Saskatchewan,1.0,0.0022198906038297457,0,0.0
1.0,95000.0,2,2,4,1,New Brunswick,1.0,0.0023087122995744534,0,0.0
1.0,135000.0,1,2,6,1,New Brunswick,1.0,0.00013852664502993063,0,0.0
2.0,27000.0,5,2,2,1,Newfoundland and Labrador,2.0,0.3544411042519931,1,0.0
1.0,82500.0,2,2,99,1,Quebec,1.0,0.0039002457471116777,0,0.0
2.0,130000.0,1,1,7,1,Quebec,1.0,0.00012029120296466979,0,0.0
1.0,175000.0,2,2,4,1,Alberta,1.0,2.673618185280233e-05,0,0.0
1.0,47000.0,5,2,3,1,Newfoundland and Labrador,3.0,0.07799126822621057,0,0.0
1.0,28000.0,5,2,2,1,Quebec,1.0,0.09201855315803523,0,0.0
1.0,45000.0,5,2,3,1,Nova Scotia,1.0,0.12143932076760564,0,0.0
1.0,210000.0,5,2,6,1,Alberta,1.0,2.369478477343555e-06,0,0.0
1.0,26000.0,5,2,6,2,Saskatchewan,1.0,0.3704322550564307,1,0.0
2.0,120000.0,5,2,2,1,Manitoba,1.0,0.0009531592887490321,0,0.0
1.0,240000.0,1,1,7,1,Ontario,1.0,2.239768368365761e-07,0,0.0
2.0,25000.0,5,2,2,2,New Brunswick,3.0,0.34598697477406176,1,1.0
2.0,42000.0,5,2,5,2,Manitoba,2.0,0.1939040726473772,0,0.0
2.0,31000.0,5,2,7,1,Quebec,1.0,0.11907216274506636,0,0.0
2.0,29000.0,5,2,1,2,Quebec,1.0,0.1320176282460274,0,0.0
2.0,150000.0,2,2,6,1,British Columbia,1.0,0.00023823725517050094,0,0.0
1.0,80000.0,2,2,4,2,New Brunswick,1.0,0.006714952366892695,0,0.0
1.0,55000.0,2,2,3,2,Newfoundland and Labrador,1.0,0.04528992932484214,0,0.0
2.0,17000.0,5,2,6,2,Saskatchewan,2.0,0.6390734350124903,1,1.0
1.0,200000.0,1,1,6,1,Quebec,1.0,5.401468176752596e-07,0,0.0
2.0,17500.0,5,2,1,2,Quebec,1.0,0.2548371130144276,0,0.0
1.0,52500.0,5,2,6,1,British Columbia,3.0,0.1289696801232676,0,0.0
1.0,77500.0,5,2,4,1,New Brunswick,1.0,0.008115504487456036,0,0.0
2.0,,99,9,99,9,Saskatchewan,1.0,0.28170371059862326,0,0.0
2.0,25000.0,5,2,2,2,Quebec,1.0,0.16867403153560903,0,0.0
1.0,440000.0,1,1,7,1,Saskatchewan,1.0,1.1926025685667052e-13,0,0.0
1.0,195000.0,1,2,6,1,Saskatchewan,1.0,3.75379215613685e-06,0,0.0
2.0,80000.0,3,1,4,1,Alberta,2.0,0.03332560812287082,0,0.0
1.0,97500.0,3,1,4,1,Ontario,3.0,0.0051138046991894585,0,0.0
2.0,29000.0,3,1,2,2,New Brunswick,1.0,0.27937310444501,0,0.0
2.0,185000.0,1,1,5,1,New Brunswick,1.0,6.426983100254536e-06,0,0.0
1.0,140000.0,6,2,4,1,British Columbia,1.0,0.0003102456873340604,0,0.0
1.0,440000.0,5,2,7,1,Manitoba,1.0,9.967093465030899e-14,0,0.0
1.0,250000.0,3,2,6,1,Ontario,1.0,1.1325433570353024e-07,0,0.0
2.0,190000.0,2,2,7,1,Ontario,1.0,1.2345256499697738e-05,0,0.0
1.0,65000.0,5,2,4,1,Saskatchewan,1.0,0.03536200466195795,0,0.0
1.0,87500.0,5,2,4,2,Newfoundland and Labrador,1.0,0.004957393059246078,0,0.0
2.0,95000.0,3,1,7,2,Quebec,1.0,0.0014651822696293598,0,0.0
2.0,22000.0,5,2,2,2,Alberta,3.0,0.6792894907972801,1,1.0
1.0,57500.0,5,2,3,2,Newfoundland and Labrador,1.0,0.039371592095275645,0,0.0
1.0,67500.0,1,1,5,1,Quebec,1.0,0.0060465653111576555,0,0.0
1.0,220000.0,2,2,3,1,New Brunswick,1.0,3.4412659155010424e-07,0,0.0
2.0,50000.0,3,1,2,1,Quebec,1.0,0.032273054704449924,0,0.0
2.0,35000.0,5,2,1,2,Alberta,1.0,0.45715825596512183,1,0.0
1.0,200000.0,2,2,7,1,Ontario,1.0,3.8233060089979845e-06,0,0.0
1.0,220000.0,1,1,5,1,British Columbia,1.0,1.049706457705137e-06,0,0.0
1.0,190000.0,2,2,6,1,British Columbia,1.0,8.913935068954108e-06,0,0.0
1.0,57500.0,1,1,4,1,British Columbia,2.0,0.0891499159094198,0,1.0
2.0,24000.0,5,2,3,2,Nova Scotia,3.0,0.495884828839709,1,1.0
2.0,55000.0,3,1,4,1,Manitoba,2.0,0.08383318441795282,0,0.0
2.0,22000.0,5,2,3,2,Ontario,3.0,0.6351341645519113,1,1.0
1.0,230000.0,5,2,6,1,Alberta,1.0,5.789888154497317e-07,0,0.0
2.0,23000.0,5,2,1,2,Prince Edward Island,1.0,0.2516834183548845,0,1.0
1.0,105000.0,2,2,6,2,Manitoba,1.0,0.0017353578640441614,0,0.0
2.0,60000.0,5,2,2,2,Quebec,1.0,0.016938949286732247,0,0.0
1.0,95000.0,2,2,4,1,Alberta,1.0,0.00744388326625534,0,0.0
2.0,230000.0,5,2,7,1,Ontario,1.0,7.595104264217375e-07,0,0.0
2.0,90000.0,3,2,4,1,New Brunswick,1.0,0.005278080617542647,0,0.0
1.0,170000.0,4,2,6,1,Alberta,1.0,3.928906548439702e-05,0,0.0
1.0,60000.0,5,2,2,2,Saskatchewan,1.0,0.04967414582630754,0,0.0
1.0,,99,9,99,1,New Brunswick,2.0,0.10486119147314359,0,1.0
1.0,55000.0,99,9,6,1,New Brunswick,3.0,0.09914463797178243,0,0.0
2.0,240000.0,4,1,6,1,Manitoba,1.0,2.0438323777599155e-07,0,0.0
1.0,55000.0,5,2,3,2,Alberta,1.0,0.11549320282777034,0,0.0
1.0,220000.0,2,2,6,1,Quebec,1.0,1.3452388440300737e-07,0,0.0
1.0,,5,2,5,1,Manitoba,1.0,0.03382908573653947,0,0.0
2.0,100000.0,2,2,7,1,Quebec,1.0,0.0010141245370263916,0,0.0
2.0,25000.0,3,1,2,2,Newfoundland and Labrador,1.0,0.3840334200674927,1,0.0
2.0,30000.0,5,2,7,2,New Brunswick,1.0,0.2774299664834906,0,0.0
1.0,140000.0,4,1,6,1,British Columbia,2.0,0.00030522756232911435,0,0.0
1.0,87500.0,2,2,7,2,British Columbia,1.0,0.01231609832172124,0,0.0
1.0,75000.0,5,2,4,2,British Columbia,1.0,0.029515567486122274,0,0.0
2.0,62500.0,5,2,7,2,Quebec,1.0,0.01469516893805847,0,0.0
2.0,25000.0,5,2,2,2,New Brunswick,1.0,0.34598697477406176,1,0.0
2.0,90000.0,2,2,2,9,Newfoundland and Labrador,1.0,0.007057523459021178,0,0.0
2.0,105000.0,3,2,5,1,New Brunswick,1.0,0.0018524254599330103,0,0.0
2.0,29000.0,5,2,2,2,Ontario,1.0,0.5136848234493188,1,0.0
2.0,23000.0,5,2,2,2,Quebec,1.0,0.18936530192523993,0,0.0
1.0,67500.0,5,2,4,1,Saskatchewan,2.0,0.02982128371150434,0,0.0
2.0,,3,9,2,9,Manitoba,1.0,0.06075514257362271,0,0.0
2.0,110000.0,1,1,7,1,Prince Edward Island,1.0,0.0007128743345772393,0,0.0
2.0,105000.0,2,2,6,1,Ontario,1.0,0.0048702955319196075,0,0.0
1.0,280000.0,4,1,4,1,Alberta,1.0,1.6554758574949025e-08,0,0.0
2.0,75000.0,3,1,6,2,British Columbia,1.0,0.045581669210027806,0,1.0
2.0,16500.0,5,2,2,2,Saskatchewan,2.0,0.6413343786203689,1,1.0
2.0,26000.0,5,2,4,2,Alberta,2.0,0.6180751660582819,1,1.0
1.0,29000.0,3,1,7,2,Quebec,1.0,0.08772553265851482,0,0.0
1.0,85000.0,2,2,2,1,Saskatchewan,1.0,0.008510664871863112,0,0.0
1.0,220000.0,1,2,4,1,Alberta,1.0,1.111261201747079e-06,0,0.0
2.0,27000.0,5,2,4,2,Ontario,2.0,0.5519057881880568,1,1.0
1.0,70000.0,1,1,4,1,New Brunswick,1.0,0.01304308346373741,0,0.0
1.0,33000.0,5,2,4,2,Saskatchewan,1.0,0.2618703956658381,0,1.0
2.0,21000.0,5,2,1,2,Quebec,1.0,0.21088844043770955,0,0.0
2.0,10000.0,5,2,2,2,Manitoba,1.0,0.6922652786794333,1,0.0
2.0,80000.0,99,9,7,1,Ontario,1.0,0.07440314771798712,0,0.0
2.0,100000.0,2,2,7,1,Quebec,1.0,0.0010141245370263916,0,0.0
2.0,11000.0,5,2,2,2,New Brunswick,1.0,0.5865386470585763,1,1.0
2.0,57500.0,3,9,99,1,Ontario,1.0,0.21270680118158225,0,0.0
1.0,145000.0,1,1,4,1,Alberta,1.0,0.00021713057061441575,0,0.0
2.0,200000.0,3,2,7,1,Ontario,1.0,6.1637198979549064e-06,0,0.0
2.0,21000.0,5,2,1,2,New Brunswick,1.0,0.41065685648814243,1,1.0
1.0,82500.0,5,2,6,1,Quebec,1.0,0.00222951871024005,0,0.0
1.0,175000.0,1,1,6,1,Saskatchewan,1.0,1.5223328461600244e-05,0,0.0
2.0,105000.0,1,1,6,1,British Columbia,1.0,0.0055385099118458,0,0.0
1.0,160000.0,2,2,6,1,Newfoundland and Labrador,1.0,2.9165837238838503e-05,0,0.0
1.0,110000.0,5,2,6,1,Ontario,1.0,0.002216350413927149,0,0.0
1.0,155000.0,2,2,6,1,Alberta,1.0,0.0001108063399502627,0,0.0
1.0,42000.0,2,2,4,2,New Brunswick,2.0,0.08953647565694546,0,0.0
2.0,52500.0,5,2,3,1,Ontario,1.0,0.16660903477380687,0,0.0
1.0,38000.0,5,2,2,2,New Brunswick,1.0,0.11709183678757111,0,0.0
2.0,92500.0,5,2,5,1,Ontario,1.0,0.011944900788807932,0,0.0
1.0,27000.0,5,2,1,2,Saskatchewan,1.0,0.3469243246539128,1,0.0
2.0,125000.0,4,1,6,1,Alberta,1.0,0.0014782332391856947,0,0.0
1.0,210000.0,1,2,4,1,Manitoba,1.0,1.025114077110725e-06,0,0.0
2.0,67500.0,6,2,4,1,Alberta,1.0,0.07959752815297642,0,0.0
2.0,82500.0,99,9,3,9,Newfoundland and Labrador,1.0,0.0329008858531117,0,0.0
2.0,24000.0,5,2,1,2,Saskatchewan,1.0,0.5115924874003118,1,0.0
2.0,25000.0,5,2,3,2,Saskatchewan,2.0,0.49715692513232485,1,1.0
2.0,23000.0,5,2,3,2,British Columbia,2.0,0.6529736590242514,1,1.0
1.0,38000.0,5,2,4,2,British Columbia,1.0,0.2919439308810452,0,0.0
2.0,140000.0,3,2,4,1,Nova Scotia,1.0,0.00026959892279562915,0,0.0
2.0,45000.0,5,2,4,1,Prince Edward Island,1.0,0.06686540692621462,0,0.0
2.0,45000.0,3,2,1,2,Alberta,1.0,0.289809656204358,0,0.0
1.0,120000.0,2,2,3,2,Nova Scotia,1.0,0.0006901803949306098,0,0.0
2.0,55000.0,5,2,4,1,Ontario,1.0,0.14434726644843782,0,0.0
2.0,,5,2,6,1,Prince Edward Island,1.0,0.020710996512662214,0,0.0
2.0,25000.0,5,2,1,2,Newfoundland and Labrador,1.0,0.38940880950792256,1,0.0
2.0,90000.0,3,1,2,1,Manitoba,1.0,0.0076143461792085735,0,0.0
2.0,31000.0,5,2,7,1,Quebec,1.0,0.11907216274506636,0,0.0
1.0,80000.0,2,2,3,1,Ontario,1.0,0.0172093798344741,0,0.0
2.0,70000.0,5,2,6,1,Quebec,1.0,0.00853143526944081,0,0.0
1.0,100000.0,2,2,2,1,British Columbia,1.0,0.00490710558775438,0,0.0
2.0,42000.0,5,2,7,1,New Brunswick,1.0,0.13968036519900145,0,0.0
1.0,170000.0,1,1,7,1,Quebec,1.0,4.50032980311298e-06,0,0.0
2.0,,2,2,2,1,Alberta,1.0,0.10450462641578438,0,0.0
1.0,155000.0,1,1,2,1,Alberta,1.0,0.00010598861045351527,0,0.0
2.0,70000.0,6,2,2,1,British Columbia,1.0,0.06350973319181992,0,0.0
1.0,130000.0,2,2,3,2,Newfoundland and Labrador,1.0,0.0002404850274211264,0,0.0
2.0,12500.0,5,2,4,2,British Columbia,1.0,0.7987162013374804,1,0.0
2.0,22000.0,5,2,4,2,Quebec,1.0,0.20246222751307247,0,0.0
2.0,70000.0,2,2,5,1,British Columbia,1.0,0.06228161803399193,0,0.0
2.0,47000.0,99,9,2,2,Newfoundland and Labrador,1.0,0.2704322242402795,0,0.0
2.0,67500.0,1,1,4,1,Quebec,1.0,0.009556226318307518,0,0.0
2.0,,99,9,4,1,Manitoba,3.0,0.1312777754709783,0,0.0
1.0,28000.0,5,2,1,2,Manitoba,1.0,0.2826317325416823,0,0.0
2.0,77500.0,5,2,6,1,New Brunswick,1.0,0.013053870740851169,0,0.0
1.0,100000.0,5,2,3,1,Alberta,1.0,0.005369656396254165,0,0.0
2.0,8250.0,5,2,2,2,New Brunswick,1.0,0.632610376502354,1,0.0
1.0,60000.0,99,9,4,9,Nova Scotia,1.0,0.1293654198271112,0,0.0
1.0,210000.0,1,1,7,1,Saskatchewan,1.0,1.3010798384400074e-06,0,0.0
2.0,57500.0,5,2,4,1,British Columbia,1.0,0.14094068182646635,0,0.0
2.0,14000.0,5,2,2,2,Alberta,3.0,0.7882094475949113,1,1.0
1.0,125000.0,2,2,7,1,Alberta,1.0,0.0009224570880079971,0,0.0
2.0,25000.0,5,2,4,2,Ontario,3.0,0.5864449665028731,1,0.0
2.0,85000.0,5,2,4,1,Alberta,1.0,0.024344511752145758,0,0.0
1.0,,1,2,6,9,Saskatchewan,1.0,0.04585020015556543,0,0.0
2.0,160000.0,3,2,2,1,British Columbia,1.0,0.00011597547091312586,0,0.0
2.0,26000.0,5,2,5,2,Ontario,1.0,0.5708167623010444,1,0.0
2.0,48000.0,5,2,7,1,British Columbia,1.0,0.24617904006893024,0,0.0
1.0,195000.0,1,1,7,1,Quebec,1.0,7.731553158634981e-07,0,0.0
2.0,23000.0,5,2,4,2,Quebec,1.0,0.19132353092366666,0,0.0
2.0,28000.0,5,2,2,2,Quebec,1.0,0.14107069135679,0,0.0
2.0,,2,2,3,2,Nova Scotia,1.0,0.05958117252334327,0,0.0
2.0,20000.0,5,2,1,2,Quebec,2.0,0.2228522935069105,0,0.0
1.0,45000.0,2,2,1,2,New Brunswick,1.0,0.0724440165779643,0,0.0
2.0,38000.0,2,2,3,2,Quebec,1.0,0.07347015393292909,0,0.0
2.0,87500.0,5,2,4,1,Quebec,1.0,0.002469820431761156,0,0.0
2.0,160000.0,2,2,7,1,British Columbia,1.0,0.00011853024203498742,0,0.0
1.0,150000.0,2,2,6,1,British Columbia,1.0,0.0001492709332606184,0,0.0
1.0,130000.0,1,1,6,1,British Columbia,1.0,0.0005990904816334163,0,0.0
2.0,95000.0,5,2,4,1,Ontario,1.0,0.009972215654265692,0,0.0
2.0,29000.0,2,2,4,2,Ontario,3.0,0.5093830516207746,1,1.0
1.0,170000.0,4,1,2,1,British Columbia,1.0,3.5952485880410766e-05,0,0.0
1.0,145000.0,3,2,7,1,Newfoundland and Labrador,1.0,8.529597909801046e-05,0,0.0
2.0,50000.0,5,2,3,1,Saskatchewan,1.0,0.14331597456498366,0,0.0
1.0,80000.0,99,9,3,1,New Brunswick,1.0,0.01821271962310597,0,0.0
2.0,220000.0,5,2,6,1,British Columbia,1.0,1.7707853433135391e-06,0,0.0
1.0,165000.0,1,2,6,1,Newfoundland and Labrador,1.0,2.030255410331163e-05,0,0.0
2.0,72500.0,6,2,2,1,Quebec,1.0,0.007054491131790677,0,0.0
1.0,49000.0,2,2,2,2,Quebec,1.0,0.022236290506026955,0,0.0
2.0,105000.0,5,2,3,1,Nova Scotia,1.0,0.0032085943287972567,0,0.0
1.0,120000.0,2,2,4,1,Alberta,1.0,0.0012867852259758994,0,0.0
2.0,32000.0,5,2,5,9,British Columbia,2.0,0.5292750364935527,1,0.0
2.0,23000.0,5,2,1,2,New Brunswick,1.0,0.37703201782466905,1,0.0
2.0,,1,9,6,1,Saskatchewan,1.0,0.06747866804816723,0,0.0
1.0,195000.0,1,1,4,1,Ontario,1.0,5.234629738744606e-06,0,0.0
2.0,52500.0,5,2,4,1,Ontario,1.0,0.16749305642396992,0,0.0
2.0,80000.0,1,1,4,1,British Columbia,1.0,0.03101576706214434,0,0.0
1.0,165000.0,4,1,6,1,Alberta,1.0,5.537599722648847e-05,0,0.0
1.0,200000.0,1,2,7,1,Ontario,1.0,3.7853609533131006e-06,0,0.0
2.0,55000.0,5,2,7,1,Ontario,3.0,0.14671735322155843,0,0.0
2.0,47000.0,5,2,6,1,Alberta,2.0,0.2687992155877909,0,0.0
1.0,85000.0,2,2,4,1,Prince Edward Island,1.0,0.00259473916079016,0,0.0
1.0,70000.0,5,2,6,1,Alberta,1.0,0.043570290503996134,0,0.0
1.0,60000.0,2,2,2,2,Alberta,1.0,0.08133234892237295,0,0.0
2.0,24000.0,5,2,1,2,Alberta,3.0,0.646397417460991,1,1.0
2.0,75000.0,2,2,7,1,Ontario,2.0,0.03917891373960709,0,0.0
1.0,90000.0,2,2,6,1,Nova Scotia,2.0,0.005707179080410254,0,0.0
1.0,,3,9,3,1,Nova Scotia,2.0,0.04037504850167674,0,0.0
1.0,50000.0,5,2,2,1,New Brunswick,1.0,0.05310263811937968,0,0.0
2.0,87500.0,5,2,4,1,Ontario,1.0,0.01679888304153523,0,0.0
2.0,32000.0,99,9,6,1,British Columbia,2.0,0.7316358433678332,1,1.0
1.0,45000.0,4,2,4,2,New Brunswick,1.0,0.07510933075550642,0,0.0
1.0,87500.0,2,2,4,2,Quebec,1.0,0.001526214123283919,0,0.0
2.0,43000.0,2,2,5,2,Quebec,1.0,0.05344649467560258,0,0.0
1.0,110000.0,1,1,6,1,Prince Edward Island,1.0,0.00044391272939696056,0,0.0
1.0,220000.0,1,2,7,1,Ontario,1.0,9.249647212539246e-07,0,0.0
2.0,52500.0,5,2,2,2,British Columbia,1.0,0.1895857299299938,0,0.0
1.0,130000.0,2,2,6,1,Quebec,1.0,7.632933495634831e-05,0,0.0
2.0,75000.0,3,1,2,1,Alberta,2.0,0.0461787669674807,0,0.0
2.0,22000.0,5,2,1,2,Ontario,2.0,0.6321845494787132,1,1.0
2.0,49000.0,5,2,6,1,British Columbia,1.0,0.23220427184861267,0,0.0
1.0,36000.0,2,2,1,2,New Brunswick,1.0,0.128350301047446,0,0.0
2.0,27000.0,5,2,2,2,Alberta,2.0,0.5982605368759238,1,1.0
2.0,60000.0,6,2,4,1,Ontario,1.0,0.10698122059077697,0,0.0
2.0,42000.0,5,2,1,1,Ontario,1.0,0.2926063857592545,0,0.0
2.0,160000.0,3,2,7,1,Alberta,1.0,0.00012639387569517,0,0.0
1.0,115000.0,3,1,4,1,Quebec,1.0,0.00021701628060637364,0,0.0
2.0,85000.0,5,2,3,1,Alberta,1.0,0.024194065341933503,0,0.0
2.0,25000.0,5,2,1,2,Manitoba,2.0,0.43721318617097327,1,1.0
1.0,220000.0,2,2,7,1,Ontario,2.0,9.342367404055689e-07,0,0.0
1.0,80000.0,2,2,1,2,New Brunswick,1.0,0.00658901427312458,0,0.0
1.0,380000.0,2,2,4,1,Newfoundland and Labrador,1.0,5.340127950427884e-12,0,0.0
1.0,77500.0,99,9,2,2,Newfoundland and Labrador,1.0,0.02636579696870902,0,0.0
1.0,160000.0,1,2,5,1,Quebec,1.0,9.070989657145269e-06,0,0.0
1.0,175000.0,2,2,7,1,British Columbia,1.0,2.581123822457343e-05,0,0.0
1.0,125000.0,3,2,7,1,British Columbia,1.0,0.0008825245811259476,0,0.0
1.0,85000.0,2,2,2,2,Newfoundland and Labrador,1.0,0.005661482408606393,0,0.0
1.0,230000.0,3,1,6,1,Ontario,1.0,4.593027687173717e-07,0,0.0
2.0,55000.0,5,2,1,1,Ontario,1.0,0.1420090943745855,0,0.0
2.0,72500.0,3,1,4,2,Ontario,1.0,0.04624529838956464,0,0.0
1.0,175000.0,5,2,6,1,Manitoba,1.0,1.2722823263852488e-05,0,0.0
2.0,35000.0,5,2,4,1,British Columbia,2.0,0.44467444255310157,1,1.0
2.0,40000.0,2,2,2,2,Manitoba,1.0,0.20867884911057794,0,0.0
1.0,190000.0,5,2,3,1,Alberta,1.0,9.513832225240173e-06,0,0.0
2.0,41000.0,1,1,3,2,Ontario,1.0,0.302937815117558,1,1.0
2.0,31000.0,3,1,2,2,Alberta,1.0,0.5218299534188403,1,0.0
2.0,100000.0,1,1,4,1,British Columbia,2.0,0.007760664063929852,0,0.0
1.0,50000.0,2,2,6,2,Ontario,1.0,0.1304539627774997,0,0.0
2.0,12000.0,5,2,4,2,Manitoba,3.0,0.6643016262399651,1,1.0
1.0,115000.0,1,1,4,1,Ontario,2.0,0.0014661706121704956,0,0.0
2.0,290000.0,5,2,6,1,Nova Scotia,1.0,7.163774159030125e-09,0,0.0
2.0,45000.0,5,2,2,9,Manitoba,1.0,0.17526482983498998,0,0.0
2.0,60000.0,5,2,3,1,Alberta,1.0,0.12611808308808384,0,0.0
2.0,90000.0,6,2,4,1,Ontario,1.0,0.014263714681107858,0,0.0
2.0,17000.0,5,2,4,2,British Columbia,1.0,0.7429260056900548,1,0.0
2.0,97500.0,6,2,4,1,Alberta,1.0,0.010337932032124728,0,0.0
2.0,46000.0,5,2,6,2,Quebec,1.0,0.04525021418500932,0,0.0
1.0,155000.0,99,9,5,1,Quebec,2.0,3.6536402427080155e-05,0,0.0
1.0,90000.0,5,2,1,2,Nova Scotia,1.0,0.005783562431711356,0,0.0
2.0,125000.0,2,2,2,1,Quebec,1.0,0.00016892092340253098,0,0.0
2.0,30000.0,5,2,2,2,Alberta,2.0,0.5465773134332466,1,1.0
1.0,135000.0,5,2,3,1,British Columbia,1.0,0.00043406707053057173,0,0.0
2.0,,5,2,4,1,Saskatchewan,1.0,0.06523012574960958,0,0.0
2.0,95000.0,4,2,4,1,New Brunswick,1.0,0.0037538500667560074,0,0.0
2.0,165000.0,2,2,7,1,Ontario,1.0,7.185441972675049e-05,0,0.0
1.0,150000.0,4,2,4,1,New Brunswick,1.0,4.8984834687446945e-05,0,0.0
2.0,57500.0,2,2,7,2,Manitoba,1.0,0.07349909174858568,0,0.0
1.0,,2,2,1,1,Saskatchewan,1.0,0.03996542419124085,0,0.0
2.0,77500.0,2,2,3,2,British Columbia,3.0,0.037771264351612946,0,0.0
2.0,29000.0,2,2,4,1,Nova Scotia,2.0,0.39950409626304045,1,1.0
1.0,,2,2,4,1,New Brunswick,1.0,0.022337550653534308,0,0.0
1.0,145000.0,2,2,7,1,Quebec,1.0,2.669836636187609e-05,0,0.0
2.0,,5,2,2,2,New Brunswick,2.0,0.03630320312484692,0,1.0
2.0,55000.0,1,1,2,1,Ontario,1.0,0.13689570632650885,0,0.0
2.0,16000.0,5,2,4,1,New Brunswick,2.0,0.49871997357184866,1,1.0
1.0,140000.0,2,2,4,2,Manitoba,1.0,0.00014574403636636777,0,0.0
1.0,200000.0,1,1,6,1,Saskatchewan,1.0,2.615386509086976e-06,0,0.0
2.0,82500.0,5,2,1,2,Nova Scotia,2.0,0.015505810926035004,0,0.0
2.0,130000.0,6,2,7,1,Quebec,1.0,0.0001275935087692461,0,0.0
2.0,57500.0,5,2,4,1,Ontario,2.0,0.12392386509337897,0,0.0
2.0,39000.0,5,2,6,2,Manitoba,1.0,0.23021202908507493,0,1.0
1.0,135000.0,2,2,6,1,New Brunswick,1.0,0.00013991506900552333,0,0.0
1.0,85000.0,3,2,4,1,Saskatchewan,1.0,0.00870419981242972,0,0.0
1.0,650000.0,1,2,7,1,Alberta,1.0,7.8786479800203e-20,0,0.0
1.0,170000.0,1,1,7,1,British Columbia,1.0,3.601881959573837e-05,0,0.0
2.0,57500.0,99,9,4,9,Nova Scotia,1.0,0.22048449045748977,0,0.0
2.0,27000.0,5,2,6,1,Quebec,1.0,0.15112938042609128,0,0.0
2.0,16000.0,5,2,4,2,Saskatchewan,2.0,0.6522843494350548,1,1.0
2.0,41000.0,3,1,4,9,Alberta,1.0,0.3780146238122234,1,0.0
1.0,80000.0,2,2,2,2,Alberta,1.0,0.02117515051750915,0,0.0
1.0,185000.0,1,1,6,1,Ontario,2.0,1.0724909473545439e-05,0,0.0
1.0,330000.0,1,1,7,1,Ontario,1.0,3.947099118975745e-10,0,0.0
2.0,23000.0,5,2,2,2,Manitoba,2.0,0.47372115023394584,1,1.0
1.0,250000.0,6,2,6,1,British Columbia,1.0,1.353475117100799e-07,0,0.0
2.0,30000.0,5,2,3,2,Manitoba,2.0,0.3561624674540286,1,1.0
1.0,145000.0,2,2,6,1,Manitoba,1.0,0.00010221728670393323,0,0.0
2.0,,5,2,99,9,Prince Edward Island,3.0,0.04134467597368405,0,0.0
2.0,25000.0,5,2,1,2,Ontario,2.0,0.5818149667347269,1,1.0
2.0,130000.0,1,1,2,1,Alberta,1.0,0.0009838525761574908,0,0.0
2.0,100000.0,2,2,2,2,Alberta,1.0,0.008366855266464334,0,0.0
2.0,49000.0,3,1,7,1,Ontario,2.0,0.2031279276048523,0,0.0
1.0,155000.0,99,9,99,9,Saskatchewan,1.0,0.00036294024354758115,0,0.0
1.0,39000.0,2,2,2,2,New Brunswick,2.0,0.10710659203030409,0,0.0
2.0,23000.0,5,2,4,2,British Columbia,2.0,0.6544118976004956,1,1.0
2.0,26000.0,5,2,99,9,Newfoundland and Labrador,2.0,0.5520284898431602,1,1.0
1.0,65000.0,2,2,1,2,Nova Scotia,1.0,0.03181675843704438,0,0.0
2.0,62500.0,2,2,6,1,New Brunswick,1.0,0.035619393715549175,0,0.0
2.0,27000.0,5,2,99,9,Alberta,1.0,0.7541731311194896,1,1.0
1.0,72500.0,2,2,6,2,Saskatchewan,1.0,0.021112632004609264,0,0.0
2.0,62500.0,3,1,4,1,Ontario,1.0,0.08809741285782073,0,0.0
1.0,11500.0,5,2,7,2,Ontario,3.0,0.7009712219418477,1,1.0
2.0,48000.0,5,2,5,1,Quebec,1.0,0.038726877016439135,0,0.0
2.0,18000.0,5,2,2,2,British Columbia,2.0,0.7267248552813388,1,1.0
1.0,165000.0,1,1,2,1,Alberta,1.0,5.239511403584511e-05,0,0.0
2.0,50000.0,5,2,4,2,Newfoundland and Labrador,1.0,0.10045602126647338,0,0.0
2.0,43000.0,2,2,1,2,Quebec,1.0,0.05217534495243313,0,0.0
2.0,60000.0,5,2,2,1,Quebec,1.0,0.016687439041172192,0,0.0
2.0,70000.0,2,2,5,2,Ontario,1.0,0.05494788417404293,0,0.0
2.0,19000.0,3,9,1,2,Newfoundland and Labrador,1.0,0.5041213369124472,1,0.0
1.0,150000.0,1,1,5,1,Alberta,1.0,0.0001536426860864654,0,0.0
1.0,105000.0,1,1,6,1,Alberta,1.0,0.003670316031636289,0,0.0
1.0,48000.0,5,2,2,2,Ontario,1.0,0.1478547446647566,0,0.0
2.0,57500.0,5,2,2,2,Nova Scotia,1.0,0.08446818542417048,0,0.0
1.0,220000.0,3,2,6,1,Saskatchewan,1.0,6.578939739534058e-07,0,0.0
2.0,70000.0,3,1,4,1,British Columbia,1.0,0.06196414966155703,0,0.0
1.0,41000.0,2,2,7,1,Ontario,1.0,0.21896670017052397,0,0.0
1.0,87500.0,3,1,4,1,Prince Edward Island,1.0,0.0021785610979475297,0,0.0
1.0,95000.0,1,1,5,1,New Brunswick,1.0,0.0022796641586031712,0,0.0
1.0,57500.0,2,2,1,2,British Columbia,1.0,0.09039188791941787,0,0.0
2.0,75000.0,99,2,4,1,Saskatchewan,1.0,0.06878459336765755,0,0.0
2.0,23000.0,5,2,5,2,British Columbia,1.0,0.6558473170762672,1,0.0
1.0,270000.0,1,1,7,1,Nova Scotia,1.0,1.760132069195432e-08,0,0.0
2.0,23000.0,5,2,2,2,Prince Edward Island,1.0,0.25288186959168546,0,0.0
2.0,42000.0,6,2,2,1,New Brunswick,2.0,0.13708213263857524,0,0.0
1.0,28000.0,3,2,2,2,Ontario,1.0,0.41039530527905743,1,0.0
1.0,280000.0,6,2,7,1,British Columbia,1.0,1.6452596743370192e-08,0,0.0
1.0,280000.0,1,1,6,1,Saskatchewan,1.0,9.324027058063106e-09,0,0.0
1.0,52500.0,2,2,6,1,Nova Scotia,2.0,0.0745947045588485,0,0.0
2.0,34000.0,2,2,5,1,British Columbia,3.0,0.4562808004204751,1,1.0
1.0,240000.0,4,1,7,1,Newfoundland and Labrador,1.0,1.0578822410783354e-07,0,0.0
2.0,40000.0,3,1,2,2,British Columbia,2.0,0.35411315521973313,1,1.0
2.0,82500.0,3,2,4,1,Saskatchewan,1.0,0.016439837151114974,0,0.0
1.0,57500.0,6,2,3,1,Alberta,1.0,0.09821630932342774,0,0.0
1.0,49000.0,2,2,7,2,Newfoundland and Labrador,1.0,0.0691276824849414,0,0.0
1.0,92500.0,1,1,7,1,Newfoundland and Labrador,1.0,0.003337088318853641,0,0.0
2.0,97500.0,1,1,6,1,British Columbia,1.0,0.009358692219516643,0,0.0
2.0,60000.0,5,2,4,1,Alberta,1.0,0.12681995465905405,0,0.0
2.0,62500.0,5,2,7,1,British Columbia,1.0,0.10520111764963766,0,0.0
2.0,18500.0,5,2,4,2,British Columbia,1.0,0.7222292965297524,1,0.0
1.0,125000.0,2,2,4,1,Ontario,1.0,0.0007392301167645875,0,0.0
2.0,36000.0,5,2,7,2,Alberta,2.0,0.44914499140495867,1,1.0
1.0,115000.0,6,2,6,1,Alberta,1.0,0.0019278291196934522,0,0.0
2.0,23000.0,5,2,1,2,Newfoundland and Labrador,2.0,0.4233872731164338,1,1.0
2.0,67500.0,99,1,6,1,Prince Edward Island,1.0,0.036265993904977326,0,0.0
2.0,150000.0,1,1,6,1,Newfoundland and Labrador,1.0,9.239340520942532e-05,0,0.0
1.0,24000.0,5,2,6,2,Saskatchewan,1.0,0.403850068879398,1,1.0
1.0,57500.0,2,2,4,2,Alberta,1.0,0.09660485049958707,0,0.0
2.0,44000.0,5,2,2,1,Alberta,1.0,0.30687606614570556,1,0.0
2.0,20000.0,5,2,99,9,Newfoundland and Labrador,2.0,0.6528551504900689,1,1.0
2.0,75000.0,6,2,7,1,Quebec,1.0,0.006111893280023199,0,0.0
1.0,55000.0,5,2,2,1,Saskatchewan,1.0,0.0682269530846278,0,0.0
1.0,440000.0,1,1,6,1,Saskatchewan,1.0,1.185049680544445e-13,0,0.0
2.0,25000.0,3,9,2,2,Alberta,2.0,0.641683257466015,1,1.0
2.0,40000.0,5,2,1,2,Ontario,2.0,0.32593482466864576,1,0.0
2.0,,99,9,3,1,Nova Scotia,1.0,0.14890617705401576,0,0.0
2.0,67500.0,1,1,7,1,Quebec,1.0,0.009738321799430762,0,0.0
1.0,39000.0,2,2,6,2,Prince Edward Island,1.0,0.06400081651225618,0,0.0
2.0,87500.0,5,2,4,1,Ontario,1.0,0.01679888304153523,0,0.0
2.0,105000.0,1,1,7,1,Ontario,1.0,0.004809172993494909,0,0.0
2.0,,5,2,1,2,Prince Edward Island,1.0,0.020377956261810885,0,0.0
2.0,43000.0,5,2,4,1,Ontario,2.0,0.28208223912347596,0,0.0
2.0,100000.0,1,1,6,1,Nova Scotia,1.0,0.004423767886569141,0,0.0
2.0,380000.0,2,2,7,1,British Columbia,1.0,2.198181584781264e-11,0,0.0
2.0,110000.0,99,9,2,9,Manitoba,1.0,0.005896927706010597,0,0.0
2.0,22000.0,5,2,1,2,Nova Scotia,2.0,0.5279076689754427,1,1.0
2.0,77500.0,5,2,6,1,Nova Scotia,1.0,0.02226819188930666,0,0.0
2.0,92500.0,1,1,6,1,Quebec,1.0,0.0016759739914740989,0,0.0
1.0,135000.0,5,2,3,1,Saskatchewan,1.0,0.00026263793372026785,0,0.0
1.0,90000.0,2,2,7,1,New Brunswick,1.0,0.003343432510539097,0,0.0
1.0,165000.0,1,1,4,1,British Columbia,1.0,5.026221046524972e-05,0,0.0
2.0,65000.0,3,1,4,1,Alberta,1.0,0.09024248569007846,0,0.0
1.0,270000.0,1,2,6,1,Ontario,1.0,2.712738601017332e-08,0,0.0
2.0,33000.0,5,2,4,2,New Brunswick,1.0,0.23367463353559625,0,0.0
1.0,130000.0,2,2,4,1,Nova Scotia,1.0,0.0003382790873604049,0,0.0
2.0,19000.0,5,2,1,2,New Brunswick,2.0,0.4451377116768976,1,1.0
2.0,11000.0,5,2,2,2,Ontario,1.0,0.7896774685243433,1,0.0
1.0,52500.0,2,2,6,2,British Columbia,1.0,0.12732646834842085,0,0.0
2.0,42000.0,5,2,2,1,Prince Edward Island,1.0,0.08037944651398513,0,0.0
1.0,145000.0,2,2,7,1,Ontario,1.0,0.0001842107548773465,0,0.0
1.0,28000.0,5,2,1,2,British Columbia,1.0,0.45005477531422206,1,0.0
1.0,65000.0,2,2,1,1,British Columbia,1.0,0.054552055232790005,0,0.0
2.0,26000.0,5,2,5,2,Ontario,1.0,0.5708167623010444,1,0.0
1.0,82500.0,2,2,6,2,British Columbia,1.0,0.01731827813593509,0,0.0
2.0,23000.0,5,2,4,2,British Columbia,1.0,0.6544118976004956,1,0.0
1.0,90000.0,2,2,2,2,Ontario,1.0,0.008657350733647392,0,0.0
1.0,310000.0,2,2,7,1,Alberta,1.0,2.016047630092288e-09,0,0.0
1.0,57500.0,2,2,1,2,Quebec,1.0,0.012263583025639221,0,0.0
2.0,33000.0,3,1,1,2,British Columbia,3.0,0.4714907700716346,1,1.0
1.0,135000.0,4,2,6,1,Ontario,1.0,0.0003776826142493915,0,0.0
1.0,240000.0,1,1,7,1,Saskatchewan,1.0,1.5715542834896818e-07,0,0.0
1.0,57500.0,5,2,6,2,Quebec,1.0,0.01303376399989557,0,0.0
2.0,60000.0,5,2,5,1,Quebec,1.0,0.017003088184443238,0,0.0
2.0,70000.0,2,2,3,1,Quebec,1.0,0.008126927193145398,0,0.0
1.0,38000.0,5,2,2,2,Alberta,1.0,0.3006089970780374,1,0.0
2.0,82500.0,4,2,4,1,Ontario,1.0,0.02349505970367191,0,0.0
2.0,105000.0,2,2,6,2,New Brunswick,1.0,0.0018739872752112977,0,0.0
1.0,165000.0,1,2,4,1,British Columbia,1.0,5.072013260562943e-05,0,0.0
2.0,28000.0,5,2,1,2,Saskatchewan,2.0,0.44140780701762455,1,1.0
1.0,130000.0,3,2,6,1,Quebec,1.0,7.709441619525047e-05,0,0.0
2.0,41000.0,5,2,2,1,Manitoba,1.0,0.1996222542999487,0,0.0
2.0,43000.0,5,2,6,2,Saskatchewan,2.0,0.2208805916981295,0,0.0
1.0,220000.0,1,2,4,2,British Columbia,1.0,1.0686993510616501e-06,0,0.0
2.0,36000.0,2,2,1,2,British Columbia,1.0,0.4191078738742431,1,0.0
2.0,22000.0,5,2,2,2,British Columbia,1.0,0.6673536137957071,1,0.0
2.0,90000.0,5,2,4,1,British Columbia,1.0,0.016344930234638514,0,0.0
1.0,75000.0,2,2,5,1,Alberta,1.0,0.02996233368085931,0,0.0
2.0,19000.0,99,9,6,1,New Brunswick,1.0,0.6893938260683256,1,0.0
1.0,105000.0,1,1,4,1,Ontario,1.0,0.0029615924987950694,0,0.0
2.0,26000.0,5,2,4,2,New Brunswick,3.0,0.3330379231321623,1,1.0
1.0,32000.0,3,1,4,2,New Brunswick,2.0,0.1660573485003671,0,1.0
2.0,35000.0,5,2,3,1,Nova Scotia,1.0,0.3085930139894523,1,1.0
2.0,110000.0,3,1,4,1,Quebec,1.0,0.0004925400289967446,0,0.0
2.0,67500.0,5,2,6,1,Quebec,1.0,0.010157970857212102,0,0.0
2.0,57500.0,99,1,2,9,Manitoba,1.0,0.18228150292455392,0,1.0
2.0,55000.0,3,1,6,2,Quebec,1.0,0.023837361534789582,0,0.0
2.0,17000.0,5,2,2,9,Saskatchewan,2.0,0.6575596878532421,1,1.0
2.0,46000.0,2,2,6,2,Quebec,1.0,0.0439749164619402,0,0.0
2.0,46000.0,5,2,6,1,Newfoundland and Labrador,1.0,0.12866125030022663,0,0.0
2.0,15000.0,5,2,4,1,British Columbia,2.0,0.7661918487735652,1,1.0
1.0,87500.0,1,1,4,1,Newfoundland and Labrador,1.0,0.004650645507226479,0,0.0
2.0,27000.0,5,2,2,2,Newfoundland and Labrador,2.0,0.3579301914984026,1,0.0
2.0,26000.0,5,2,5,2,New Brunswick,3.0,0.33445062480056353,1,1.0
2.0,40000.0,5,2,4,2,Ontario,2.0,0.33013609004186123,1,1.0
2.0,82500.0,99,2,4,9,New Brunswick,1.0,0.025800588868494855,0,0.0
2.0,49000.0,5,2,4,2,Quebec,1.0,0.036497898935640066,0,0.0
1.0,67500.0,1,1,4,1,Manitoba,2.0,0.022762261041955834,0,0.0
2.0,57500.0,2,2,6,2,Newfoundland and Labrador,1.0,0.06077861672426899,0,0.0
2.0,25000.0,5,2,1,2,Quebec,1.0,0.16778503298482783,0,0.0
2.0,23000.0,5,2,4,2,Prince Edward Island,2.0,0.25529007265007714,0,1.0
2.0,16000.0,5,2,6,2,Alberta,1.0,0.7682871486111711,1,0.0
1.0,87500.0,1,2,5,1,Quebec,2.0,0.0014977777288209017,0,0.0
2.0,85000.0,1,1,4,1,Ontario,1.0,0.019033731225752328,0,0.0
1.0,52500.0,2,2,4,1,Newfoundland and Labrador,1.0,0.053098722556960486,0,0.0
2.0,29000.0,5,2,1,2,Newfoundland and Labrador,2.0,0.324837862114814,1,0.0
2.0,55000.0,5,2,2,1,Saskatchewan,1.0,0.10464406968862584,0,0.0
2.0,26000.0,5,2,2,2,Nova Scotia,1.0,0.45915902278728105,1,1.0
1.0,125000.0,1,2,7,1,Ontario,2.0,0.0007459719415184935,0,0.0
2.0,100000.0,2,2,4,1,Quebec,1.0,0.0009949976552124683,0,0.0
2.0,15500.0,5,2,7,1,Quebec,3.0,0.2871718485234779,0,1.0
1.0,41000.0,2,2,2,2,Alberta,1.0,0.25242999637319524,0,0.0
2.0,57500.0,5,2,4,1,Nova Scotia,1.0,0.08427438276662697,0,0.0
1.0,65000.0,2,2,4,2,Newfoundland and Labrador,1.0,0.023055136103235205,0,0.0
2.0,67500.0,2,2,4,2,Alberta,1.0,0.07780794457102312,0,0.0
2.0,62500.0,2,2,4,9,Prince Edward Island,1.0,0.022377450869948357,0,0.0
2.0,19000.0,3,2,2,9,Saskatchewan,3.0,0.620477442558231,1,1.0
1.0,21000.0,2,2,5,1,Nova Scotia,1.0,0.424307785917407,1,0.0
2.0,24000.0,5,2,2,2,British Columbia,2.0,0.6353702998323351,1,1.0
1.0,75000.0,3,2,2,1,British Columbia,1.0,0.02817480532952502,0,0.0
2.0,26000.0,5,2,4,2,Alberta,2.0,0.6180751660582819,1,1.0
2.0,18000.0,5,2,3,2,British Columbia,2.0,0.7279847658811848,1,1.0
2.0,120000.0,1,1,3,1,Manitoba,1.0,0.0009134311771493658,0,0.0
2.0,42000.0,2,2,1,2,Nova Scotia,1.0,0.2096030417145684,0,0.0
1.0,310000.0,1,1,7,1,Ontario,1.0,1.6153305374970428e-09,0,0.0
1.0,180000.0,1,1,6,1,British Columbia,1.0,1.769239255344855e-05,0,0.0
2.0,25000.0,5,2,1,2,Alberta,1.0,0.6301321286997045,1,0.0
2.0,46000.0,3,1,2,1,Newfoundland and Labrador,1.0,0.12268141758499608,0,0.0
2.0,75000.0,2,2,6,1,Nova Scotia,1.0,0.025684286490159965,0,0.0
1.0,210000.0,1,2,3,1,Quebec,1.0,2.643514531951521e-07,0,0.0
2.0,28000.0,5,2,1,2,Quebec,1.0,0.14030262330308005,0,0.0
2.0,47000.0,1,1,4,1,Ontario,3.0,0.22012258627943584,0,1.0
2.0,82500.0,1,1,2,1,Ontario,1.0,0.022337691380313256,0,0.0
1.0,62500.0,5,2,7,2,British Columbia,1.0,0.06958362729735022,0,0.0
2.0,85000.0,6,2,2,1,Quebec,1.0,0.0029361189967162995,0,0.0
2.0,47000.0,2,2,6,1,New Brunswick,1.0,0.09916746894577928,0,0.0
1.0,230000.0,2,2,4,1,Prince Edward Island,1.0,9.513549176721316e-08,0,0.0
2.0,47000.0,5,2,3,1,Quebec,1.0,0.04093497532599533,0,0.0
2.0,12500.0,5,2,1,2,Nova Scotia,2.0,0.6859150112067776,1,1.0
2.0,25000.0,5,2,1,2,Quebec,1.0,0.16778503298482783,0,0.0
2.0,,99,2,99,9,Prince Edward Island,1.0,0.09921253750619694,0,0.0
1.0,51000.0,3,2,2,1,Alberta,1.0,0.1423989023146221,0,0.0
2.0,125000.0,1,9,99,1,Manitoba,1.0,0.001270335184352419,0,0.0
2.0,65000.0,5,2,3,1,Quebec,1.0,0.01186526956127272,0,0.0
1.0,87500.0,2,2,6,1,Newfoundland and Labrador,1.0,0.004799955630108305,0,0.0
1.0,7750.0,2,2,6,1,Saskatchewan,3.0,0.6704768953387475,1,1.0
2.0,18500.0,5,2,99,9,Nova Scotia,1.0,0.7479054074426682,1,0.0
2.0,70000.0,1,2,6,1,Ontario,1.0,0.05397790529022704,0,0.0
2.0,110000.0,5,2,7,1,Alberta,1.0,0.004350202971119533,0,0.0
2.0,47000.0,5,2,6,2,Prince Edward Island,1.0,0.06015104366474989,0,0.0
2.0,27000.0,5,2,4,2,British Columbia,2.0,0.5882318193153445,1,1.0
1.0,82500.0,2,2,5,2,Ontario,1.0,0.01487388321792895,0,0.0
2.0,29000.0,5,2,1,2,Saskatchewan,1.0,0.4241139392450377,1,0.0
2.0,47000.0,5,2,6,1,British Columbia,1.0,0.25826767680399776,0,0.0
1.0,50000.0,5,2,6,2,Nova Scotia,1.0,0.09138158381192776,0,0.0
2.0,145000.0,2,2,4,1,Alberta,1.0,0.00035318781693416407,0,0.0
2.0,23000.0,5,2,1,2,Ontario,1.0,0.6156542183305252,1,0.0
1.0,42000.0,2,2,1,2,Alberta,1.0,0.23821251583645892,0,0.0
2.0,140000.0,1,1,4,1,Quebec,1.0,5.834337387393409e-05,0,0.0
1.0,42000.0,5,2,5,1,Nova Scotia,1.0,0.14744378278658107,0,0.0
1.0,52500.0,5,2,3,2,Prince Edward Island,1.0,0.026007270179100508,0,0.0
1.0,67500.0,5,2,4,1,Ontario,2.0,0.041968933504982375,0,0.0
2.0,57500.0,5,2,3,1,Ontario,1.0,0.1232357595059279,0,0.0
2.0,25000.0,5,2,2,2,Ontario,2.0,0.5833599450818475,1,1.0
1.0,100000.0,2,2,6,1,Newfoundland and Labrador,1.0,0.001995123996361991,0,0.0
1.0,46000.0,2,2,2,2,Manitoba,1.0,0.09768253817292259,0,0.0
1.0,67500.0,2,2,7,2,New Brunswick,1.0,0.016352186250830913,0,0.0
1.0,320000.0,2,2,7,1,British Columbia,1.0,9.439317744970502e-10,0,0.0
1.0,49000.0,2,2,2,2,Newfoundland and Labrador,2.0,0.06711132146176649,0,0.0
2.0,65000.0,2,2,2,2,Ontario,1.0,0.07504697427324775,0,0.0
2.0,105000.0,5,2,4,1,Ontario,2.0,0.004954451192602332,0,0.0
1.0,230000.0,2,2,5,1,British Columbia,1.0,5.288678684775247e-07,0,0.0
2.0,82500.0,6,2,6,1,Ontario,1.0,0.024256040056671067,0,0.0
1.0,125000.0,5,2,6,1,Quebec,1.0,0.00011185804472175345,0,0.0
2.0,34000.0,5,2,2,2,Quebec,3.0,0.09716154459873434,0,0.0
1.0,380000.0,1,1,7,1,Newfoundland and Labrador,1.0,5.3402112665315586e-12,0,0.0
2.0,36000.0,5,2,6,2,New Brunswick,1.0,0.19999234446303488,0,0.0
2.0,130000.0,1,1,6,1,Quebec,1.0,0.00011952947612290954,0,0.0
2.0,52500.0,5,2,2,1,Quebec,1.0,0.02798121244438503,0,0.0
1.0,70000.0,3,2,4,1,Newfoundland and Labrador,1.0,0.01623738222752833,0,0.0
1.0,80000.0,1,2,6,2,British Columbia,1.0,0.02038512352253049,0,0.0
1.0,97500.0,2,2,3,2,Newfoundland and Labrador,1.0,0.002369382868460983,0,0.0
1.0,77500.0,5,2,99,9,Quebec,1.0,0.006439285933336606,0,0.0
2.0,125000.0,1,1,4,1,British Columbia,1.0,0.0013418997103880254,0,0.0
1.0,135000.0,5,2,6,1,Quebec,1.0,5.5296813309922285e-05,0,0.0
2.0,26000.0,5,2,2,2,Ontario,1.0,0.5661412380792059,1,0.0
2.0,,5,2,2,1,New Brunswick,2.0,0.03577463481189682,0,1.0
1.0,97500.0,5,2,6,1,Ontario,1.0,0.005330530556149508,0,0.0
2.0,,99,9,6,9,Saskatchewan,1.0,0.1784508066763905,0,0.0
1.0,105000.0,3,2,2,1,Saskatchewan,1.0,0.0021139990064241387,0,0.0
1.0,28000.0,1,1,2,2,Nova Scotia,1.0,0.3055083308115966,1,1.0
2.0,25000.0,5,2,2,2,British Columbia,1.0,0.618896832232649,1,1.0
2.0,31000.0,2,2,2,2,Ontario,2.0,0.47101147772698637,1,1.0
1.0,80000.0,2,2,4,1,Newfoundland and Labrador,1.0,0.008013239272224743,0,0.0
1.0,140000.0,2,2,6,2,Newfoundland and Labrador,1.0,0.00012117854362974235,0,0.0
2.0,18500.0,5,2,1,2,New Brunswick,1.0,0.4538547729796413,1,0.0
2.0,24000.0,5,2,6,1,Saskatchewan,1.0,0.5157271445797834,1,0.0
2.0,170000.0,2,2,6,1,British Columbia,1.0,5.822432943554386e-05,0,0.0
2.0,22000.0,5,2,2,2,New Brunswick,1.0,0.3952361611896752,1,0.0
2.0,15000.0,5,2,3,2,Quebec,3.0,0.29232292417219025,0,1.0
2.0,24000.0,3,1,4,1,Ontario,1.0,0.5927901460645335,1,0.0
1.0,82500.0,6,2,3,1,Quebec,1.0,0.0022093987712638184,0,0.0
1.0,75000.0,2,2,2,2,Quebec,1.0,0.003628035611679984,0,0.0
1.0,62500.0,5,2,6,2,Nova Scotia,1.0,0.04001757972422888,0,0.0
1.0,130000.0,1,1,4,1,Saskatchewan,1.0,0.0003579356635030782,0,0.0
1.0,420000.0,1,1,6,1,Alberta,1.0,8.463739550821309e-13,0,0.0
1.0,130000.0,2,2,6,2,New Brunswick,1.0,0.00020204179623756495,0,0.0
1.0,25000.0,5,2,1,2,Quebec,1.0,0.11214654784267862,0,0.0
2.0,50000.0,3,1,3,2,Alberta,1.0,0.2235741557810342,0,1.0
1.0,90000.0,99,9,4,1,Alberta,1.0,0.02904003062063702,0,0.0
2.0,80000.0,4,1,5,1,New Brunswick,1.0,0.010696642128114315,0,0.0
1.0,49000.0,5,2,5,1,Quebec,1.0,0.022982422874271997,0,0.0
1.0,57500.0,5,2,2,1,Nova Scotia,1.0,0.05386326581634334,0,0.0
2.0,30000.0,5,2,1,2,Quebec,3.0,0.12415121759636098,0,0.0
1.0,220000.0,2,2,6,1,Saskatchewan,1.0,6.513645720027136e-07,0,0.0
1.0,250000.0,1,1,7,1,Alberta,1.0,1.3557514324450515e-07,0,0.0
1.0,85000.0,3,2,2,2,Alberta,1.0,0.01512991200777759,0,0.0
2.0,145000.0,1,2,2,1,Saskatchewan,1.0,0.00019787033148070202,0,0.0
1.0,22000.0,5,2,2,2,Quebec,1.0,0.13572322024895864,0,0.0
2.0,100000.0,1,1,4,1,Ontario,1.0,0.006698283359671244,0,0.0
1.0,135000.0,2,2,7,1,British Columbia,1.0,0.0004321147453369535,0,0.0
2.0,100000.0,5,2,4,1,Quebec,1.0,0.0010251897736324501,0,0.0
1.0,160000.0,2,2,6,1,New Brunswick,1.0,2.4040063178464356e-05,0,0.0
2.0,24000.0,5,2,2,2,Alberta,3.0,0.6478482122884488,1,1.0
1.0,190000.0,2,2,7,1,New Brunswick,1.0,2.922327613230792e-06,0,0.0
2.0,19000.0,5,2,2,2,Quebec,1.0,0.23643755086091883,0,0.0
2.0,27000.0,5,2,3,2,Alberta,2.0,0.5997865508962421,1,1.0
2.0,24000.0,5,2,5,2,British Columbia,2.0,0.6397744707755456,1,1.0
2.0,57500.0,5,2,6,1,Quebec,1.0,0.02033803567533276,0,0.0
1.0,65000.0,5,2,6,2,Quebec,1.0,0.007725129808237831,0,0.0
1.0,150000.0,2,2,6,2,Nova Scotia,1.0,8.502135637132557e-05,0,0.0
2.0,38000.0,5,2,2,1,Quebec,1.0,0.07404088877584498,0,0.0
1.0,18500.0,5,2,4,2,New Brunswick,3.0,0.34668542631767946,1,1.0
2.0,45000.0,5,2,1,2,Ontario,1.0,0.2537113379985192,0,0.0
1.0,270000.0,1,1,7,1,Saskatchewan,1.0,1.898254287705642e-08,0,0.0
2.0,82500.0,1,1,5,1,Quebec,1.0,0.0033632963167698213,0,0.0
1.0,575000.0,2,2,7,1,Ontario,1.0,1.281600018458874e-17,0,0.0
2.0,46000.0,2,2,7,2,Ontario,1.0,0.24210453948157745,0,0.0
2.0,17000.0,5,2,2,2,Prince Edward Island,2.0,0.3406143397763126,1,1.0
1.0,135000.0,1,1,6,1,British Columbia,1.0,0.0004212829054551589,0,0.0
2.0,14500.0,5,2,1,2,Nova Scotia,1.0,0.6547931850294458,1,1.0
2.0,39000.0,5,2,5,2,Ontario,1.0,0.3473384191283494,1,0.0
2.0,92500.0,2,2,1,2,Alberta,1.0,0.014022097586447773,0,0.0
1.0,110000.0,5,2,4,1,Alberta,1.0,0.002678474287688809,0,0.0
1.0,50000.0,2,2,1,2,Ontario,1.0,0.1268926394906059,0,0.0
1.0,44000.0,5,2,6,1,Alberta,1.0,0.22150026472638654,0,0.0
2.0,22000.0,5,2,4,2,Ontario,1.0,0.6366051916783062,1,0.0
2.0,40000.0,3,1,4,1,Ontario,2.0,0.32042851007393336,1,1.0
1.0,77500.0,1,1,6,1,Alberta,2.0,0.024935096403061924,0,0.0
1.0,125000.0,2,2,3,1,New Brunswick,1.0,0.0002776634991429283,0,0.0
1.0,31000.0,2,2,1,2,New Brunswick,1.0,0.1731681270060152,0,1.0
1.0,210000.0,1,2,2,1,Manitoba,1.0,1.012170877203465e-06,0,0.0
1.0,105000.0,3,2,4,1,Quebec,1.0,0.0004429195556677578,0,0.0
2.0,80000.0,5,2,6,1,Quebec,1.0,0.00423553319583752,0,0.0
2.0,70000.0,1,1,6,1,Alberta,1.0,0.06475450526843814,0,0.0
1.0,260000.0,1,1,7,1,Alberta,1.0,6.701752978253964e-08,0,0.0
2.0,30000.0,5,2,3,1,Quebec,1.0,0.12387868627071998,0,0.0
1.0,130000.0,1,1,1,1,Manitoba,1.0,0.0002794912310984186,0,0.0
1.0,6500.0,2,2,6,2,Ontario,3.0,0.7627718890820046,1,1.0
2.0,92500.0,99,9,7,1,New Brunswick,1.0,0.012432101945304289,0,0.0
2.0,65000.0,3,1,7,1,Ontario,2.0,0.07626766985063632,0,1.0
2.0,21000.0,5,2,2,1,Nova Scotia,3.0,0.5432273320478069,1,1.0
1.0,125000.0,1,1,6,1,Ontario,2.0,0.0007345633790449249,0,0.0
2.0,43000.0,5,2,1,2,British Columbia,1.0,0.3122300411548428,1,0.0
1.0,42000.0,3,2,4,2,Ontario,2.0,0.2081644079257921,0,1.0
2.0,72500.0,2,2,4,1,British Columbia,1.0,0.0524370698036038,0,0.0
2.0,67500.0,5,2,3,1,British Columbia,2.0,0.07457663872651336,0,0.0
1.0,90000.0,2,2,7,1,Manitoba,1.0,0.004933264555533601,0,0.0
1.0,460000.0,2,2,7,1,Manitoba,1.0,2.3636862330720523e-14,0,0.0
1.0,120000.0,1,1,4,1,Alberta,1.0,0.001262542003004018,0,0.0
2.0,60000.0,3,2,6,1,Newfoundland and Labrador,2.0,0.051212701489391166,0,0.0
1.0,150000.0,3,2,4,1,Alberta,1.0,0.0001571642373110298,0,0.0
2.0,24000.0,5,2,1,2,New Brunswick,2.0,0.3606319858172706,1,0.0
2.0,100000.0,5,2,7,2,Quebec,1.0,0.001060899298396587,0,0.0
2.0,25000.0,5,2,2,1,New Brunswick,1.0,0.3425521969176359,1,0.0
2.0,67500.0,5,2,7,1,Saskatchewan,1.0,0.04762481323856192,0,0.0
2.0,21000.0,6,2,4,2,Ontario,3.0,0.6550001036449017,1,1.0
1.0,160000.0,1,1,7,1,Saskatchewan,1.0,4.408022438381954e-05,0,0.0
2.0,72500.0,5,2,2,1,Quebec,1.0,0.006984966404439809,0,0.0
1.0,47000.0,2,2,2,2,New Brunswick,1.0,0.0639061463131217,0,0.0
2.0,97500.0,1,1,4,1,Ontario,1.0,0.007978137090910543,0,0.0
2.0,27000.0,5,2,1,2,Quebec,1.0,0.1490182925732184,0,0.0
1.0,120000.0,6,2,5,1,Quebec,1.0,0.00015966690081109012,0,0.0
2.0,16000.0,5,2,1,2,Ontario,3.0,0.7239905383879274,1,1.0
1.0,120000.0,1,2,4,1,Nova Scotia,1.0,0.000677310399491583,0,0.0
1.0,220000.0,1,1,4,1,Saskatchewan,1.0,6.310082013374475e-07,0,0.0
1.0,36000.0,5,2,5,2,Ontario,2.0,0.2917333121284033,0,0.0
1.0,40000.0,2,2,1,2,Newfoundland and Labrador,1.0,0.11876561857266185,0,0.0
2.0,30000.0,5,2,2,2,Quebec,2.0,0.12484370693525451,0,0.0
1.0,72500.0,5,2,4,1,New Brunswick,1.0,0.011503379623673454,0,0.0
2.0,33000.0,5,2,5,2,Manitoba,1.0,0.31201313038817247,1,0.0
2.0,31000.0,5,2,1,2,Newfoundland and Labrador,2.0,0.2947258327822108,0,1.0
1.0,27000.0,5,2,2,2,British Columbia,1.0,0.4691295800524349,1,0.0
2.0,55000.0,5,2,4,2,Ontario,1.0,0.14623669966382163,0,0.0
2.0,25000.0,5,2,1,2,Ontario,2.0,0.5818149667347269,1,1.0
1.0,82500.0,2,2,5,2,Nova Scotia,1.0,0.009727569428904402,0,0.0
2.0,60000.0,2,2,3,1,Alberta,1.0,0.122856943044869,0,0.0
1.0,110000.0,2,2,6,1,Quebec,1.0,0.0003123002624037749,0,0.0
1.0,240000.0,2,2,6,1,Saskatchewan,1.0,1.5916258195563273e-07,0,0.0
1.0,33000.0,5,2,2,2,British Columbia,1.0,0.36670420132775255,1,0.0
1.0,280000.0,2,2,4,2,Ontario,1.0,1.3578054658397347e-08,0,0.0
2.0,25000.0,5,2,4,2,Ontario,1.0,0.5864449665028731,1,0.0
2.0,125000.0,5,2,6,1,New Brunswick,1.0,0.0004653537361925959,0,0.0
1.0,80000.0,1,1,2,1,Prince Edward Island,1.0,0.0035716986575327803,0,0.0
1.0,120000.0,1,1,3,1,British Columbia,1.0,0.0011883665218622972,0,0.0
1.0,240000.0,4,1,4,1,Ontario,1.0,2.2642318285716774e-07,0,0.0
1.0,145000.0,1,1,7,1,Quebec,1.0,2.61947425414583e-05,0,0.0
1.0,52500.0,5,2,3,1,Ontario,2.0,0.11130835941612359,0,0.0
1.0,115000.0,2,2,2,1,Manitoba,1.0,0.0008244206857278726,0,0.0
1.0,155000.0,2,2,4,1,Quebec,1.0,1.2948558572492667e-05,0,0.0
2.0,115000.0,2,2,1,2,Manitoba,1.0,0.001326942690739775,0,0.0
2.0,55000.0,1,1,2,1,New Brunswick,1.0,0.05653901776363733,0,0.0
1.0,47000.0,5,2,5,1,Ontario,1.0,0.15746328716974134,0,0.0
2.0,24000.0,5,2,6,2,Saskatchewan,1.0,0.5195261962829172,1,0.0
1.0,90000.0,2,2,3,1,Newfoundland and Labrador,1.0,0.0039521332236786,0,0.0
1.0,85000.0,5,2,2,1,Saskatchewan,1.0,0.008766910386613303,0,0.0
1.0,125000.0,4,1,7,1,Saskatchewan,1.0,0.0005345606122035292,0,0.0
2.0,52500.0,5,2,2,1,Quebec,1.0,0.02798121244438503,0,0.0
2.0,115000.0,1,1,4,1,Quebec,1.0,0.00033950691326271697,0,0.0
2.0,290000.0,1,2,6,1,Quebec,1.0,1.533200501611957e-09,0,0.0
1.0,430000.0,2,2,6,1,Quebec,1.0,5.0463115235571115e-14,0,0.0
2.0,41000.0,2,2,1,2,Quebec,1.0,0.05960026139069217,0,0.0
2.0,22000.0,2,2,5,2,Newfoundland and Labrador,3.0,0.43956289359895245,1,1.0
2.0,28000.0,5,2,1,2,Quebec,1.0,0.14030262330308005,0,0.0
2.0,77500.0,99,9,7,1,British Columbia,1.0,0.10006425756137953,0,1.0
2.0,67500.0,5,2,6,2,New Brunswick,1.0,0.0264486957943852,0,0.0
2.0,90000.0,2,2,2,1,Ontario,1.0,0.013542683249957431,0,0.0
1.0,67500.0,2,2,4,2,Prince Edward Island,1.0,0.008982489188475395,0,0.0
2.0,110000.0,1,9,99,1,British Columbia,1.0,0.0075445976817014055,0,0.0
2.0,10500.0,5,2,1,2,New Brunswick,1.0,0.5935232980219209,1,0.0
1.0,92500.0,2,2,3,1,Quebec,1.0,0.0010506531560128265,0,0.0
2.0,165000.0,1,1,6,1,British Columbia,1.0,8.124928827518852e-05,0,0.0
2.0,65000.0,5,2,4,1,New Brunswick,1.0,0.030545315477318393,0,0.0
2.0,62500.0,99,9,2,9,Prince Edward Island,1.0,0.05959262044895188,0,0.0
2.0,14500.0,5,2,3,2,Nova Scotia,3.0,0.6576596753238491,1,1.0
1.0,50000.0,99,2,4,1,New Brunswick,1.0,0.12667593139796351,0,0.0
2.0,34000.0,5,2,2,2,Prince Edward Island,2.0,0.13489783041925196,0,0.0
2.0,,3,9,2,9,Newfoundland and Labrador,1.0,0.05042428155320205,0,0.0
2.0,105000.0,99,9,7,1,Ontario,1.0,0.013621774994501573,0,0.0
2.0,24000.0,5,2,1,2,Saskatchewan,2.0,0.5115924874003118,1,1.0
1.0,125000.0,1,1,3,1,Quebec,1.0,0.00010450252007855155,0,0.0
1.0,67500.0,5,2,5,2,Ontario,1.0,0.04284476599783985,0,0.0
2.0,,99,9,2,2,Prince Edward Island,1.0,0.05389643301844001,0,0.0
1.0,210000.0,1,1,6,1,Alberta,1.0,2.2562473598702425e-06,0,0.0
1.0,105000.0,2,2,7,1,Saskatchewan,2.0,0.0021604722319835197,0,0.0
1.0,110000.0,1,1,6,1,New Brunswick,1.0,0.000798521785286769,0,0.0
2.0,125000.0,1,1,6,1,Ontario,1.0,0.0011719584303689057,0,0.0
1.0,67500.0,2,2,4,2,Quebec,1.0,0.0062166140298575085,0,0.0
2.0,120000.0,99,9,7,1,Nova Scotia,1.0,0.003112904433192553,0,0.0
2.0,19500.0,5,2,1,2,Quebec,2.0,0.22901301707494964,0,0.0
2.0,160000.0,99,2,7,9,Saskatchewan,1.0,0.00021308833311988194,0,0.0
2.0,87500.0,2,2,6,1,Nova Scotia,1.0,0.010808331131710147,0,0.0
2.0,49000.0,2,2,4,1,New Brunswick,1.0,0.08626392896736267,0,0.0
2.0,,99,9,7,9,Nova Scotia,1.0,0.16853140478961404,0,0.0
2.0,92500.0,1,1,2,1,Alberta,1.0,0.013641469167302488,0,1.0
2.0,46000.0,3,1,1,1,Alberta,1.0,0.27070455039227764,0,0.0
1.0,170000.0,3,1,2,1,Quebec,1.0,4.4474595462573665e-06,0,0.0
2.0,36000.0,5,2,2,2,New Brunswick,2.0,0.19595735939870543,0,0.0
2.0,110000.0,2,2,3,1,Manitoba,1.0,0.0018815564366622085,0,0.0
1.0,350000.0,1,1,7,1,British Columbia,1.0,1.1186514140809138e-10,0,0.0
1.0,195000.0,2,2,4,1,Alberta,1.0,6.533182487683001e-06,0,0.0
1.0,95000.0,1,1,7,1,Manitoba,2.0,0.003408261155976019,0,0.0
1.0,52500.0,2,2,2,2,Nova Scotia,1.0,0.07389379219069919,0,0.0
1.0,49000.0,2,2,2,2,Quebec,1.0,0.022236290506026955,0,0.0
1.0,67500.0,5,2,4,2,Manitoba,1.0,0.024234529597255295,0,0.0
2.0,46000.0,1,1,7,2,Quebec,2.0,0.043444453678262,0,0.0
1.0,150000.0,1,1,4,1,Nova Scotia,1.0,8.112089095338905e-05,0,0.0
1.0,575000.0,1,1,7,1,Nova Scotia,1.0,8.180857891597426e-18,0,0.0
2.0,,5,2,1,2,Alberta,1.0,0.10819031356749143,0,0.0
2.0,39000.0,2,2,3,2,Saskatchewan,1.0,0.2635310389309745,0,0.0
1.0,105000.0,1,1,7,1,British Columbia,1.0,0.00349919969782743,0,0.0
2.0,42000.0,5,2,1,1,Ontario,2.0,0.2926063857592545,0,1.0
2.0,25000.0,5,2,4,2,Quebec,1.0,0.17046328597729826,0,0.0
1.0,42000.0,5,2,2,2,Ontario,1.0,0.20936065539436244,0,0.0
1.0,115000.0,1,1,5,1,Saskatchewan,1.0,0.0010357551587429044,0,0.0
2.0,92500.0,5,2,3,1,Quebec,1.0,0.0017267669825232403,0,0.0
1.0,140000.0,4,2,4,1,Newfoundland and Labrador,1.0,0.00012021632949846787,0,0.0
1.0,260000.0,1,2,2,1,Alberta,1.0,6.551360492164993e-08,0,0.0
2.0,60000.0,99,9,6,9,Alberta,2.0,0.31133761160854684,1,1.0
2.0,,5,2,2,2,Manitoba,2.0,0.052736407948971734,0,0.0
2.0,70000.0,2,2,2,1,Alberta,1.0,0.06436986627706727,0,0.0
1.0,95000.0,2,2,2,2,Manitoba,1.0,0.0034167397611740485,0,0.0
1.0,97500.0,2,2,2,2,Quebec,1.0,0.000745495221814727,0,0.0
2.0,23000.0,5,2,2,2,Prince Edward Island,1.0,0.25288186959168546,0,0.0
1.0,130000.0,5,2,2,2,Ontario,1.0,0.0005369780620106171,0,0.0
2.0,43000.0,5,2,6,2,Quebec,1.0,0.05531171266623179,0,0.0
2.0,77500.0,6,2,4,1,New Brunswick,1.0,0.01301871707480118,0,0.0
1.0,92500.0,5,2,4,1,Newfoundland and Labrador,1.0,0.0034380505846573414,0,0.0
1.0,210000.0,1,2,7,1,Ontario,1.0,1.871183777232742e-06,0,0.0
2.0,110000.0,2,2,6,1,Ontario,1.0,0.003429161640880523,0,0.0
1.0,70000.0,1,2,4,1,Ontario,1.0,0.034092499775254796,0,0.0
2.0,95000.0,99,1,99,1,Saskatchewan,1.0,0.03167115435555349,0,0.0
1.0,50000.0,2,2,4,2,Newfoundland and Labrador,1.0,0.06358484249467575,0,0.0
1.0,115000.0,6,2,2,2,Ontario,1.0,0.001558947709336315,0,0.0
2.0,48000.0,2,2,2,1,Saskatchewan,1.0,0.15664854087108349,0,0.0
2.0,26000.0,5,2,2,2,British Columbia,2.0,0.6021451480816059,1,1.0
1.0,185000.0,1,2,4,1,Quebec,1.0,1.548529708104637e-06,0,0.0
1.0,87500.0,2,2,1,1,British Columbia,1.0,0.011683906410494027,0,0.0
2.0,26000.0,5,2,6,2,Saskatchewan,2.0,0.48431268746751244,1,1.0
2.0,20000.0,5,2,3,2,Saskatchewan,3.0,0.5844124120068033,1,1.0
2.0,49000.0,5,2,4,1,Ontario,1.0,0.2047446763454411,0,0.0
2.0,46000.0,4,1,4,1,Ontario,1.0,0.23783750492850989,0,0.0
1.0,60000.0,2,2,2,1,New Brunswick,1.0,0.02619968571365063,0,0.0
1.0,210000.0,1,1,2,1,Ontario,1.0,1.7963111562012632e-06,0,0.0
1.0,140000.0,99,9,5,1,Nova Scotia,1.0,0.0004717805831419403,0,0.0
2.0,14000.0,5,2,1,2,Saskatchewan,3.0,0.6793856979444914,1,1.0
1.0,140000.0,1,1,4,1,Manitoba,1.0,0.00014083619371672526,0,0.0
1.0,175000.0,2,2,5,1,Manitoba,1.0,1.2269565254445366e-05,0,0.0
1.0,270000.0,2,2,2,1,Alberta,1.0,3.270932664156948e-08,0,0.0
1.0,62500.0,2,2,4,2,British Columbia,2.0,0.06647849299528862,0,1.0
1.0,110000.0,5,2,6,1,Manitoba,1.0,0.001238787017137545,0,0.0
1.0,190000.0,1,1,6,1,Ontario,1.0,7.540483174527466e-06,0,0.0
1.0,65000.0,3,1,4,1,Alberta,2.0,0.05850973839508674,0,0.0
2.0,,3,1,3,1,Saskatchewan,2.0,0.06310621501448734,0,1.0
2.0,25000.0,5,2,2,2,Quebec,1.0,0.16867403153560903,0,0.0
2.0,46000.0,3,2,2,1,Newfoundland and Labrador,1.0,0.12366095951504466,0,0.0
2.0,65000.0,5,2,7,1,Ontario,1.0,0.0783373494432611,0,0.0
2.0,67500.0,2,2,2,1,Ontario,1.0,0.06279733726674963,0,0.0
2.0,33000.0,3,1,2,2,Prince Edward Island,1.0,0.1398073237451249,0,0.0
2.0,36000.0,5,2,6,2,Nova Scotia,2.0,0.3009269772152098,1,1.0
2.0,21000.0,5,2,3,1,Quebec,1.0,0.21047126193845142,0,0.0
2.0,30000.0,5,2,2,2,Alberta,1.0,0.5465773134332466,1,0.0
2.0,12500.0,5,2,4,2,Ontario,1.0,0.7738191168609604,1,0.0
2.0,22000.0,6,2,2,2,Ontario,1.0,0.6359728871307755,1,0.0
1.0,170000.0,3,2,5,1,Manitoba,1.0,1.762602854579206e-05,0,0.0
1.0,175000.0,1,1,6,1,Alberta,1.0,2.6567277545955275e-05,0,0.0
2.0,15500.0,5,2,3,2,Nova Scotia,3.0,0.6416252200573624,1,1.0
2.0,44000.0,5,2,1,1,Quebec,1.0,0.049486193520597424,0,0.0
2.0,45000.0,5,2,2,2,Manitoba,1.0,0.16039789622742973,0,0.0
2.0,47000.0,5,2,99,1,Quebec,1.0,0.07282643820573774,0,0.0
2.0,24000.0,5,2,2,9,Prince Edward Island,1.0,0.25975319661993396,0,0.0
2.0,19000.0,5,2,4,2,Ontario,2.0,0.6839601557195746,1,1.0
2.0,24000.0,5,2,1,2,Newfoundland and Labrador,2.0,0.40628591066281305,1,1.0
2.0,28000.0,5,2,2,9,New Brunswick,2.0,0.3226562512566413,1,0.0
2.0,28000.0,5,2,4,2,British Columbia,2.0,0.5710664114775171,1,1.0
2.0,43000.0,6,2,6,1,New Brunswick,1.0,0.13184040356671917,0,0.0
1.0,120000.0,1,1,6,1,Saskatchewan,1.0,0.0007330810800896867,0,0.0
2.0,100000.0,1,1,6,1,Manitoba,1.0,0.003799098559488645,0,0.0
2.0,24000.0,5,2,2,2,Alberta,1.0,0.6478482122884488,1,0.0
2.0,26000.0,5,2,4,2,Ontario,2.0,0.5692596152949436,1,1.0
1.0,95000.0,2,2,2,2,Ontario,1.0,0.006102488672876718,0,0.0
1.0,270000.0,99,9,6,1,British Columbia,1.0,8.91035959108684e-08,0,0.0
2.0,75000.0,3,2,2,1,New Brunswick,1.0,0.014850653592759349,0,0.0
1.0,38000.0,5,2,5,2,Saskatchewan,1.0,0.2006555159179088,0,0.0
1.0,185000.0,2,2,7,2,British Columbia,1.0,1.2954796938533635e-05,0,0.0
1.0,29000.0,5,2,2,1,Saskatchewan,1.0,0.31381090332475037,1,0.0
1.0,62500.0,2,2,1,2,Quebec,1.0,0.008653779435727746,0,0.0
1.0,550000.0,2,2,6,1,Nova Scotia,1.0,4.8226934010994027e-17,0,0.0
1.0,,2,2,3,1,Nova Scotia,1.0,0.037622882972430494,0,0.0
1.0,135000.0,2,2,3,1,Quebec,1.0,5.265363639180843e-05,0,0.0
1.0,12500.0,5,2,2,2,Manitoba,1.0,0.5416520252322619,1,0.0
2.0,85000.0,1,1,5,1,Quebec,1.0,0.0028216502040319187,0,0.0
2.0,115000.0,1,1,4,1,Ontario,1.0,0.0023381811387151114,0,0.0
2.0,11500.0,5,2,2,2,Newfoundland and Labrador,2.0,0.6242735668939876,1,1.0
2.0,26000.0,5,2,2,2,Alberta,2.0,0.6150712238430434,1,1.0
2.0,77500.0,5,2,4,1,British Columbia,1.0,0.038544211199019046,0,0.0
1.0,155000.0,1,2,6,1,British Columbia,1.0,0.00010391238881189458,0,0.0
2.0,42000.0,3,1,5,1,Nova Scotia,2.0,0.2114482755602033,0,1.0
2.0,27000.0,5,2,2,2,British Columbia,3.0,0.5851506981466139,1,1.0
2.0,7500.0,5,2,1,2,Ontario,1.0,0.8268162464652556,1,0.0
1.0,40000.0,2,2,3,2,British Columbia,1.0,0.256707562128596,0,0.0
2.0,26000.0,2,2,2,2,Quebec,2.0,0.15506255427089763,0,1.0
1.0,67500.0,2,2,6,2,Manitoba,1.0,0.02383072820097566,0,0.0
1.0,80000.0,5,2,3,1,New Brunswick,1.0,0.0067709054467506745,0,0.0
2.0,72500.0,5,2,7,1,British Columbia,1.0,0.054924933595968235,0,0.0
2.0,9250.0,3,1,1,2,Quebec,2.0,0.3726827437745196,1,1.0
1.0,55000.0,1,1,4,1,Ontario,1.0,0.09143794112363475,0,0.0
2.0,21000.0,5,2,1,2,Nova Scotia,1.0,0.545425400332953,1,0.0
1.0,41000.0,5,2,7,2,Nova Scotia,1.0,0.16024405706635497,0,0.0
2.0,60000.0,2,2,99,9,Quebec,1.0,0.03330400096655427,0,0.0
2.0,155000.0,4,1,4,1,Manitoba,1.0,8.050472345336968e-05,0,0.0
1.0,26000.0,5,2,1,2,Newfoundland and Labrador,2.0,0.2713373161233549,0,1.0
1.0,50000.0,5,2,4,2,Quebec,1.0,0.021639238926548825,0,0.0
1.0,,5,2,6,2,Nova Scotia,1.0,0.04001757972422888,0,0.0
2.0,25000.0,5,2,7,1,Ontario,1.0,0.587377068618637,1,0.0
2.0,20000.0,5,2,4,2,Alberta,2.0,0.7117973548056262,1,1.0
2.0,26000.0,5,2,1,2,Alberta,1.0,0.61356594100125,1,0.0
1.0,24000.0,3,2,6,9,Manitoba,1.0,0.37021564624211695,1,0.0
1.0,150000.0,2,2,7,1,Alberta,1.0,0.0001585984274930269,0,0.0
2.0,75000.0,1,2,4,2,Ontario,1.0,0.03866201753042106,0,0.0
1.0,330000.0,2,2,6,2,Alberta,1.0,4.970111223075693e-10,0,0.0
2.0,135000.0,99,9,4,1,Ontario,1.0,0.0016339074123451279,0,0.0
2.0,,3,9,1,2,Ontario,2.0,0.09377616547664137,0,1.0
2.0,85000.0,3,2,2,1,Ontario,1.0,0.01934070026141541,0,0.0
1.0,27000.0,5,2,1,2,Alberta,2.0,0.4810781100334642,1,1.0
2.0,30000.0,5,2,1,2,Nova Scotia,1.0,0.38890657632705056,1,0.0
1.0,155000.0,1,1,3,1,Ontario,1.0,8.710798535529889e-05,0,0.0
2.0,23000.0,5,2,7,2,Alberta,2.0,0.6708026555195824,1,1.0
2.0,55000.0,2,2,4,2,Quebec,1.0,0.0235226912814133,0,0.0
2.0,67500.0,1,1,2,1,New Brunswick,1.0,0.024237010411558655,0,0.0
2.0,,99,9,4,1,Saskatchewan,1.0,0.1595866428738928,0,0.0
2.0,11500.0,5,2,1,2,Ontario,1.0,0.7826880832728118,1,0.0
2.0,47000.0,6,2,7,2,Alberta,1.0,0.275043841723108,0,1.0
2.0,41000.0,5,2,2,1,Alberta,1.0,0.3535677492852267,1,0.0
1.0,95000.0,5,2,7,2,British Columbia,1.0,0.0075176058682639825,0,0.0
2.0,13500.0,5,2,4,2,Alberta,1.0,0.7961009735718855,1,0.0
2.0,27000.0,5,2,4,2,Newfoundland and Labrador,2.0,0.36085559375360726,1,1.0
2.0,20000.0,5,2,2,2,Alberta,2.0,0.7091837195101793,1,1.0
2.0,97500.0,3,1,3,1,Alberta,1.0,0.00988414823571769,0,0.0
2.0,30000.0,5,2,2,1,Ontario,3.0,0.4922707630348701,1,1.0
1.0,250000.0,2,2,6,1,Alberta,1.0,1.3730667836577664e-07,0,0.0
2.0,160000.0,2,2,3,1,British Columbia,1.0,0.00011555632765012977,0,0.0
2.0,39000.0,2,2,3,2,Quebec,1.0,0.06881577091742558,0,0.0
2.0,12000.0,5,2,3,2,Quebec,3.0,0.3378797287705278,1,1.0
1.0,43000.0,2,2,1,2,Quebec,1.0,0.03333795237235441,0,0.0
2.0,60000.0,5,2,6,1,Ontario,2.0,0.10724252697983684,0,0.0
2.0,12000.0,5,2,2,2,Quebec,3.0,0.33645986512617243,1,1.0
2.0,30000.0,5,2,3,2,British Columbia,2.0,0.5346781788906282,1,1.0
1.0,25000.0,5,2,7,2,British Columbia,1.0,0.5122579693494675,1,0.0
2.0,29000.0,5,2,2,1,Ontario,2.0,0.5098831571872084,1,0.0
1.0,140000.0,1,1,2,1,New Brunswick,1.0,9.409814119350581e-05,0,0.0
2.0,200000.0,6,2,99,1,Saskatchewan,1.0,7.994816562967572e-06,0,0.0
2.0,22000.0,5,2,99,2,Manitoba,1.0,0.6414148768005505,1,0.0
1.0,145000.0,1,2,6,1,Saskatchewan,1.0,0.0001271671826883472,0,0.0
1.0,110000.0,99,9,2,1,Prince Edward Island,1.0,0.001235784840579423,0,0.0
2.0,145000.0,1,1,7,1,Ontario,1.0,0.0002884509685964276,0,0.0
1.0,,99,9,3,9,Saskatchewan,1.0,0.11778949135915225,0,0.0
1.0,45000.0,2,2,2,2,Newfoundland and Labrador,1.0,0.08705747727160683,0,0.0
2.0,,3,1,1,2,Quebec,1.0,0.013754079904889796,0,1.0
2.0,19000.0,5,2,2,2,Quebec,1.0,0.23643755086091883,0,0.0
1.0,250000.0,2,2,6,1,Quebec,1.0,1.6248915991539774e-08,0,0.0
2.0,77500.0,2,2,1,1,Ontario,1.0,0.03186349731197011,0,0.0
2.0,52500.0,1,2,1,2,Ontario,1.0,0.16148213293552796,0,0.0
1.0,48000.0,2,2,2,2,Alberta,1.0,0.17095213184572863,0,0.0
1.0,95000.0,2,2,3,2,Saskatchewan,1.0,0.00431689960161908,0,0.0
1.0,44000.0,2,2,2,1,Prince Edward Island,1.0,0.044123638659968635,0,0.0
1.0,210000.0,3,2,3,1,Quebec,1.0,2.696778366326817e-07,0,0.0
2.0,47000.0,5,2,3,1,Quebec,1.0,0.04093497532599533,0,0.0
2.0,24000.0,5,2,4,2,Alberta,3.0,0.6507416116218296,1,1.0
2.0,62500.0,1,1,2,1,Nova Scotia,1.0,0.05734588626217689,0,0.0
2.0,39000.0,5,2,4,2,Nova Scotia,2.0,0.25598056288121157,0,0.0
2.0,75000.0,6,2,4,2,Alberta,1.0,0.04921723527424651,0,0.0
1.0,190000.0,1,2,4,1,Newfoundland and Labrador,1.0,3.4439783938320433e-06,0,0.0
1.0,,99,9,2,1,Saskatchewan,3.0,0.10511818118629478,0,1.0
2.0,9750.0,5,2,2,9,Manitoba,3.0,0.7180585611035387,1,1.0
2.0,130000.0,4,1,4,1,Saskatchewan,1.0,0.00058853620375626,0,0.0
2.0,24000.0,5,2,2,2,Alberta,2.0,0.6478482122884488,1,1.0
2.0,57500.0,2,2,1,1,Quebec,1.0,0.019144608685802075,0,0.0
2.0,180000.0,4,1,4,1,Alberta,1.0,3.0331900080903932e-05,0,0.0
1.0,140000.0,1,1,6,1,Ontario,1.0,0.0002554170815631631,0,0.0
1.0,77500.0,5,2,2,1,Saskatchewan,1.0,0.014780782111272754,0,0.0
2.0,115000.0,6,2,7,2,New Brunswick,1.0,0.0009710775938371578,0,0.0
1.0,85000.0,2,2,7,2,Nova Scotia,1.0,0.008272985035731673,0,0.0
1.0,115000.0,1,2,4,1,Manitoba,1.0,0.000826674399181885,0,0.0
1.0,95000.0,4,1,3,1,Saskatchewan,1.0,0.004298300247943944,0,0.0
1.0,92500.0,2,2,7,2,British Columbia,1.0,0.00869097279030532,0,0.0
1.0,80000.0,3,9,4,2,New Brunswick,1.0,0.007223129986150797,0,0.0
2.0,75000.0,2,2,2,1,New Brunswick,1.0,0.014705432588701502,0,0.0
2.0,105000.0,1,9,5,1,Ontario,1.0,0.005104288194976892,0,0.0
2.0,,5,2,1,2,Nova Scotia,2.0,0.06055317261770207,0,1.0
2.0,125000.0,1,1,7,1,Alberta,1.0,0.0014438489701464948,0,0.0
1.0,575000.0,1,1,7,1,Ontario,1.0,1.257423962273069e-17,0,0.0
2.0,48000.0,2,2,2,1,Quebec,1.0,0.03694403443227124,0,0.0
2.0,72500.0,5,2,4,1,Manitoba,1.0,0.026717595993452276,0,0.0
2.0,85000.0,6,2,4,1,Ontario,1.0,0.02016602206277339,0,0.0
2.0,67500.0,1,2,7,1,New Brunswick,1.0,0.025221763056498793,0,0.0
1.0,165000.0,4,1,2,1,Ontario,1.0,4.408807319702216e-05,0,0.0
1.0,135000.0,2,2,7,1,Alberta,1.0,0.0004562019299901701,0,0.0
1.0,57500.0,1,1,99,9,Ontario,3.0,0.1484177585806797,0,1.0
2.0,180000.0,2,2,6,1,Quebec,1.0,3.596149288084734e-06,0,0.0
2.0,65000.0,5,2,99,9,British Columbia,1.0,0.16649877588829262,0,0.0
1.0,250000.0,99,9,4,1,Saskatchewan,1.0,2.1781426392463837e-07,0,0.0
1.0,,99,9,2,1,Newfoundland and Labrador,1.0,0.07127113588306118,0,0.0
1.0,85000.0,3,2,4,1,Newfoundland and Labrador,2.0,0.0057036649835232895,0,0.0
1.0,28000.0,5,2,2,2,New Brunswick,2.0,0.21153613565910154,0,0.0
1.0,195000.0,1,2,4,1,Ontario,1.0,5.282322861554528e-06,0,0.0
1.0,65000.0,5,2,2,2,Alberta,1.0,0.060270819267555835,0,0.0
2.0,150000.0,99,9,5,1,Saskatchewan,1.0,0.00040147742577043585,0,0.0
2.0,23000.0,3,1,2,1,Ontario,1.0,0.606652446427309,1,0.0
2.0,23000.0,5,2,6,2,Prince Edward Island,1.0,0.2577132983910461,0,0.0
2.0,26000.0,5,2,3,2,Alberta,3.0,0.6165743073459184,1,1.0
1.0,80000.0,5,2,3,1,British Columbia,1.0,0.020497699687823882,0,0.0
1.0,28000.0,5,2,2,2,New Brunswick,1.0,0.21153613565910154,0,0.0
1.0,82500.0,2,2,5,2,Ontario,1.0,0.01487388321792895,0,0.0
2.0,110000.0,3,2,6,1,New Brunswick,1.0,0.0013114127823220473,0,0.0
1.0,,99,9,6,1,Prince Edward Island,2.0,0.034801175425957745,0,0.0
2.0,23000.0,5,2,1,2,New Brunswick,3.0,0.37703201782466905,1,1.0
2.0,31000.0,5,2,6,2,Manitoba,1.0,0.34446553246710987,1,0.0
2.0,67500.0,99,9,3,9,Nova Scotia,1.0,0.12198448732374373,0,0.0
2.0,52500.0,5,2,3,2,Ontario,1.0,0.16873240097827383,0,0.0
2.0,28000.0,5,2,3,2,Nova Scotia,1.0,0.4259756055034087,1,0.0
2.0,34000.0,2,2,1,2,New Brunswick,2.0,0.21296968130347152,0,1.0
2.0,82500.0,2,2,4,2,Quebec,1.0,0.0034581454920706756,0,0.0
2.0,24000.0,5,2,2,2,Ontario,1.0,0.6003776542296325,1,0.0
1.0,41000.0,3,2,6,1,Ontario,3.0,0.21958660057523702,0,1.0
1.0,150000.0,2,2,6,2,Quebec,1.0,1.8938296244651698e-05,0,0.0
1.0,67500.0,2,2,3,2,British Columbia,1.0,0.04739314346783841,0,0.0
1.0,110000.0,1,1,6,1,Manitoba,1.0,0.0011796583582652641,0,0.0
2.0,45000.0,5,2,1,1,British Columbia,1.0,0.27972144287737194,0,0.0
1.0,145000.0,2,2,5,1,Alberta,1.0,0.00022271450542435736,0,0.0
1.0,195000.0,1,1,7,1,Prince Edward Island,1.0,1.1202624988060726e-06,0,0.0
2.0,44000.0,5,2,2,1,New Brunswick,1.0,0.12019044667934072,0,0.0
1.0,130000.0,4,1,2,1,Saskatchewan,1.0,0.00036414909983853005,0,0.0
2.0,27000.0,5,2,1,2,Quebec,3.0,0.1490182925732184,0,1.0
2.0,70000.0,2,2,5,1,New Brunswick,1.0,0.02117818547367727,0,0.0
2.0,25000.0,5,2,3,1,British Columbia,3.0,0.6168044335036987,1,1.0
2.0,24000.0,5,2,2,2,Prince Edward Island,1.0,0.23980333115088204,0,0.0
2.0,20000.0,5,2,3,2,Quebec,1.0,0.2250606698073205,0,0.0
1.0,67500.0,1,2,2,1,Ontario,3.0,0.03990409635436583,0,0.0
2.0,40000.0,5,2,1,2,New Brunswick,1.0,0.15447346302253528,0,0.0
2.0,47000.0,5,2,7,1,Saskatchewan,1.0,0.17490828977043074,0,0.0
1.0,220000.0,99,2,7,1,Ontario,1.0,2.4583218139546727e-06,0,0.0
2.0,52500.0,1,1,99,1,British Columbia,2.0,0.2889229223356489,0,1.0
1.0,72500.0,1,1,4,1,New Brunswick,1.0,0.01095968698751503,0,0.0
2.0,77500.0,99,9,7,1,Quebec,1.0,0.013701777293395197,0,0.0
2.0,22000.0,5,2,1,2,Nova Scotia,2.0,0.5279076689754427,1,1.0
1.0,82500.0,4,1,7,1,Ontario,2.0,0.014997025504209407,0,0.0
2.0,23000.0,5,2,1,2,Nova Scotia,2.0,0.5103209404023548,1,0.0
1.0,175000.0,2,2,6,1,Saskatchewan,1.0,1.551601759808012e-05,0,0.0
1.0,120000.0,5,2,4,1,Alberta,1.0,0.0013258195694584739,0,0.0
2.0,49000.0,2,2,6,2,British Columbia,1.0,0.22959244217615518,0,0.0
2.0,67500.0,5,2,3,1,Quebec,1.0,0.009968107407140287,0,0.0
2.0,19500.0,5,2,1,2,Ontario,2.0,0.672109819989174,1,1.0
1.0,60000.0,5,2,3,2,Alberta,1.0,0.08408429966825594,0,0.0
2.0,65000.0,2,2,2,1,Alberta,1.0,0.08913126019278216,0,0.0
2.0,75000.0,99,9,4,1,Alberta,1.0,0.12076994593561191,0,0.0
2.0,32000.0,5,2,2,2,British Columbia,1.0,0.49791704815928595,1,0.0
2.0,38000.0,2,2,2,2,Ontario,1.0,0.35222240807040567,1,0.0
2.0,17000.0,5,2,2,2,Newfoundland and Labrador,1.0,0.5300170683235574,1,0.0
2.0,57500.0,5,2,2,1,Alberta,1.0,0.14604834260632582,0,0.0
1.0,49000.0,5,2,6,2,Alberta,1.0,0.16881967662865038,0,0.0
2.0,36000.0,6,2,6,1,New Brunswick,2.0,0.19915514237608306,0,0.0
1.0,250000.0,1,2,3,1,Manitoba,1.0,6.082003846072536e-08,0,0.0
1.0,310000.0,1,1,7,1,Ontario,1.0,1.6153305374970428e-09,0,0.0
1.0,140000.0,1,2,4,1,British Columbia,1.0,0.00029515722502933126,0,0.0
2.0,29000.0,5,2,4,2,Quebec,1.0,0.13421702579371866,0,0.0
1.0,31000.0,3,2,6,2,Saskatchewan,3.0,0.2885170223488237,0,0.0
2.0,97500.0,5,2,3,2,Alberta,1.0,0.010326557703550449,0,0.0
2.0,37000.0,1,1,1,2,British Columbia,1.0,0.3974891404330981,1,0.0
2.0,42000.0,2,2,2,2,Saskatchewan,1.0,0.22349383420710056,0,0.0
2.0,27000.0,5,2,4,2,Alberta,2.0,0.601310631257085,1,1.0
2.0,22000.0,5,2,6,2,Alberta,2.0,0.6848004437465839,1,1.0
1.0,57500.0,5,2,2,1,Alberta,1.0,0.09677963794009103,0,0.0
1.0,72500.0,5,2,6,2,Ontario,1.0,0.03069990228531813,0,0.0
1.0,220000.0,2,2,4,1,Alberta,1.0,1.1224006895237994e-06,0,0.0
1.0,100000.0,1,2,5,1,Alberta,1.0,0.005226371890461793,0,0.0
1.0,80000.0,1,1,3,1,Nova Scotia,1.0,0.011054092603776189,0,0.0
2.0,23000.0,5,2,5,2,Nova Scotia,2.0,0.5166694798031092,1,1.0
2.0,34000.0,2,2,1,2,Newfoundland and Labrador,2.0,0.24715652396909954,0,0.0
1.0,90000.0,3,2,4,1,Ontario,1.0,0.008721659135232571,0,0.0
2.0,25000.0,5,2,1,2,Saskatchewan,1.0,0.49398055870464086,1,0.0
2.0,40000.0,2,2,2,2,Saskatchewan,2.0,0.24889648749722523,0,0.0
2.0,77500.0,99,9,3,9,Newfoundland and Labrador,1.0,0.046154138460823495,0,0.0
1.0,500000.0,1,1,7,1,Ontario,1.0,2.479815528755668e-15,0,0.0
2.0,37000.0,5,2,3,2,Ontario,2.0,0.37694129287916417,1,1.0
2.0,52500.0,2,2,5,2,Newfoundland and Labrador,1.0,0.08379394858625817,0,0.0
2.0,49000.0,2,2,2,1,Nova Scotia,1.0,0.13831189955114015,0,0.0
2.0,60000.0,5,2,2,2,New Brunswick,1.0,0.04299487731919523,0,0.0
1.0,65000.0,2,2,4,1,British Columbia,2.0,0.05554347108677718,0,0.0
2.0,40000.0,5,2,2,2,Quebec,1.0,0.0658712760102418,0,0.0
2.0,26000.0,5,2,1,2,Ontario,1.0,0.564580067341984,1,0.0
2.0,50000.0,5,2,4,1,Newfoundland and Labrador,1.0,0.09908944058542028,0,0.0
2.0,34000.0,5,2,4,1,Manitoba,1.0,0.2926082120752754,0,0.0
2.0,25000.0,5,2,2,2,Quebec,1.0,0.16867403153560903,0,0.0
2.0,19000.0,5,2,1,2,Quebec,1.0,0.23529248856730595,0,0.0
2.0,29000.0,5,2,2,2,Ontario,2.0,0.5136848234493188,1,1.0
1.0,115000.0,6,2,6,1,Nova Scotia,1.0,0.0010252024265578617,0,0.0
2.0,175000.0,2,2,7,1,Ontario,1.0,3.552037820506443e-05,0,0.0
1.0,52500.0,5,2,2,2,Quebec,1.0,0.017982330321848546,0,0.0
2.0,70000.0,2,2,4,1,Nova Scotia,1.0,0.03569914602691515,0,0.0
2.0,21000.0,5,2,1,2,Prince Edward Island,1.0,0.2791383439266986,0,0.0
2.0,23000.0,5,2,3,2,British Columbia,1.0,0.6529736590242514,1,0.0
1.0,120000.0,2,2,3,1,Alberta,1.0,0.0012786462885932919,0,0.0
1.0,80000.0,2,2,2,1,Quebec,1.0,0.00251508497665989,0,0.0
2.0,77500.0,99,9,2,1,Saskatchewan,1.0,0.06117610638989832,0,0.0
2.0,130000.0,2,2,6,1,New Brunswick,1.0,0.00031758225643254903,0,0.0
2.0,55000.0,3,1,4,1,Newfoundland and Labrador,1.0,0.06987003214044796,0,0.0
1.0,67500.0,2,2,2,2,Ontario,1.0,0.040880413008243355,0,0.0
2.0,95000.0,5,2,6,1,British Columbia,1.0,0.011693763207898012,0,0.0
2.0,16500.0,5,2,3,2,Prince Edward Island,1.0,0.3500144103312825,1,0.0
1.0,130000.0,2,2,6,1,Ontario,1.0,0.0005264954505826684,0,0.0
1.0,210000.0,1,2,7,1,Manitoba,1.0,1.044839871993835e-06,0,0.0
2.0,,99,9,5,1,Saskatchewan,1.0,0.16044057719226013,0,0.0
2.0,62500.0,99,9,2,2,New Brunswick,1.0,0.0929784341032644,0,0.0
2.0,60000.0,5,2,4,1,British Columbia,2.0,0.12093115046986223,0,0.0
1.0,31000.0,5,2,2,1,New Brunswick,1.0,0.17620443761320537,0,0.0
2.0,24000.0,5,2,1,2,British Columbia,2.0,0.6338971486217,1,1.0
2.0,57500.0,3,1,4,1,Ontario,1.0,0.12080765342348974,0,0.0
2.0,21000.0,3,9,99,9,Newfoundland and Labrador,1.0,0.6467300522142685,1,0.0
2.0,60000.0,5,2,4,1,Manitoba,1.0,0.06211516288373222,0,0.0
1.0,125000.0,1,1,4,1,Quebec,1.0,0.00010516849454029783,0,0.0
1.0,175000.0,6,2,6,1,Nova Scotia,1.0,1.4972643241938489e-05,0,0.0
2.0,24000.0,5,2,3,2,Ontario,2.0,0.6019009776496714,1,1.0
1.0,72500.0,2,2,4,1,Newfoundland and Labrador,1.0,0.013517162445640104,0,0.0
1.0,80000.0,5,2,6,1,Alberta,1.0,0.022022894573678238,0,0.0
2.0,110000.0,2,2,2,2,Manitoba,1.0,0.0018982729792301077,0,0.0
2.0,24000.0,5,2,2,2,Saskatchewan,2.0,0.5131798246768502,1,1.0
2.0,115000.0,1,1,7,1,New Brunswick,1.0,0.0009017337407126925,0,0.0
2.0,,5,2,3,9,Manitoba,1.0,0.058667431894564935,0,0.0
2.0,150000.0,3,2,6,1,Saskatchewan,1.0,0.0001455820524657989,0,0.0
1.0,77500.0,1,2,2,1,New Brunswick,1.0,0.007702836739906287,0,0.0
2.0,26000.0,5,2,2,2,Quebec,1.0,0.15902358073199846,0,0.0
1.0,130000.0,2,2,6,1,Ontario,1.0,0.0005264954505826684,0,0.0
1.0,36000.0,5,2,2,2,Alberta,1.0,0.3310399732391421,1,0.0
1.0,75000.0,2,2,6,1,Ontario,1.0,0.024756579364498904,0,0.0
1.0,130000.0,1,1,1,1,Ontario,1.0,0.0005004253066004098,0,0.0
1.0,45000.0,2,2,3,2,Newfoundland and Labrador,1.0,0.08756375065689526,0,0.0
1.0,82500.0,2,2,3,2,Ontario,1.0,0.014688842344745098,0,0.0
2.0,55000.0,3,1,4,1,British Columbia,1.0,0.15971175258513517,0,0.0
2.0,37000.0,3,2,2,2,British Columbia,3.0,0.40599030109428075,1,1.0
2.0,22000.0,5,2,6,2,Ontario,2.0,0.6395395695555528,1,1.0
2.0,26000.0,5,2,1,2,Quebec,1.0,0.1581757673700694,0,0.0
1.0,100000.0,5,2,7,1,Nova Scotia,1.0,0.002933554279161323,0,0.0
1.0,25000.0,5,2,1,2,British Columbia,1.0,0.502730519038609,1,0.0
2.0,180000.0,1,2,3,1,Ontario,1.0,2.4105613378398126e-05,0,0.0
2.0,30000.0,5,2,2,1,Saskatchewan,1.0,0.4048668746424696,1,0.0
2.0,52500.0,5,2,4,1,Ontario,1.0,0.16749305642396992,0,0.0
2.0,65000.0,5,2,2,2,Nova Scotia,1.0,0.051585105777826185,0,0.0
1.0,85000.0,5,2,4,2,Newfoundland and Labrador,1.0,0.005906589561157046,0,0.0
1.0,100000.0,2,2,4,1,Newfoundland and Labrador,1.0,0.001969982947236013,0,0.0
2.0,23000.0,5,2,2,2,New Brunswick,2.0,0.3785254244963202,1,0.0
1.0,82500.0,1,9,99,1,Alberta,1.0,0.033728484109293,0,0.0
1.0,155000.0,1,1,2,1,Saskatchewan,1.0,6.0734644253911434e-05,0,0.0
2.0,26000.0,5,2,1,2,Saskatchewan,1.0,0.47638355639704333,1,0.0
1.0,380000.0,1,1,6,1,Alberta,1.0,1.4175194725769025e-11,0,0.0
2.0,80000.0,5,2,4,1,Ontario,2.0,0.028165919417474473,0,0.0
2.0,35000.0,5,2,2,2,Newfoundland and Labrador,2.0,0.24085154972036263,0,0.0
1.0,80000.0,1,2,3,1,Newfoundland and Labrador,1.0,0.007884488316470364,0,0.0
2.0,155000.0,5,2,3,1,Manitoba,1.0,8.153282791617067e-05,0,0.0
2.0,75000.0,2,2,3,2,Manitoba,1.0,0.022041163535700067,0,0.0
2.0,115000.0,2,2,7,2,Quebec,1.0,0.0003580937501313254,0,0.0
2.0,19500.0,5,2,1,2,Newfoundland and Labrador,2.0,0.4844341829056608,1,1.0
2.0,35000.0,5,2,4,2,Quebec,1.0,0.09221210681570863,0,0.0
2.0,180000.0,1,1,7,1,Quebec,1.0,3.550799436193743e-06,0,0.0
2.0,33000.0,5,2,1,2,Saskatchewan,2.0,0.3571543875740744,1,0.0
2.0,41000.0,5,2,3,2,Nova Scotia,2.0,0.22895287868889638,0,0.0
1.0,39000.0,5,2,6,1,Saskatchewan,3.0,0.18823472051158782,0,0.0
2.0,19000.0,5,2,1,1,Ontario,3.0,0.6765050522430804,1,1.0
1.0,130000.0,4,2,4,1,Nova Scotia,1.0,0.00034509267889823935,0,0.0
1.0,160000.0,1,1,6,1,Nova Scotia,1.0,4.061411411592271e-05,0,0.0
2.0,62500.0,3,1,4,1,Quebec,1.0,0.01380632874151735,0,0.0
1.0,150000.0,1,1,2,1,Newfoundland and Labrador,1.0,5.643477349777063e-05,0,0.0
1.0,40000.0,5,2,4,2,Alberta,1.0,0.27436109215308147,0,0.0
1.0,125000.0,1,1,7,1,Quebec,1.0,0.00010719198830736376,0,0.0
1.0,42000.0,1,1,2,9,Alberta,3.0,0.2556524796978215,0,1.0
2.0,,3,9,3,2,New Brunswick,1.0,0.038089712154127486,0,0.0
1.0,240000.0,5,2,3,1,British Columbia,1.0,2.659699542371196e-07,0,0.0
2.0,30000.0,5,2,4,2,Quebec,1.0,0.12623862200571642,0,0.0
2.0,8750.0,5,2,2,2,Ontario,1.0,0.814800707995035,1,1.0
2.0,50000.0,5,2,2,2,Ontario,1.0,0.1939026935253845,0,0.0
2.0,82500.0,5,2,6,1,Alberta,1.0,0.029256695250474783,0,0.0
2.0,70000.0,1,1,7,1,Saskatchewan,1.0,0.03839357409559338,0,0.0
2.0,25000.0,5,2,2,2,Saskatchewan,2.0,0.4955686972062114,1,1.0
1.0,220000.0,1,2,6,1,Alberta,1.0,1.1254715240986405e-06,0,0.0
1.0,105000.0,5,2,6,2,Ontario,1.0,0.0031975317295627067,0,0.0
1.0,105000.0,2,2,4,2,Ontario,1.0,0.0030644964417113605,0,0.0
1.0,250000.0,2,2,3,1,Alberta,1.0,1.3471442872278464e-07,0,0.0
1.0,250000.0,1,2,3,1,Newfoundland and Labrador,1.0,4.992896862792401e-08,0,0.0
1.0,95000.0,5,2,6,1,Quebec,1.0,0.0009253133293369826,0,0.0
2.0,30000.0,5,2,2,2,Quebec,1.0,0.12484370693525451,0,0.0
2.0,,1,1,2,1,Alberta,2.0,0.10273578533665009,0,1.0
1.0,97500.0,5,2,2,2,Ontario,1.0,0.005276732368698289,0,0.0
2.0,41000.0,5,2,4,2,Nova Scotia,1.0,0.23007637136325235,0,0.0
2.0,27000.0,5,2,2,2,New Brunswick,1.0,0.3148286312874873,1,0.0
1.0,32000.0,2,2,1,2,Nova Scotia,1.0,0.2515540765822545,0,0.0
1.0,140000.0,1,2,4,1,Quebec,1.0,3.6886443191889226e-05,0,0.0
1.0,115000.0,3,2,3,1,Alberta,1.0,0.0018358435921866513,0,0.0
2.0,70000.0,2,2,7,1,New Brunswick,1.0,0.02144319595760759,0,0.0
1.0,24000.0,5,2,1,2,Newfoundland and Labrador,1.0,0.3000764625423635,1,0.0
1.0,75000.0,1,1,3,1,Alberta,2.0,0.029053158481363844,0,0.0
2.0,72500.0,5,2,6,1,Ontario,1.0,0.04742872173623978,0,0.0
2.0,35000.0,2,2,6,2,Nova Scotia,1.0,0.3095223628325343,1,0.0
2.0,80000.0,1,1,4,1,British Columbia,1.0,0.03101576706214434,0,0.0
2.0,95000.0,1,1,6,1,Ontario,1.0,0.009620511770200341,0,0.0
2.0,57500.0,1,1,99,1,Manitoba,1.0,0.12090349384062489,0,0.0
2.0,36000.0,2,2,1,2,British Columbia,1.0,0.4191078738742431,1,0.0
1.0,97500.0,2,2,4,1,Prince Edward Island,1.0,0.0010771207812099374,0,0.0
1.0,145000.0,1,2,6,1,Manitoba,1.0,0.00010120291255294788,0,0.0
2.0,18000.0,5,2,2,9,New Brunswick,1.0,0.49074618581144425,1,0.0
2.0,30000.0,5,2,3,2,Alberta,2.0,0.5481513726164022,1,1.0
2.0,33000.0,5,2,4,2,New Brunswick,1.0,0.23367463353559625,0,0.0
1.0,130000.0,2,2,6,2,Alberta,1.0,0.0006545087845207429,0,0.0
2.0,17500.0,5,2,6,2,British Columbia,3.0,0.7386011010134894,1,1.0
2.0,,99,9,2,2,Nova Scotia,3.0,0.15003277588203326,0,1.0
1.0,125000.0,2,2,6,2,Alberta,1.0,0.000930660531775807,0,0.0
1.0,135000.0,1,1,6,1,Alberta,1.0,0.0004447665642240451,0,0.0
2.0,75000.0,5,2,7,1,Saskatchewan,1.0,0.028636070436211667,0,0.0
2.0,,99,2,5,2,Alberta,2.0,0.241153673644335,0,1.0
1.0,97500.0,1,1,5,1,Alberta,1.0,0.006170874199149862,0,0.0
2.0,45000.0,3,1,4,1,New Brunswick,1.0,0.11131319632273183,0,0.0
2.0,25000.0,5,2,7,1,Saskatchewan,2.0,0.4997063503182461,1,1.0
2.0,43000.0,99,9,3,2,Alberta,1.0,0.5691374586105348,1,0.0
1.0,110000.0,2,2,4,1,Nova Scotia,1.0,0.001382943504643285,0,0.0
1.0,160000.0,1,1,7,1,Prince Edward Island,2.0,1.3191234951507066e-05,0,0.0
2.0,35000.0,5,2,4,2,Quebec,2.0,0.09221210681570863,0,0.0
1.0,52500.0,5,2,6,2,Quebec,1.0,0.01843663846402878,0,0.0
2.0,14500.0,5,2,3,2,Ontario,1.0,0.7470112961348804,1,0.0
1.0,17500.0,5,2,3,2,Saskatchewan,3.0,0.5123633459381438,1,1.0
2.0,40000.0,5,2,5,2,Ontario,1.0,0.33154260134419306,1,0.0
1.0,55000.0,3,2,2,1,Saskatchewan,1.0,0.06696965274476357,0,0.0
2.0,27000.0,5,2,4,1,Alberta,3.0,0.5976574393710054,1,1.0
2.0,77500.0,2,2,4,2,Ontario,1.0,0.03293795315909784,0,0.0
2.0,,3,1,1,2,Alberta,1.0,0.10542213163587318,0,0.0
2.0,11000.0,5,2,6,2,New Brunswick,1.0,0.5926877297934989,1,0.0
2.0,72500.0,1,2,3,1,New Brunswick,1.0,0.017426181402939802,0,0.0
2.0,85000.0,99,9,2,2,Ontario,1.0,0.05266121493690275,0,0.0
2.0,250000.0,2,2,7,1,Alberta,1.0,2.20558541642145e-07,0,0.0
1.0,190000.0,4,2,3,1,British Columbia,1.0,8.921861356018814e-06,0,0.0
1.0,62500.0,2,2,1,2,Ontario,1.0,0.05681661011134208,0,0.0
1.0,67500.0,5,2,2,1,Quebec,1.0,0.006228989388629498,0,0.0
1.0,67500.0,2,2,2,1,Newfoundland and Labrador,1.0,0.01887972767654126,0,0.0
1.0,41000.0,2,2,2,2,Nova Scotia,1.0,0.15211574499053362,0,0.0
2.0,25000.0,5,2,1,2,Prince Edward Island,1.0,0.2260819433294749,0,0.0
2.0,19000.0,3,1,4,2,Quebec,2.0,0.23350534888552613,0,1.0
1.0,92500.0,1,1,7,1,Quebec,1.0,0.001057358869550282,0,0.0
2.0,97500.0,1,1,6,1,Manitoba,1.0,0.004527524488673545,0,0.0
2.0,24000.0,5,2,2,2,New Brunswick,3.0,0.3620981903774723,1,1.0
1.0,105000.0,1,1,5,1,Ontario,1.0,0.0029804118861218656,0,0.0
2.0,57500.0,5,2,2,1,Saskatchewan,1.0,0.08925223487696252,0,0.0
1.0,80000.0,99,9,6,1,Saskatchewan,1.0,0.033921560600199956,0,0.0
1.0,80000.0,3,2,4,1,Saskatchewan,1.0,0.012334773868857007,0,0.0
1.0,125000.0,2,2,6,1,British Columbia,1.0,0.000868244532572992,0,0.0
2.0,31000.0,5,2,1,2,Alberta,2.0,0.5274824116626617,1,1.0
1.0,,5,2,2,2,Newfoundland and Labrador,2.0,0.027836326055698798,0,1.0
2.0,29000.0,5,2,1,2,Quebec,2.0,0.1320176282460274,0,0.0
2.0,26000.0,99,9,99,2,Saskatchewan,1.0,0.8218826160724114,1,0.0
1.0,90000.0,1,1,3,1,Saskatchewan,1.0,0.005923627777028166,0,0.0
1.0,55000.0,5,2,6,1,Ontario,3.0,0.09669232718075955,0,0.0
2.0,23000.0,5,2,3,2,British Columbia,1.0,0.6529736590242514,1,0.0
1.0,125000.0,2,2,4,1,Saskatchewan,1.0,0.0005188020622303737,0,0.0
2.0,32000.0,6,2,99,9,Ontario,2.0,0.640175876637671,1,1.0
2.0,16500.0,5,2,4,2,Ontario,3.0,0.7207478753719668,1,1.0
1.0,115000.0,3,1,6,1,Quebec,1.0,0.000219790783092079,0,0.0
1.0,260000.0,1,2,6,1,Ontario,1.0,5.487817002792262e-08,0,0.0
2.0,27000.0,5,2,2,1,Ontario,1.0,0.5449910187356573,1,0.0
2.0,135000.0,3,2,4,1,Ontario,1.0,0.000589193600683663,0,0.0
1.0,49000.0,5,2,4,2,New Brunswick,1.0,0.05827252527078829,0,0.0
2.0,65000.0,5,2,7,1,Ontario,2.0,0.0783373494432611,0,0.0
2.0,30000.0,5,2,1,2,Alberta,1.0,0.5450023223942586,1,0.0
2.0,27000.0,5,2,2,2,Alberta,2.0,0.5982605368759238,1,1.0
2.0,33000.0,5,2,4,1,British Columbia,2.0,0.4796867547601386,1,1.0
2.0,47000.0,3,2,3,1,Quebec,1.0,0.0401589406215239,0,0.0
2.0,25000.0,5,2,1,2,Saskatchewan,1.0,0.49398055870464086,1,0.0
1.0,140000.0,99,9,7,2,New Brunswick,1.0,0.0002817925404011055,0,0.0
2.0,40000.0,3,1,3,1,Quebec,1.0,0.06357839142649535,0,0.0
2.0,70000.0,1,1,2,1,Nova Scotia,1.0,0.034622106436124137,0,0.0
1.0,60000.0,2,2,2,1,Quebec,1.0,0.010213421573516783,0,0.0
2.0,30000.0,5,2,5,2,Alberta,2.0,0.551296571843664,1,1.0
2.0,,3,1,6,1,Saskatchewan,2.0,0.06424252861662892,0,1.0
1.0,270000.0,4,1,4,1,Alberta,1.0,3.348995237994796e-08,0,0.0
1.0,195000.0,1,1,7,1,Prince Edward Island,1.0,1.1202624988060726e-06,0,0.0
1.0,125000.0,1,1,6,1,Manitoba,1.0,0.00041030150866974165,0,0.0
2.0,28000.0,5,2,1,2,Quebec,1.0,0.14030262330308005,0,0.0
2.0,25000.0,5,2,1,2,Quebec,1.0,0.16778503298482783,0,0.0
1.0,65000.0,2,2,6,1,Saskatchewan,1.0,0.03477940323077363,0,0.0
1.0,115000.0,5,2,7,1,Newfoundland and Labrador,1.0,0.0007199319403015026,0,0.0
1.0,85000.0,2,2,7,2,Alberta,1.0,0.015458088859621091,0,0.0
2.0,,2,2,99,1,Alberta,2.0,0.1777187641366707,0,1.0
2.0,44000.0,5,2,3,1,Manitoba,1.0,0.1688674415643599,0,0.0
1.0,230000.0,1,1,6,1,Ontario,1.0,4.502311214662862e-07,0,0.0
1.0,19500.0,5,2,1,2,British Columbia,1.0,0.5983120089803778,1,1.0
2.0,47000.0,2,2,2,1,New Brunswick,2.0,0.09692025298762193,0,0.0
1.0,55000.0,2,2,2,2,Newfoundland and Labrador,1.0,0.04501601481573425,0,0.0
2.0,36000.0,2,2,4,1,Quebec,1.0,0.0829811494478806,0,0.0
2.0,24000.0,5,2,2,2,Ontario,1.0,0.6003776542296325,1,0.0
2.0,24000.0,5,2,4,2,British Columbia,2.0,0.6383089838997247,1,1.0
1.0,165000.0,2,2,6,1,Newfoundland and Labrador,1.0,2.0506066715016808e-05,0,0.0
1.0,82500.0,5,2,2,1,Quebec,1.0,0.002173695404792751,0,0.0
1.0,16500.0,2,2,4,1,British Columbia,3.0,0.6419252276536723,1,1.0
2.0,75000.0,2,2,2,1,Quebec,1.0,0.005691625811125735,0,0.0
2.0,8500.0,99,9,2,9,Nova Scotia,2.0,0.8981513350499085,1,1.0
1.0,77500.0,1,1,7,1,Ontario,1.0,0.020584256178741746,0,0.0
2.0,57500.0,6,2,5,1,British Columbia,1.0,0.14292917521568405,0,0.0
2.0,55000.0,2,2,1,1,Ontario,1.0,0.13840212516653683,0,0.0
2.0,31000.0,5,2,4,1,Quebec,1.0,0.11708737903138187,0,0.0
1.0,110000.0,2,2,2,1,Manitoba,1.0,0.001172177938018684,0,0.0
1.0,200000.0,1,1,6,1,Ontario,1.0,3.7274269892425717e-06,0,0.0
2.0,44000.0,1,1,1,2,Alberta,1.0,0.2984122774169794,0,0.0
1.0,60000.0,2,2,6,2,British Columbia,1.0,0.07920222566426571,0,0.0
1.0,100000.0,2,2,4,1,Ontario,1.0,0.00428759687396052,0,0.0
2.0,23000.0,5,2,1,2,Ontario,2.0,0.6156542183305252,1,1.0
2.0,33000.0,5,2,3,2,Quebec,1.0,0.10411106418074652,0,0.0
2.0,100000.0,6,2,5,1,Alberta,1.0,0.008737689405670572,0,0.0
2.0,,99,9,2,2,Prince Edward Island,1.0,0.05389643301844001,0,0.0
1.0,82500.0,3,1,6,1,Quebec,1.0,0.002165889348356646,0,0.0
2.0,95000.0,2,2,6,1,Nova Scotia,1.0,0.006400234808811316,0,0.0
1.0,125000.0,1,2,4,1,Newfoundland and Labrador,1.0,0.00033563101319715395,0,0.0
1.0,130000.0,2,2,3,2,Ontario,1.0,0.0005244762475908069,0,0.0
1.0,77500.0,1,1,4,1,Newfoundland and Labrador,1.0,0.00936361734824669,0,0.0
2.0,17500.0,5,2,4,2,New Brunswick,1.0,0.4761205028321633,1,0.0
2.0,44000.0,1,2,6,1,Nova Scotia,1.0,0.18821395751711528,0,0.0
1.0,39000.0,2,2,3,2,Newfoundland and Labrador,1.0,0.1277492060859743,0,0.0
1.0,40000.0,2,2,4,2,Newfoundland and Labrador,1.0,0.12077495914162213,0,0.0
2.0,82500.0,5,2,6,1,Ontario,1.0,0.024021088615165036,0,0.0
1.0,85000.0,5,2,2,2,Quebec,1.0,0.0018511814395926523,0,0.0
1.0,220000.0,2,2,2,2,British Columbia,1.0,1.0657834184655007e-06,0,0.0
2.0,52500.0,2,2,5,1,New Brunswick,2.0,0.06911415227724324,0,0.0
2.0,37000.0,5,2,4,2,Saskatchewan,1.0,0.29932684033076545,0,0.0
2.0,77500.0,1,2,4,1,Ontario,1.0,0.0321449631271708,0,0.0
2.0,110000.0,5,2,3,1,Ontario,1.0,0.0034664862048118194,0,0.0
2.0,17500.0,5,2,1,2,Quebec,2.0,0.2548371130144276,0,0.0
2.0,100000.0,2,2,99,2,Prince Edward Island,1.0,0.0026722417502974844,0,0.0
2.0,31000.0,5,2,1,1,Alberta,2.0,0.5236885927936468,1,1.0
1.0,125000.0,2,2,3,1,Prince Edward Island,1.0,0.00015432244646286115,0,0.0
2.0,10000.0,5,2,1,2,New Brunswick,1.0,0.6019935331965107,1,0.0
2.0,110000.0,1,1,6,1,Quebec,1.0,0.0004889876437417874,0,0.0
1.0,105000.0,2,2,3,1,Manitoba,1.0,0.0016769843951108688,0,0.0
2.0,19500.0,5,2,6,2,Quebec,1.0,0.2346700830887009,0,0.0
1.0,27000.0,5,2,2,2,Quebec,1.0,0.09943113474554201,0,0.0
2.0,43000.0,2,2,2,2,Quebec,1.0,0.05249042827999956,0,0.0
1.0,155000.0,2,2,6,1,Quebec,1.0,1.3114137092698996e-05,0,0.0
2.0,22000.0,5,2,2,2,Ontario,1.0,0.6336606093877205,1,0.0
1.0,105000.0,5,2,2,1,Ontario,1.0,0.0030706162960927774,0,0.0
2.0,55000.0,5,2,4,1,British Columbia,1.0,0.16364470180354448,0,0.0
1.0,160000.0,5,2,4,1,Newfoundland and Labrador,1.0,2.9672298950617276e-05,0,0.0
1.0,175000.0,2,2,6,1,Ontario,1.0,2.2113177277126426e-05,0,0.0
2.0,62500.0,5,2,7,2,Quebec,1.0,0.01469516893805847,0,0.0
1.0,240000.0,2,2,3,1,Saskatchewan,1.0,1.5615770890564314e-07,0,0.0
1.0,150000.0,2,2,6,1,Nova Scotia,1.0,8.373763938669307e-05,0,0.0
2.0,,2,2,2,2,Saskatchewan,1.0,0.06357833287851625,0,0.0
2.0,32000.0,2,2,2,2,British Columbia,2.0,0.49043748687230543,1,1.0
2.0,44000.0,5,2,2,2,New Brunswick,2.0,0.12180869282982294,0,0.0
2.0,17000.0,5,2,2,2,Saskatchewan,2.0,0.6331912327851789,1,1.0
2.0,25000.0,5,2,1,2,Saskatchewan,1.0,0.49398055870464086,1,0.0
2.0,28000.0,5,2,2,2,Alberta,2.0,0.5812155585934624,1,1.0
1.0,170000.0,2,2,4,2,Quebec,1.0,4.569255140896806e-06,0,0.0
1.0,145000.0,1,1,7,1,Saskatchewan,1.0,0.00012682223066530813,0,0.0
2.0,23000.0,5,2,7,2,Alberta,2.0,0.6708026555195824,1,1.0
2.0,,99,9,99,9,Manitoba,1.0,0.23786374418259212,0,0.0
2.0,23000.0,5,2,3,2,Saskatchewan,1.0,0.5323402763405248,1,0.0
1.0,140000.0,2,2,6,1,British Columbia,1.0,0.00030192607521102973,0,0.0
2.0,52500.0,5,2,7,2,Quebec,1.0,0.029287760357615145,0,0.0
1.0,55000.0,2,2,2,1,Manitoba,1.0,0.053526126228369456,0,0.0
2.0,45000.0,5,2,2,1,British Columbia,1.0,0.2810032691358224,0,0.0
2.0,27000.0,5,2,2,2,Prince Edward Island,1.0,0.20340787115595776,0,0.0
1.0,87500.0,3,2,6,1,British Columbia,1.0,0.012175856769018533,0,0.0
1.0,87500.0,2,2,7,2,Ontario,1.0,0.010636795548100675,0,0.0
2.0,85000.0,2,2,99,9,British Columbia,1.0,0.045229828431349775,0,0.0
1.0,180000.0,1,1,4,1,Alberta,1.0,1.844320411112572e-05,0,0.0
1.0,48000.0,2,2,1,2,New Brunswick,1.0,0.05946222129824471,0,0.0
1.0,205000.0,1,1,6,1,Alberta,1.0,3.2090917949270784e-06,0,0.0
1.0,60000.0,2,2,6,2,Quebec,1.0,0.010632416454767613,0,0.0
2.0,110000.0,6,2,7,1,Alberta,1.0,0.004393618665276421,0,0.0
1.0,72500.0,3,2,4,1,Alberta,1.0,0.03565258906516762,0,1.0
2.0,80000.0,99,9,2,1,Alberta,1.0,0.08705372505910046,0,0.0
2.0,23000.0,5,2,2,2,New Brunswick,1.0,0.3785254244963202,1,0.0
1.0,300000.0,2,2,7,1,Saskatchewan,1.0,2.3369537219912743e-09,0,0.0
2.0,,4,2,6,1,Ontario,1.0,0.09068172342939318,0,0.0
1.0,87500.0,5,2,6,1,Nova Scotia,1.0,0.007004029036063139,0,0.0
2.0,11000.0,5,2,2,2,New Brunswick,1.0,0.5865386470585763,1,0.0
1.0,125000.0,1,1,6,1,Ontario,1.0,0.0007345633790449249,0,0.0
2.0,110000.0,5,2,6,2,Nova Scotia,1.0,0.002336598781656879,0,0.0
2.0,22000.0,5,2,1,2,British Columbia,1.0,0.6659417411131842,1,0.0
2.0,21000.0,5,2,2,2,New Brunswick,1.0,0.4121953249673296,1,0.0
1.0,410000.0,1,2,5,1,Quebec,1.0,2.0317322207873187e-13,0,0.0
2.0,41000.0,3,1,1,2,Quebec,1.0,0.05965097237882973,0,0.0
1.0,190000.0,1,1,6,1,New Brunswick,1.0,2.8490428297432447e-06,0,0.0
2.0,32000.0,5,2,1,2,Saskatchewan,2.0,0.3734886547702309,1,1.0
2.0,22000.0,5,2,2,2,British Columbia,3.0,0.6673536137957071,1,1.0
2.0,85000.0,1,1,6,1,Alberta,1.0,0.023497951071476012,0,0.0
2.0,32000.0,5,2,4,2,Nova Scotia,2.0,0.3603684520201615,1,1.0
2.0,100000.0,5,2,2,1,Quebec,1.0,0.0010122587077186483,0,0.0
1.0,340000.0,3,1,6,1,Alberta,1.0,2.421917426547133e-10,0,0.0
2.0,87500.0,1,1,6,1,New Brunswick,1.0,0.006187178750001865,0,0.0
1.0,82500.0,1,1,7,1,Nova Scotia,3.0,0.009522130892956277,0,0.0
2.0,35000.0,5,2,1,1,Ontario,2.0,0.4038235605834224,1,1.0
2.0,60000.0,2,2,4,2,British Columbia,1.0,0.11937632138860141,0,0.0
2.0,41000.0,5,2,4,2,New Brunswick,2.0,0.1478789371529711,0,0.0
2.0,27000.0,5,2,4,1,Ontario,1.0,0.54814008232802,1,0.0
1.0,180000.0,1,2,2,1,Manitoba,1.0,8.379646438643872e-06,0,0.0
1.0,82500.0,3,1,4,1,Quebec,1.0,0.002138601054111335,0,0.0
2.0,60000.0,5,2,2,2,Newfoundland and Labrador,2.0,0.05168856873607304,0,0.0
2.0,41000.0,5,2,4,1,Ontario,2.0,0.31147297598335616,1,1.0
2.0,34000.0,5,2,2,2,Quebec,1.0,0.09716154459873434,0,0.0
1.0,67500.0,5,2,1,2,Manitoba,1.0,0.0237878830213287,0,0.0
1.0,77500.0,2,2,6,2,Nova Scotia,1.0,0.013865666684288833,0,0.0
2.0,20000.0,3,1,99,9,Newfoundland and Labrador,1.0,0.6462497106903025,1,0.0
2.0,,1,1,4,1,Newfoundland and Labrador,1.0,0.04160398995584016,0,0.0
2.0,175000.0,6,2,3,1,Alberta,1.0,4.4129888960874304e-05,0,0.0
2.0,50000.0,2,2,6,2,Quebec,1.0,0.03353700619312631,0,0.0
1.0,95000.0,2,2,6,2,Quebec,1.0,0.0009118160339434196,0,0.0
2.0,33000.0,99,9,2,2,Quebec,3.0,0.23909649040321243,0,1.0
2.0,62500.0,2,2,2,1,New Brunswick,1.0,0.03475666786381115,0,0.0
2.0,20000.0,5,2,4,2,Quebec,1.0,0.22617066547700415,0,0.0
1.0,75000.0,5,2,2,1,British Columbia,1.0,0.028726188422694105,0,0.0
1.0,190000.0,1,1,6,1,Ontario,1.0,7.540483174527466e-06,0,0.0
2.0,25000.0,5,2,4,2,Ontario,1.0,0.5864449665028731,1,0.0
1.0,24000.0,5,2,3,1,Quebec,3.0,0.11909254311657566,0,1.0
1.0,175000.0,99,9,4,1,Prince Edward Island,1.0,1.2854249215872583e-05,0,0.0
2.0,27000.0,5,2,3,2,Quebec,1.0,0.15063682452665508,0,0.0
2.0,77500.0,5,2,1,1,Ontario,2.0,0.032799607340002764,0,0.0
2.0,23000.0,5,2,6,2,New Brunswick,1.0,0.38452186999578014,1,0.0
1.0,125000.0,2,2,7,2,Nova Scotia,1.0,0.0004978369078198406,0,0.0
1.0,150000.0,3,1,2,1,New Brunswick,1.0,4.745403794940283e-05,0,0.0
2.0,95000.0,3,2,4,1,Ontario,1.0,0.009777180957919664,0,0.0
2.0,16000.0,5,2,4,2,Ontario,2.0,0.7277829113767784,1,1.0
2.0,27000.0,5,2,7,2,Quebec,1.0,0.1539172502042631,0,1.0
2.0,55000.0,2,2,2,1,Manitoba,1.0,0.08279369913836765,0,0.0
1.0,250000.0,1,1,7,1,Alberta,1.0,1.3557514324450515e-07,0,0.0
2.0,70000.0,2,2,4,1,Ontario,1.0,0.053838556349626386,0,0.0
1.0,23000.0,5,2,6,2,Manitoba,1.0,0.36646961126539074,1,0.0
2.0,87500.0,6,2,7,1,Ontario,1.0,0.017285217885659877,0,0.0
2.0,25000.0,5,2,2,2,Ontario,3.0,0.5833599450818475,1,1.0
1.0,87500.0,2,2,2,2,Saskatchewan,1.0,0.007254762611261036,0,0.0
2.0,21000.0,5,2,2,2,Nova Scotia,1.0,0.5470001441480685,1,0.0
2.0,20000.0,5,2,99,9,Newfoundland and Labrador,2.0,0.6528551504900689,1,1.0
1.0,140000.0,2,2,4,2,New Brunswick,1.0,9.862251893260234e-05,0,0.0
2.0,87500.0,3,1,2,1,Manitoba,1.0,0.00906763592812321,0,1.0
2.0,72500.0,1,1,6,1,Alberta,1.0,0.05487036203715421,0,0.0
2.0,41000.0,2,2,6,2,Quebec,1.0,0.06140580680064377,0,0.0
1.0,170000.0,3,1,7,1,Quebec,1.0,4.591005977776106e-06,0,0.0
2.0,33000.0,99,9,2,1,Nova Scotia,2.0,0.5814984919418196,1,1.0
2.0,23000.0,5,2,1,2,Newfoundland and Labrador,2.0,0.4233872731164338,1,1.0
2.0,33000.0,5,2,3,2,Saskatchewan,2.0,0.36007700502288514,1,0.0
2.0,24000.0,5,2,3,2,Prince Edward Island,1.0,0.24096342841206972,0,1.0
1.0,220000.0,2,2,4,1,Quebec,1.0,1.3282536996632355e-07,0,0.0
2.0,26000.0,5,2,1,2,New Brunswick,2.0,0.3288178565408144,1,1.0
2.0,80000.0,5,2,7,2,Ontario,1.0,0.02911944100453125,0,0.0
2.0,67500.0,3,2,4,1,Nova Scotia,1.0,0.04269013324712945,0,0.0
2.0,30000.0,2,2,6,1,Nova Scotia,3.0,0.3857334223238834,1,1.0
2.0,24000.0,5,2,4,2,New Brunswick,1.0,0.36503829075254884,1,0.0
2.0,23000.0,5,2,4,2,New Brunswick,2.0,0.38151913354869915,1,1.0
1.0,105000.0,5,2,1,1,Saskatchewan,2.0,0.002142873750418862,0,0.0
2.0,24000.0,5,2,1,2,Prince Edward Island,1.0,0.23864706304957622,0,0.0
1.0,160000.0,2,2,7,1,Newfoundland and Labrador,1.0,2.935171960358244e-05,0,0.0
2.0,82500.0,99,9,99,1,Nova Scotia,1.0,0.0729361915066434,0,0.0
1.0,85000.0,3,1,7,1,Alberta,1.0,0.015241794759356796,0,0.0
2.0,55000.0,5,2,3,1,Ontario,1.0,0.14356434063677356,0,0.0
2.0,24000.0,5,2,2,9,Prince Edward Island,2.0,0.25975319661993396,0,1.0
2.0,30000.0,5,2,5,2,Quebec,2.0,0.12694106695470186,0,0.0
2.0,19000.0,2,2,3,2,Ontario,1.0,0.6760669507040017,1,1.0
1.0,260000.0,1,2,6,1,Ontario,1.0,5.487817002792262e-08,0,0.0
2.0,140000.0,2,2,7,1,Manitoba,1.0,0.00023350458960809357,0,0.0
2.0,65000.0,6,2,3,1,New Brunswick,1.0,0.030652725086780505,0,0.0
2.0,95000.0,2,2,6,1,Alberta,1.0,0.01197849676473992,0,0.0
2.0,48000.0,2,2,99,9,Prince Edward Island,2.0,0.10415552973072778,0,0.0
1.0,80000.0,1,2,2,2,British Columbia,1.0,0.019883774231533754,0,0.0
1.0,44000.0,2,2,2,2,Ontario,1.0,0.18248209190858697,0,1.0
2.0,41000.0,2,2,2,2,Newfoundland and Labrador,1.0,0.16788623714639675,0,0.0
1.0,180000.0,1,1,7,1,Prince Edward Island,1.0,3.223342194635466e-06,0,0.0
2.0,29000.0,6,2,2,1,Ontario,3.0,0.5123754883723642,1,1.0
2.0,8750.0,5,2,3,2,New Brunswick,3.0,0.6258740021271945,1,1.0
1.0,120000.0,1,1,6,1,Alberta,1.0,0.0012786662123870772,0,0.0
2.0,26000.0,5,2,6,2,Ontario,2.0,0.5723725087687093,1,1.0
2.0,44000.0,2,2,3,2,Quebec,1.0,0.04939214890809573,0,0.0
2.0,150000.0,1,1,3,1,Quebec,1.0,2.8658507150249075e-05,0,0.0
2.0,30000.0,5,2,6,1,Quebec,1.0,0.12596216749755781,0,0.0
2.0,30000.0,5,2,5,2,Quebec,2.0,0.12694106695470186,0,0.0
2.0,24000.0,5,2,1,2,Nova Scotia,2.0,0.492708626216116,1,1.0
1.0,42000.0,2,2,3,2,Alberta,1.0,0.24052599586988554,0,0.0
2.0,22000.0,5,2,2,2,Quebec,1.0,0.20041824683280257,0,0.0
1.0,290000.0,6,2,7,2,Alberta,1.0,8.718045701480248e-09,0,0.0
2.0,35000.0,5,2,3,2,Alberta,1.0,0.4603132358961271,1,0.0
1.0,50000.0,5,2,2,2,Ontario,1.0,0.13096639387030293,0,0.0
2.0,60000.0,1,1,7,1,Newfoundland and Labrador,1.0,0.05012253637200083,0,0.0
2.0,28000.0,5,2,1,2,Ontario,1.0,0.5296792944828744,1,0.0
1.0,130000.0,1,2,7,1,Alberta,1.0,0.0006423035404795118,0,0.0
1.0,36000.0,2,2,5,2,Ontario,1.0,0.28558924910179007,0,0.0
2.0,34000.0,5,2,2,2,Quebec,2.0,0.09716154459873434,0,0.0
1.0,62500.0,5,2,6,2,Quebec,1.0,0.009199367940597872,0,0.0
1.0,72500.0,2,2,3,2,Quebec,1.0,0.0043512426492748665,0,0.0
2.0,24000.0,5,2,6,2,Alberta,1.0,0.6536239482636134,1,0.0
2.0,77500.0,1,1,7,1,Manitoba,1.0,0.018387146752009413,0,0.0
1.0,55000.0,2,2,3,1,Ontario,1.0,0.09249774485473465,0,0.0
1.0,220000.0,2,2,7,1,Quebec,1.0,1.3538126929947491e-07,0,0.0
1.0,33000.0,5,2,2,2,New Brunswick,1.0,0.1586941255962036,0,0.0
1.0,105000.0,2,2,6,2,Saskatchewan,1.0,0.0021796613689572674,0,0.0
2.0,150000.0,99,9,3,1,Alberta,1.0,0.0006916064843413778,0,0.0
2.0,35000.0,5,2,4,2,Ontario,2.0,0.412101735978797,1,1.0
2.0,26000.0,5,2,3,2,Manitoba,1.0,0.4230584378973826,1,0.0
1.0,190000.0,1,1,6,1,Saskatchewan,1.0,5.290861620724683e-06,0,0.0
2.0,28000.0,3,2,2,2,Alberta,1.0,0.5763522772520697,1,0.0
1.0,230000.0,5,2,2,1,British Columbia,1.0,5.346443292266258e-07,0,0.0
1.0,185000.0,5,2,6,2,New Brunswick,1.0,4.320839763922373e-06,0,0.0
2.0,97500.0,1,1,4,1,Ontario,1.0,0.007978137090910543,0,0.0
1.0,155000.0,2,2,1,1,Newfoundland and Labrador,1.0,4.0185519832756494e-05,0,0.0
1.0,240000.0,1,1,6,1,Nova Scotia,1.0,1.4479750375277763e-07,0,0.0
2.0,28000.0,5,2,2,2,Alberta,3.0,0.5812155585934624,1,1.0
2.0,57500.0,5,2,2,1,Quebec,1.0,0.01983782100551236,0,0.0
2.0,24000.0,5,2,3,2,Saskatchewan,2.0,0.5147668961459159,1,1.0
1.0,230000.0,1,1,6,1,Quebec,1.0,6.524345793693532e-08,0,0.0
2.0,55000.0,5,2,2,2,British Columbia,1.0,0.16398834281558142,0,0.0
1.0,26000.0,5,2,3,2,Quebec,1.0,0.10652383435812782,0,0.0
2.0,140000.0,99,9,7,1,New Brunswick,1.0,0.00044291938804271786,0,0.0
2.0,48000.0,3,1,4,1,New Brunswick,1.0,0.09205742022232744,0,0.0
2.0,25000.0,5,2,1,2,Quebec,1.0,0.16778503298482783,0,0.0
1.0,97500.0,3,1,4,1,Ontario,1.0,0.0051138046991894585,0,0.0
2.0,50000.0,2,2,4,2,Quebec,1.0,0.033127591561742636,0,0.0
1.0,62500.0,2,2,4,2,Ontario,1.0,0.05784666336501663,0,0.0
2.0,44000.0,99,9,99,2,Nova Scotia,2.0,0.5462126210278749,1,1.0
2.0,24000.0,5,2,2,2,Prince Edward Island,1.0,0.23980333115088204,0,0.0
2.0,65000.0,2,2,3,2,Quebec,1.0,0.011694061927250192,0,0.0
2.0,32000.0,5,2,1,2,Newfoundland and Labrador,2.0,0.280295105574811,0,1.0
2.0,25000.0,5,2,1,2,Quebec,1.0,0.16778503298482783,0,0.0
2.0,30000.0,5,2,2,2,Quebec,1.0,0.12484370693525451,0,0.0
1.0,52500.0,5,2,4,1,Prince Edward Island,1.0,0.025783729863495496,0,0.0
2.0,22000.0,5,2,1,2,British Columbia,1.0,0.6659417411131842,1,0.0
1.0,67500.0,2,2,4,1,Ontario,1.0,0.04078216274544234,0,0.0
1.0,25000.0,5,2,1,2,Manitoba,1.0,0.327376905528046,1,0.0
1.0,72500.0,2,2,3,1,Manitoba,1.0,0.01631499583438655,0,0.0
1.0,27000.0,5,2,1,2,Newfoundland and Labrador,1.0,0.25763343810482225,0,0.0
2.0,15500.0,5,2,1,2,Newfoundland and Labrador,3.0,0.5546669372790444,1,1.0
1.0,120000.0,3,2,4,1,Alberta,1.0,0.0012996674491123693,0,0.0
1.0,105000.0,99,2,6,1,Prince Edward Island,1.0,0.001691236658423667,0,0.0
1.0,130000.0,1,1,4,1,Saskatchewan,1.0,0.0003579356635030782,0,0.0
1.0,57500.0,4,1,4,1,Ontario,3.0,0.0799944236347512,0,1.0
1.0,27000.0,5,2,1,2,New Brunswick,1.0,0.22242557654385375,0,0.0
1.0,160000.0,1,2,3,1,Newfoundland and Labrador,1.0,2.8331233533846446e-05,0,0.0
1.0,26000.0,5,2,7,2,Nova Scotia,1.0,0.35444540534888763,1,0.0
1.0,65000.0,3,1,4,2,Ontario,1.0,0.049003865197724226,0,0.0
2.0,8500.0,5,2,1,2,New Brunswick,1.0,0.6270224777180607,1,0.0
2.0,16500.0,5,2,1,2,Quebec,1.0,0.26844603642807746,0,0.0
1.0,195000.0,1,1,6,1,Saskatchewan,1.0,3.7198998049532025e-06,0,0.0
1.0,,2,2,4,1,New Brunswick,1.0,0.022337550653534308,0,0.0
2.0,49000.0,3,2,3,1,Newfoundland and Labrador,1.0,0.10310159437832915,0,0.0
2.0,16000.0,5,2,6,2,Ontario,3.0,0.7302929615401015,1,1.0
2.0,13000.0,5,2,1,2,Ontario,1.0,0.7641764290192337,1,0.0
1.0,,99,2,99,1,Prince Edward Island,3.0,0.057577626114245085,0,0.0
1.0,47000.0,5,2,4,1,Ontario,2.0,0.156622243082674,0,0.0
2.0,100000.0,2,2,6,1,Ontario,1.0,0.00691287682631081,0,0.0
1.0,230000.0,1,2,4,1,Manitoba,1.0,2.504892903377495e-07,0,0.0
2.0,23000.0,5,2,2,2,Ontario,1.0,0.6171564423139158,1,0.0
2.0,23000.0,5,2,4,2,Nova Scotia,2.0,0.515082769177372,1,1.0
1.0,60000.0,1,2,3,2,New Brunswick,1.0,0.026497121025696384,0,0.0
2.0,45000.0,5,2,4,1,Ontario,1.0,0.2544399651760601,0,0.0
1.0,97500.0,1,1,7,1,Newfoundland and Labrador,1.0,0.002348563962408171,0,0.0
2.0,75000.0,1,1,3,1,Manitoba,1.0,0.021314658537661554,0,0.0
1.0,150000.0,6,2,3,1,British Columbia,1.0,0.0001524135034583695,0,0.0
1.0,32000.0,5,2,4,1,Ontario,1.0,0.34825456772103147,1,0.0
2.0,24000.0,5,2,2,2,Prince Edward Island,1.0,0.23980333115088204,0,1.0
1.0,77500.0,4,1,4,1,Saskatchewan,1.0,0.014688774507335944,0,0.0
1.0,115000.0,1,1,6,1,New Brunswick,1.0,0.0005615570820477152,0,0.0
2.0,85000.0,2,2,2,1,New Brunswick,1.0,0.0073236520892381975,0,0.0
1.0,25000.0,5,2,2,2,Ontario,1.0,0.46729394048633716,1,0.0
2.0,145000.0,2,2,6,1,Quebec,1.0,4.234399055682117e-05,0,0.0
2.0,57500.0,99,9,6,1,Manitoba,1.0,0.17876819182365786,0,0.0
2.0,27000.0,5,2,2,2,Alberta,2.0,0.5982605368759238,1,1.0
1.0,34000.0,2,2,2,1,Nova Scotia,2.0,0.22441557082803107,0,1.0
2.0,120000.0,6,2,6,1,British Columbia,1.0,0.002048917992838272,0,0.0
1.0,43000.0,5,2,2,2,Ontario,2.0,0.197936626013313,0,1.0
2.0,21000.0,5,2,2,2,Ontario,2.0,0.6498569516235062,1,1.0
2.0,52500.0,5,2,6,2,Quebec,1.0,0.02910767660367265,0,0.0
2.0,110000.0,6,2,6,1,Quebec,1.0,0.0005186601438654407,0,0.0
2.0,21000.0,5,2,2,2,Nova Scotia,1.0,0.5470001441480685,1,0.0
2.0,25000.0,5,2,4,2,Ontario,2.0,0.5864449665028731,1,1.0
2.0,75000.0,5,2,2,2,Ontario,1.0,0.039685393616620705,0,0.0
1.0,26000.0,5,2,2,2,British Columbia,1.0,0.486707694876045,1,0.0
1.0,67500.0,3,1,4,1,Quebec,1.0,0.006128824390385152,0,0.0
1.0,72500.0,2,2,5,2,Nova Scotia,1.0,0.019484787449561246,0,0.0
1.0,,5,2,6,9,New Brunswick,1.0,0.026223025640988266,0,0.0
2.0,36000.0,5,2,2,2,Manitoba,1.0,0.2648023240365262,0,0.0
1.0,82500.0,5,2,3,1,Alberta,1.0,0.01818856053317716,0,0.0
2.0,45000.0,5,2,2,1,Ontario,1.0,0.25203706735121006,0,0.0
2.0,50000.0,6,2,2,1,Manitoba,1.0,0.11786581515346077,0,0.0
1.0,390000.0,1,1,7,1,Alberta,1.0,7.051743885595143e-12,0,0.0
1.0,77500.0,2,2,2,2,Saskatchewan,1.0,0.014568125870577136,0,0.0
2.0,29000.0,2,2,3,2,Quebec,2.0,0.13005729155780285,0,0.0
2.0,23000.0,5,2,6,2,Ontario,2.0,0.623142740725404,1,1.0
2.0,,99,9,99,1,Prince Edward Island,1.0,0.09412843385563753,0,0.0
1.0,40000.0,5,2,7,2,Nova Scotia,1.0,0.1699536053418801,0,0.0
2.0,24000.0,5,2,1,2,Newfoundland and Labrador,1.0,0.40628591066281305,1,0.0
2.0,60000.0,99,9,6,1,Ontario,1.0,0.24635460242334922,0,1.0
2.0,27000.0,5,2,4,2,Saskatchewan,1.0,0.4635812231754475,1,0.0
1.0,19500.0,5,2,2,2,Nova Scotia,2.0,0.456770702582546,1,1.0
2.0,38000.0,3,1,1,2,British Columbia,1.0,0.38545760840576715,1,0.0
2.0,23000.0,5,2,99,2,Nova Scotia,1.0,0.6601378189240446,1,0.0
1.0,270000.0,2,2,7,1,New Brunswick,1.0,1.0418295719319034e-08,0,0.0
2.0,38000.0,5,2,2,1,British Columbia,2.0,0.39024316973209816,1,0.0
2.0,26000.0,5,2,1,2,Saskatchewan,2.0,0.47638355639704333,1,1.0
1.0,120000.0,2,2,6,1,British Columbia,1.0,0.0012344647273725055,0,0.0
2.0,62500.0,3,1,4,1,Ontario,1.0,0.08809741285782073,0,0.0
1.0,115000.0,5,2,2,2,Ontario,1.0,0.0015434994882531307,0,0.0
1.0,72500.0,2,2,4,2,British Columbia,1.0,0.0340047921137529,0,0.0
2.0,55000.0,3,1,2,1,Manitoba,1.0,0.08286240544634907,0,0.0
2.0,110000.0,99,1,3,1,Alberta,1.0,0.010664922723405208,0,0.0
1.0,52500.0,5,2,6,2,Newfoundland and Labrador,1.0,0.05608342829922709,0,0.0
1.0,43000.0,5,2,2,2,Quebec,1.0,0.03452700448997191,0,0.0
2.0,29000.0,5,2,5,2,Prince Edward Island,2.0,0.18437480981791418,0,0.0
2.0,24000.0,5,2,2,2,Ontario,2.0,0.6003776542296325,1,1.0
2.0,26000.0,5,2,2,2,New Brunswick,1.0,0.33022152025041834,1,0.0
2.0,21000.0,5,2,3,2,Alberta,3.0,0.6957877381473795,1,1.0
2.0,75000.0,1,1,4,1,British Columbia,2.0,0.04354384017748865,0,1.0
2.0,27000.0,5,2,1,2,Alberta,1.0,0.5967326163698692,1,0.0
2.0,150000.0,2,2,6,1,Ontario,1.0,0.00020541105886878004,0,0.0
1.0,82500.0,6,2,4,1,Alberta,1.0,0.018482438803995006,0,0.0
2.0,40000.0,1,1,2,1,British Columbia,3.0,0.3461124709142517,1,1.0
2.0,24000.0,5,2,4,2,Nova Scotia,2.0,0.49747307074152974,1,1.0
2.0,30000.0,5,2,3,2,Prince Edward Island,1.0,0.1721953050233819,0,0.0
2.0,145000.0,1,1,3,1,Saskatchewan,1.0,0.00019733362887960223,0,0.0
2.0,60000.0,5,2,6,1,British Columbia,2.0,0.12228845800673029,0,0.0
2.0,135000.0,2,2,3,1,Quebec,1.0,8.404034212761232e-05,0,0.0
1.0,135000.0,1,1,4,1,Prince Edward Island,1.0,7.532864134858226e-05,0,0.0
1.0,195000.0,4,1,7,1,Alberta,1.0,6.73173191741945e-06,0,0.0
2.0,60000.0,5,2,4,2,Ontario,1.0,0.1074829490142279,0,0.0
2.0,77500.0,4,1,7,1,Alberta,1.0,0.04060706790290473,0,0.0
1.0,85000.0,5,2,6,1,New Brunswick,2.0,0.004861413784382527,0,0.0
1.0,240000.0,1,9,3,1,Saskatchewan,1.0,1.647421049464912e-07,0,0.0
2.0,24000.0,5,2,4,2,Ontario,2.0,0.6034223299450114,1,1.0
2.0,52500.0,3,1,6,2,Saskatchewan,1.0,0.12358572875514112,0,0.0
1.0,110000.0,2,2,4,2,Alberta,1.0,0.0026394716687514887,0,0.0
1.0,200000.0,1,2,4,1,Newfoundland and Labrador,1.0,1.7024308821995362e-06,0,0.0
2.0,97500.0,1,1,4,1,Quebec,1.0,0.001164060904313705,0,0.0
1.0,85000.0,2,2,4,2,Quebec,1.0,0.0018196411194883186,0,0.0
2.0,47000.0,3,2,4,2,Newfoundland and Labrador,1.0,0.11912473255939836,0,0.0
2.0,55000.0,3,1,6,1,British Columbia,2.0,0.16142439764021027,0,1.0
1.0,220000.0,1,2,4,1,Alberta,1.0,1.111261201747079e-06,0,0.0
2.0,52500.0,1,1,6,1,Alberta,1.0,0.19197854914130075,0,0.0
1.0,230000.0,1,1,3,1,Saskatchewan,1.0,3.099447430936763e-07,0,0.0
1.0,62500.0,5,2,4,1,Manitoba,1.0,0.03362204558334597,0,0.0
2.0,47000.0,6,2,1,2,Alberta,2.0,0.26750853987147427,0,1.0
2.0,92500.0,1,1,7,1,Alberta,1.0,0.01407556654599756,0,0.0
2.0,90000.0,2,2,2,1,Quebec,1.0,0.0019854757002053876,0,0.0
2.0,23000.0,5,2,1,2,Nova Scotia,2.0,0.5103209404023548,1,1.0
1.0,110000.0,2,2,6,1,Quebec,1.0,0.0003123002624037749,0,0.0
2.0,42000.0,2,2,1,2,Newfoundland and Labrador,2.0,0.1574277200522917,0,0.0
2.0,38000.0,5,2,6,1,Alberta,1.0,0.4093607332140151,1,0.0
2.0,62500.0,1,1,7,1,British Columbia,2.0,0.10067997068213004,0,1.0
1.0,67500.0,2,2,6,2,British Columbia,1.0,0.048261096264060624,0,1.0
1.0,45000.0,5,2,2,1,Ontario,1.0,0.17431198513994492,0,0.0
1.0,37000.0,5,2,2,1,British Columbia,1.0,0.30081371457491574,1,0.0
1.0,47000.0,5,2,2,1,Manitoba,1.0,0.09287774989066043,0,0.0
2.0,26000.0,5,2,4,2,Quebec,1.0,0.16073025783085274,0,0.0
1.0,92500.0,5,2,4,1,Saskatchewan,1.0,0.005253007394536889,0,0.0
1.0,82500.0,2,2,7,1,Alberta,1.0,0.01810819959709266,0,0.0
2.0,29000.0,5,2,1,2,New Brunswick,2.0,0.28395888148805415,0,1.0
2.0,110000.0,99,9,4,1,Alberta,1.0,0.011530515227556205,0,0.0
1.0,175000.0,1,1,3,1,Alberta,1.0,2.6065719787000113e-05,0,0.0
1.0,105000.0,5,2,3,1,Saskatchewan,1.0,0.0021702164451873696,0,0.0
1.0,80000.0,4,1,4,1,Nova Scotia,2.0,0.011457775325169277,0,0.0
2.0,97500.0,1,2,5,1,Ontario,1.0,0.008101134123119268,0,0.0
1.0,170000.0,99,9,5,9,Alberta,1.0,0.00012118023610643466,0,0.0
2.0,17000.0,5,2,99,9,British Columbia,1.0,0.854619000668728,1,0.0
2.0,87500.0,3,1,3,1,Alberta,1.0,0.01979528279009462,0,0.0
2.0,36000.0,6,2,2,2,Ontario,2.0,0.39449100713392615,1,1.0
1.0,65000.0,2,2,3,2,Manitoba,1.0,0.02777159723284026,0,0.0
1.0,46000.0,2,2,6,2,Nova Scotia,1.0,0.11456107885774763,0,0.0
1.0,33000.0,5,2,7,2,British Columbia,1.0,0.3741120965623081,1,0.0
2.0,100000.0,2,2,99,1,British Columbia,1.0,0.01436780634900978,0,0.0
1.0,125000.0,2,2,5,1,Saskatchewan,1.0,0.0005221069093555164,0,0.0
1.0,155000.0,3,2,6,1,Ontario,1.0,9.139789746320512e-05,0,0.0
1.0,110000.0,2,2,4,2,Quebec,1.0,0.00031308446281213317,0,0.0
1.0,97500.0,1,1,6,9,Prince Edward Island,1.0,0.0012086979151070877,0,0.0
2.0,95000.0,5,2,6,1,Prince Edward Island,1.0,0.002137410212921911,0,0.0
1.0,170000.0,1,1,7,1,Newfoundland and Labrador,1.0,1.4235661625249101e-05,0,0.0
1.0,62500.0,2,2,6,2,British Columbia,1.0,0.06727140450878437,0,0.0
1.0,155000.0,1,1,5,1,Ontario,1.0,8.822178716766492e-05,0,0.0
1.0,42000.0,5,2,2,2,Nova Scotia,1.0,0.14696115928569173,0,0.0
1.0,170000.0,4,1,6,1,Alberta,1.0,3.893434368361443e-05,0,0.0
2.0,24000.0,5,2,1,2,Prince Edward Island,1.0,0.23864706304957622,0,0.0
2.0,22000.0,5,2,2,2,British Columbia,3.0,0.6673536137957071,1,1.0
1.0,95000.0,2,2,5,2,Newfoundland and Labrador,1.0,0.0028604719582093845,0,0.0
1.0,,99,9,1,9,Newfoundland and Labrador,1.0,0.07929554403147537,0,0.0
2.0,34000.0,5,2,2,2,Quebec,1.0,0.09716154459873434,0,0.0
1.0,55000.0,3,1,6,1,British Columbia,1.0,0.10762237027609532,0,0.0
1.0,67500.0,5,2,7,2,Ontario,1.0,0.04336888577058866,0,0.0
1.0,125000.0,2,2,7,1,Alberta,1.0,0.0009224570880079971,0,0.0
1.0,90000.0,2,2,1,1,Ontario,1.0,0.008474189853539066,0,0.0
2.0,28000.0,5,2,5,2,Quebec,1.0,0.1433959949598426,0,0.0
2.0,145000.0,1,2,3,1,British Columbia,1.0,0.0003291218468577085,0,0.0
1.0,115000.0,1,1,6,1,Ontario,1.0,0.0014848915420907272,0,0.0
1.0,39000.0,5,2,5,2,Saskatchewan,1.0,0.18959258846830054,0,0.0
1.0,,6,2,4,9,Quebec,3.0,0.010195061588215778,0,0.0
1.0,36000.0,5,2,4,1,British Columbia,2.0,0.31858931448042926,1,0.0
1.0,75000.0,2,2,6,1,British Columbia,1.0,0.028600626242534063,0,0.0
2.0,28000.0,5,2,6,2,Nova Scotia,2.0,0.4306425486139632,1,1.0
1.0,80000.0,5,2,7,1,British Columbia,2.0,0.02101419660065595,0,0.0
2.0,125000.0,1,2,6,1,Ontario,1.0,0.0011826236642151937,0,0.0
2.0,43000.0,2,2,3,1,Newfoundland and Labrador,2.0,0.1479893278304174,0,0.0
2.0,55000.0,5,2,2,1,Alberta,1.0,0.16941289141015406,0,0.0
2.0,75000.0,1,2,2,1,Ontario,1.0,0.0376375080341812,0,0.0
2.0,40000.0,2,2,1,2,Saskatchewan,1.0,0.24771066146421797,0,0.0
2.0,100000.0,99,9,5,1,Ontario,1.0,0.019025041998899556,0,0.0
1.0,145000.0,1,1,4,1,Newfoundland and Labrador,1.0,8.129244737784624e-05,0,0.0
2.0,47000.0,5,2,3,2,Quebec,1.0,0.041536502996560164,0,0.0
2.0,43000.0,5,2,6,2,Quebec,3.0,0.05531171266623179,0,0.0
1.0,140000.0,2,2,5,1,Ontario,1.0,0.0002586783674699289,0,0.0
1.0,240000.0,2,2,6,1,Quebec,1.0,3.2871238833778907e-08,0,0.0
1.0,60000.0,4,2,4,2,Ontario,1.0,0.06950741196717218,0,0.0
2.0,,5,2,4,2,New Brunswick,1.0,0.03675037250957612,0,0.0
1.0,77500.0,5,2,6,1,British Columbia,1.0,0.024806524533627593,0,0.0
1.0,82500.0,2,2,5,2,Quebec,1.0,0.0021831554360958578,0,0.0
2.0,33000.0,3,2,6,2,Ontario,2.0,0.44482279770852967,1,1.0
1.0,46000.0,2,2,6,2,Ontario,1.0,0.16587868677647,0,1.0
2.0,42000.0,5,2,4,2,Alberta,1.0,0.34390756478915313,1,0.0
1.0,300000.0,2,2,5,1,Alberta,1.0,4.026930251946328e-09,0,0.0
2.0,19000.0,5,2,6,2,Ontario,2.0,0.6867003351351912,1,1.0
1.0,100000.0,5,2,7,1,Alberta,2.0,0.005507103119839627,0,0.0
2.0,125000.0,2,2,6,1,Newfoundland and Labrador,1.0,0.0005478896264675332,0,0.0
1.0,82500.0,5,2,4,1,Ontario,1.0,0.014996795034801233,0,0.0
1.0,62500.0,5,2,4,1,Quebec,2.0,0.008948325541971348,0,0.0
1.0,145000.0,1,2,4,1,British Columbia,1.0,0.00020753704953317245,0,0.0
2.0,47000.0,5,2,4,1,New Brunswick,1.0,0.10071611118001503,0,0.0
2.0,72500.0,5,2,1,2,British Columbia,1.0,0.05374806007871421,0,0.0
2.0,23000.0,5,2,2,2,British Columbia,1.0,0.6515326221460543,1,0.0
2.0,23000.0,5,2,4,2,Nova Scotia,2.0,0.515082769177372,1,1.0
1.0,43000.0,5,2,6,2,Alberta,1.0,0.23662505321871743,0,0.0
1.0,525000.0,1,2,7,1,Ontario,1.0,4.299115923050059e-16,0,0.0
2.0,,99,2,2,1,New Brunswick,1.0,0.08655027044593588,0,0.0
2.0,14500.0,3,2,2,2,Ontario,3.0,0.7420084196910731,1,1.0
2.0,30000.0,5,2,2,2,Saskatchewan,1.0,0.4085382132014409,1,0.0
1.0,160000.0,1,2,6,1,Ontario,1.0,6.299254339974866e-05,0,0.0
2.0,42000.0,5,2,3,2,Saskatchewan,1.0,0.22985243167338165,0,0.0
1.0,125000.0,5,2,7,1,Newfoundland and Labrador,1.0,0.00035600647091099864,0,0.0
2.0,110000.0,2,2,4,1,Quebec,1.0,0.0004920949882140475,0,0.0
1.0,150000.0,2,2,7,2,Prince Edward Island,1.0,2.76152845570445e-05,0,0.0
2.0,72500.0,3,1,4,1,New Brunswick,1.0,0.017723702479928594,0,0.0
1.0,65000.0,5,2,1,2,Ontario,1.0,0.04947005465560352,0,0.0
1.0,110000.0,5,2,2,2,Ontario,1.0,0.002193912653622909,0,0.0
2.0,60000.0,3,2,1,2,Quebec,1.0,0.016506490185499777,0,0.0
2.0,47500.0,99,9,3,1,Alberta,2.0,0.486518351650677,1,1.0
1.0,77500.0,2,2,7,2,Quebec,1.0,0.003141820807518931,0,0.0
2.0,52500.0,2,2,3,2,Newfoundland and Labrador,1.0,0.08282358288725769,0,0.0
2.0,16000.0,5,2,4,2,Saskatchewan,2.0,0.6522843494350548,1,1.0
1.0,130000.0,2,2,7,1,Ontario,1.0,0.0005298492797677684,0,0.0
1.0,250000.0,1,1,7,1,Quebec,1.0,1.6044005550038377e-08,0,0.0
2.0,22000.0,5,2,1,2,Alberta,2.0,0.6779038273344569,1,1.0
2.0,29000.0,5,2,2,2,Nova Scotia,1.0,0.4073091970244425,1,1.0
2.0,,99,9,7,9,Nova Scotia,2.0,0.16853140478961404,0,0.0
2.0,22000.0,3,1,2,1,Ontario,1.0,0.6233330659453137,1,0.0
1.0,55000.0,1,2,5,1,British Columbia,2.0,0.10597857177746857,0,1.0
2.0,,99,9,7,9,Manitoba,2.0,0.14818263062968334,0,1.0
1.0,100000.0,5,2,6,1,Ontario,1.0,0.004473490886645064,0,0.0
1.0,90000.0,3,2,6,2,New Brunswick,1.0,0.0034067904404247243,0,0.0
1.0,110000.0,4,1,4,1,New Brunswick,1.0,0.0008123771790306016,0,0.0
1.0,105000.0,1,1,4,1,Nova Scotia,1.0,0.0019288215251056966,0,0.0
2.0,210000.0,1,1,4,1,Manitoba,1.0,1.621459170512776e-06,0,0.0
1.0,75000.0,5,2,2,1,British Columbia,2.0,0.028726188422694105,0,0.0
1.0,72500.0,3,1,4,1,Quebec,1.0,0.004316903828542981,0,0.0
1.0,140000.0,1,1,6,1,Ontario,1.0,0.0002554170815631631,0,0.0
1.0,31000.0,5,2,2,2,British Columbia,3.0,0.39999937830342225,1,1.0
1.0,72500.0,5,2,2,1,Quebec,1.0,0.00438758685924392,0,0.0
1.0,97500.0,2,2,2,1,Manitoba,1.0,0.0028233493544121122,0,0.0
2.0,,99,9,7,9,Newfoundland and Labrador,1.0,0.12496342374666022,0,0.0
2.0,125000.0,1,2,4,1,Newfoundland and Labrador,1.0,0.0005356094986427734,0,0.0
2.0,100000.0,2,2,2,2,Quebec,1.0,0.0009974944298374346,0,0.0
1.0,100000.0,5,2,7,1,Newfoundland and Labrador,1.0,0.0020686756404842653,0,0.0
1.0,95000.0,6,2,4,1,Quebec,1.0,0.0009227909507658911,0,0.0
2.0,50000.0,3,2,4,1,Newfoundland and Labrador,1.0,0.09732280434926438,0,0.0
1.0,120000.0,4,1,5,1,Saskatchewan,1.0,0.0007505516237799356,0,0.0
1.0,195000.0,4,1,7,1,Saskatchewan,1.0,3.857320267203387e-06,0,0.0
2.0,110000.0,1,1,3,1,Newfoundland and Labrador,1.0,0.001516042538531675,0,0.0
1.0,185000.0,1,2,7,1,Manitoba,1.0,6.0817247976986165e-06,0,0.0
1.0,95000.0,1,2,7,2,Prince Edward Island,1.0,0.0013158674961406057,0,0.0
2.0,,3,1,2,1,Newfoundland and Labrador,1.0,0.0418937141783635,0,0.0
2.0,23000.0,5,2,1,2,Prince Edward Island,1.0,0.2516834183548845,0,0.0
1.0,37000.0,2,2,5,2,New Brunswick,1.0,0.12339471382703121,0,0.0
2.0,23000.0,5,2,1,2,New Brunswick,1.0,0.37703201782466905,1,0.0
2.0,31000.0,5,2,2,1,Newfoundland and Labrador,1.0,0.2928871252283044,0,0.0
2.0,70000.0,5,2,4,1,New Brunswick,1.0,0.02167232953103695,0,0.0
2.0,26000.0,5,2,1,2,Alberta,2.0,0.61356594100125,1,1.0
2.0,36000.0,5,2,4,2,Manitoba,1.0,0.26728343432432194,0,0.0
1.0,25000.0,5,2,2,2,British Columbia,3.0,0.5043187520860042,1,1.0
2.0,21000.0,5,2,1,2,New Brunswick,1.0,0.41065685648814243,1,0.0
2.0,14000.0,5,2,2,2,Ontario,1.0,0.7524292941456142,1,1.0
1.0,360000.0,1,2,7,1,Alberta,1.0,5.891292457168083e-11,0,0.0
2.0,130000.0,1,2,6,1,Ontario,1.0,0.0008317699946415466,0,0.0
1.0,,1,1,1,2,Quebec,2.0,0.00849192111495986,0,1.0
2.0,43000.0,5,2,2,1,Alberta,2.0,0.3220628967075065,1,0.0
2.0,100000.0,5,2,4,2,British Columbia,1.0,0.008270837873589336,0,0.0
1.0,145000.0,1,1,7,1,Ontario,1.0,0.00018073643793916578,0,0.0
1.0,190000.0,1,1,6,1,Quebec,1.0,1.092705848355289e-06,0,0.0
2.0,28000.0,5,2,2,2,Alberta,3.0,0.5812155585934624,1,1.0
2.0,35000.0,5,2,6,2,Manitoba,1.0,0.28388214068235634,0,0.0
1.0,49000.0,2,2,2,2,New Brunswick,1.0,0.055976738956072664,0,0.0
1.0,97500.0,2,2,2,1,Quebec,1.0,0.0007342464917691895,0,0.0
1.0,145000.0,2,2,7,1,British Columbia,1.0,0.00021364971083516753,0,0.0
1.0,87500.0,4,1,99,9,Ontario,3.0,0.021230488228258942,0,0.0
2.0,26000.0,5,2,3,2,Alberta,2.0,0.6165743073459184,1,1.0
1.0,35000.0,3,2,4,2,Alberta,2.0,0.34518549611918997,1,1.0
2.0,95000.0,5,2,7,1,Manitoba,1.0,0.0056999653647780415,0,0.0
2.0,27000.0,5,2,3,1,Newfoundland and Labrador,1.0,0.35589614938577013,1,0.0
1.0,85000.0,2,2,2,2,Newfoundland and Labrador,1.0,0.005661482408606393,0,0.0
2.0,22000.0,5,2,2,2,British Columbia,1.0,0.6673536137957071,1,0.0
2.0,82500.0,2,2,4,2,Quebec,1.0,0.0034581454920706756,0,0.0
2.0,72500.0,5,2,2,1,Saskatchewan,1.0,0.03293730690117468,0,0.0
1.0,120000.0,1,1,2,1,British Columbia,1.0,0.001180849348350539,0,0.0
1.0,100000.0,1,1,5,1,Ontario,2.0,0.004233756130520768,0,0.0
1.0,25000.0,2,2,3,1,British Columbia,3.0,0.4946228672915811,1,1.0
1.0,72500.0,2,2,4,1,Alberta,1.0,0.03531124208111509,0,0.0
1.0,37000.0,2,2,1,2,New Brunswick,1.0,0.12067203182473894,0,0.0
2.0,16000.0,5,2,1,2,Quebec,1.0,0.2754204967745585,0,0.0
1.0,85000.0,2,2,4,1,Saskatchewan,1.0,0.008618557691074981,0,0.0
1.0,100000.0,5,2,6,1,Newfoundland and Labrador,1.0,0.002055601412586318,0,0.0
1.0,125000.0,2,2,6,1,New Brunswick,1.0,0.0002830049426156308,0,0.0
2.0,65000.0,2,2,2,2,Quebec,1.0,0.01162086273904076,0,0.0
2.0,40000.0,5,2,2,2,Quebec,1.0,0.0658712760102418,0,0.0
1.0,70000.0,5,2,4,1,Newfoundland and Labrador,1.0,0.016559129674393793,0,0.0
1.0,150000.0,1,2,7,1,Saskatchewan,1.0,8.998177191184265e-05,0,0.0
1.0,115000.0,2,2,4,1,Quebec,1.0,0.00021682013879225202,0,0.0
1.0,62500.0,5,2,4,1,British Columbia,1.0,0.06739707833485714,0,0.0
2.0,95000.0,2,2,4,1,Newfoundland and Labrador,1.0,0.004461141476732659,0,0.0
1.0,140000.0,2,2,2,2,Ontario,1.0,0.0002576860254524558,0,0.0
1.0,190000.0,1,1,6,1,Quebec,1.0,1.092705848355289e-06,0,0.0
2.0,24000.0,5,2,1,2,Ontario,1.0,0.5988523866544868,1,0.0
1.0,77500.0,2,2,4,1,Nova Scotia,1.0,0.013489018856867442,0,0.0
2.0,23000.0,5,2,5,1,Ontario,1.0,0.6180644055660404,1,0.0
1.0,160000.0,4,1,6,1,Manitoba,1.0,3.591618312419254e-05,0,0.0
2.0,32000.0,5,2,2,2,Manitoba,1.0,0.32315131655276363,1,0.0
1.0,70000.0,2,2,2,1,Quebec,1.0,0.005074910587229185,0,0.0
1.0,900000.0,1,2,6,1,British Columbia,1.0,1.660855591434838e-27,0,0.0
2.0,92500.0,1,2,6,2,Ontario,1.0,0.011730505229937786,0,0.0
2.0,26000.0,5,2,2,9,Nova Scotia,1.0,0.48569831226233273,1,0.0
1.0,160000.0,2,2,2,1,Quebec,1.0,8.9889494219048e-06,0,0.0
1.0,220000.0,2,2,2,1,British Columbia,1.0,1.0496900805702504e-06,0,0.0
2.0,30000.0,3,2,2,1,Ontario,2.0,0.48728574513983064,1,1.0
2.0,50000.0,5,2,6,2,Ontario,2.0,0.19790578428261235,0,0.0
2.0,34000.0,5,2,2,1,Saskatchewan,1.0,0.33915646117662046,1,0.0
2.0,220000.0,1,1,5,1,Manitoba,1.0,8.066290678472475e-07,0,0.0
2.0,12000.0,5,2,4,2,Nova Scotia,1.0,0.6974909764916777,1,1.0
2.0,8750.0,5,2,2,2,New Brunswick,1.0,0.6243851658129322,1,0.0
1.0,170000.0,2,2,7,2,British Columbia,1.0,3.727413523488775e-05,0,0.0
2.0,24000.0,5,2,2,2,Ontario,1.0,0.6003776542296325,1,0.0
1.0,77500.0,2,2,4,2,New Brunswick,1.0,0.007997965431890902,0,0.0
1.0,37000.0,2,2,4,2,Nova Scotia,1.0,0.1941029745701505,0,0.0
2.0,40000.0,5,2,7,9,Quebec,1.0,0.07490753696559081,0,0.0
1.0,80000.0,5,2,2,1,New Brunswick,1.0,0.006728313046906845,0,0.0
1.0,105000.0,2,2,5,2,Prince Edward Island,1.0,0.0006491181254734677,0,0.0
2.0,30000.0,5,2,2,1,Newfoundland and Labrador,1.0,0.30768898377320786,1,0.0
2.0,43000.0,3,2,2,1,Alberta,3.0,0.3177229062744042,1,1.0
2.0,24000.0,5,2,1,2,Manitoba,3.0,0.45461953005744654,1,1.0
2.0,17500.0,5,2,2,2,Nova Scotia,1.0,0.6071045382662424,1,0.0
1.0,115000.0,2,2,2,2,Alberta,1.0,0.0018338063685055773,0,0.0
1.0,14000.0,2,2,4,2,Nova Scotia,3.0,0.5490785112278861,1,1.0
2.0,25000.0,5,2,1,2,Prince Edward Island,1.0,0.2260819433294749,0,0.0
1.0,155000.0,1,1,6,1,Ontario,2.0,8.878401686246137e-05,0,0.0
2.0,23000.0,5,2,4,2,New Brunswick,1.0,0.38151913354869915,1,0.0
1.0,400000.0,2,2,7,1,Alberta,1.0,3.5528397372659405e-12,0,0.0
1.0,85000.0,1,1,6,1,Alberta,1.0,0.014852010174163426,0,0.0
2.0,195000.0,2,2,7,1,Prince Edward Island,1.0,1.822482385567631e-06,0,0.0
2.0,80000.0,6,2,6,1,Prince Edward Island,1.0,0.006186447906603966,0,0.0
1.0,550000.0,2,2,6,1,Nova Scotia,1.0,4.8226934010994027e-17,0,0.0
2.0,85000.0,3,2,2,1,Quebec,1.0,0.0028498100359840564,0,0.0
2.0,30000.0,5,2,1,2,Saskatchewan,2.0,0.40700394319097666,1,1.0
2.0,28000.0,5,2,2,2,Saskatchewan,1.0,0.4429748873990287,1,0.0
1.0,190000.0,1,1,6,1,Alberta,1.0,9.233514856946928e-06,0,0.0
1.0,175000.0,1,1,7,1,New Brunswick,1.0,8.249798553749053e-06,0,0.0
2.0,130000.0,6,2,2,1,British Columbia,1.0,0.0009884561606042638,0,0.0
1.0,60000.0,99,1,4,9,New Brunswick,1.0,0.07428929958939111,0,0.0
2.0,36000.0,3,1,4,1,Saskatchewan,3.0,0.3048554907858274,1,1.0
2.0,28000.0,5,2,4,2,Alberta,2.0,0.5843051436007398,1,1.0
2.0,,5,2,4,1,Saskatchewan,1.0,0.06523012574960958,0,0.0
2.0,55000.0,6,2,2,2,Ontario,1.0,0.14589590751738354,0,0.0
1.0,105000.0,5,2,6,1,Saskatchewan,1.0,0.002211884588202242,0,0.0
1.0,48000.0,2,2,4,2,Saskatchewan,1.0,0.10687654655823484,0,0.0
1.0,190000.0,2,2,7,1,Newfoundland and Labrador,1.0,3.545436410769445e-06,0,0.0
1.0,48000.0,5,2,2,2,New Brunswick,1.0,0.06152373516333962,0,0.0
2.0,19000.0,5,2,4,2,Ontario,1.0,0.6839601557195746,1,0.0
2.0,27000.0,5,2,2,2,Ontario,3.0,0.5487613640051658,1,1.0
1.0,100000.0,2,2,2,1,Quebec,1.0,0.0006157372976975235,0,0.0
2.0,87500.0,5,2,7,1,Quebec,1.0,0.0025172264579868533,0,0.0
2.0,11500.0,5,2,6,2,Newfoundland and Labrador,2.0,0.6302152589916142,1,1.0
1.0,31000.0,5,2,4,1,Ontario,3.0,0.3644125403143414,1,0.0
1.0,95000.0,5,2,5,1,Ontario,1.0,0.006310750051005285,0,0.0
2.0,49000.0,3,1,4,1,British Columbia,1.0,0.22484857808600275,0,0.0
1.0,62500.0,2,2,2,2,Quebec,1.0,0.008708453796327991,0,0.0
1.0,97500.0,1,1,4,1,British Columbia,2.0,0.005810007319156253,0,1.0
1.0,48000.0,2,2,2,2,Newfoundland and Labrador,1.0,0.07165929479792232,0,0.0
2.0,42000.0,2,2,2,2,Ontario,2.0,0.29088012337072666,0,1.0
2.0,41000.0,5,2,2,2,Quebec,1.0,0.06166624723241425,0,0.0
2.0,15500.0,5,2,3,2,Ontario,3.0,0.7334657752659303,1,1.0
1.0,170000.0,1,2,4,1,Ontario,1.0,3.074631678630317e-05,0,0.0
2.0,46000.0,3,1,2,1,Ontario,2.0,0.23375061478898854,0,1.0
2.0,28000.0,5,2,1,2,Manitoba,1.0,0.3860725284576111,1,0.0
2.0,48000.0,2,2,2,2,British Columbia,3.0,0.2376567065392928,0,0.0
1.0,120000.0,1,1,4,1,Alberta,1.0,0.001262542003004018,0,0.0
2.0,29000.0,5,2,2,2,Alberta,2.0,0.5639744690094186,1,1.0
1.0,30000.0,2,2,1,2,New Brunswick,1.0,0.18348966397194175,0,0.0
2.0,35000.0,5,2,6,2,Saskatchewan,2.0,0.33250332333224325,1,0.0
1.0,195000.0,1,1,7,1,Ontario,1.0,5.3353568595536e-06,0,0.0
2.0,11000.0,5,2,2,2,Ontario,3.0,0.7896774685243433,1,1.0
2.0,31000.0,3,1,1,2,British Columbia,1.0,0.5066880099627726,1,0.0
1.0,65000.0,2,2,5,2,Alberta,1.0,0.05965848326117803,0,0.0
2.0,140000.0,2,2,6,1,Alberta,1.0,0.0005086890163822622,0,0.0
2.0,67500.0,1,1,4,1,Quebec,1.0,0.009556226318307518,0,0.0
1.0,62500.0,5,2,2,1,Saskatchewan,1.0,0.04138073693299406,0,1.0
1.0,135000.0,2,2,6,2,Nova Scotia,1.0,0.00024459425077330587,0,0.0
2.0,150000.0,4,1,1,1,Ontario,1.0,0.0002011658757258175,0,0.0
2.0,34000.0,5,2,3,2,Prince Edward Island,1.0,0.13564097894792795,0,0.0
2.0,47000.0,5,2,4,1,Ontario,2.0,0.2286437657443893,0,0.0
2.0,26000.0,5,2,1,2,Quebec,2.0,0.1581757673700694,0,1.0
2.0,,5,2,1,2,Nova Scotia,1.0,0.06055317261770207,0,1.0
1.0,160000.0,1,2,6,1,Newfoundland and Labrador,1.0,2.8876383151931155e-05,0,0.0
2.0,13500.0,5,2,3,2,Ontario,1.0,0.7600935856193639,1,0.0
1.0,87500.0,99,2,6,1,Prince Edward Island,1.0,0.005779730166484532,0,0.0
1.0,90000.0,2,2,3,1,Ontario,1.0,0.008581624267835876,0,0.0
1.0,120000.0,2,2,4,2,New Brunswick,1.0,0.0004034846608925876,0,0.0
1.0,190000.0,2,2,2,1,British Columbia,1.0,8.690261240723217e-06,0,0.0
2.0,11500.0,5,2,3,2,Alberta,2.0,0.8170761351196524,1,1.0
2.0,57500.0,6,2,6,9,New Brunswick,1.0,0.05815706454190667,0,0.0
2.0,27000.0,3,1,7,2,Ontario,1.0,0.5494416942786702,1,0.0
1.0,400000.0,1,1,6,1,New Brunswick,1.0,1.0687467696764778e-12,0,0.0
2.0,27000.0,5,2,3,1,Nova Scotia,1.0,0.4395354020469918,1,0.0
1.0,175000.0,2,2,3,1,Quebec,1.0,3.144004286389218e-06,0,0.0
2.0,13500.0,5,2,1,2,Ontario,1.0,0.7577688857265232,1,0.0
2.0,35000.0,5,2,3,2,Nova Scotia,2.0,0.3118487970782569,1,0.0
1.0,72500.0,5,2,2,1,New Brunswick,1.0,0.011359786506004749,0,0.0
1.0,135000.0,3,1,1,1,Alberta,1.0,0.0004395436822975696,0,0.0
2.0,60000.0,6,2,6,1,Ontario,1.0,0.10820122860916298,0,0.0
1.0,92500.0,2,2,2,1,Nova Scotia,1.0,0.004670243574819305,0,0.0
1.0,60000.0,5,2,4,1,Newfoundland and Labrador,2.0,0.03294078962440187,0,0.0
1.0,210000.0,2,2,6,2,Ontario,1.0,1.9067637908234615e-06,0,0.0
1.0,200000.0,1,1,6,1,Alberta,1.0,4.564333763845585e-06,0,0.0
2.0,55000.0,99,2,2,2,Manitoba,2.0,0.1943076230314204,0,0.0
2.0,52500.0,6,2,99,9,Alberta,2.0,0.33946268514205113,1,0.0
2.0,15500.0,5,2,1,2,Saskatchewan,2.0,0.6559425074068788,1,1.0
2.0,105000.0,4,1,5,1,British Columbia,1.0,0.0056698520363930305,0,0.0
1.0,165000.0,1,1,6,1,Manitoba,1.0,2.450777900348919e-05,0,0.0
1.0,67500.0,2,2,4,2,Alberta,1.0,0.050206361527375135,0,0.0
2.0,33000.0,5,2,3,2,Newfoundland and Labrador,2.0,0.2687941952446962,0,1.0
2.0,65000.0,5,2,5,2,Ontario,1.0,0.07851866961461383,0,0.0
1.0,57500.0,4,1,3,2,Quebec,2.0,0.012552586211057098,0,0.0
1.0,135000.0,1,1,4,1,Ontario,1.0,0.00035865968607496273,0,0.0
2.0,105000.0,2,2,7,1,Ontario,1.0,0.004901184116868503,0,0.0
2.0,45000.0,2,2,1,2,Quebec,1.0,0.04563053152408786,0,0.0
1.0,45000.0,5,2,4,2,Ontario,2.0,0.17836729452271746,0,0.0
2.0,26000.0,5,2,1,2,British Columbia,2.0,0.6006221390334044,1,1.0
1.0,,99,9,2,1,Manitoba,1.0,0.08548855607324438,0,0.0
2.0,18000.0,5,2,2,2,British Columbia,3.0,0.7267248552813388,1,1.0
1.0,80000.0,2,2,4,2,New Brunswick,1.0,0.006714952366892695,0,0.0
1.0,,1,9,4,1,New Brunswick,1.0,0.023536602348949373,0,0.0
1.0,210000.0,1,2,4,1,Quebec,1.0,2.6603629090796014e-07,0,0.0
2.0,49000.0,5,2,2,9,Prince Edward Island,1.0,0.05685684575368061,0,0.0
2.0,31000.0,5,2,1,1,New Brunswick,2.0,0.2533096884342003,0,1.0
1.0,120000.0,2,2,6,2,Newfoundland and Labrador,1.0,0.0004957313490985937,0,0.0
2.0,25000.0,5,2,1,2,New Brunswick,2.0,0.3445507708398865,1,0.0
1.0,45000.0,3,2,2,2,Saskatchewan,1.0,0.12848610188261989,0,0.0
1.0,190000.0,5,2,7,1,Ontario,1.0,7.969375275818641e-06,0,0.0
1.0,97500.0,6,2,4,1,New Brunswick,1.0,0.0020152398216448466,0,0.0
1.0,12000.0,5,2,4,2,Ontario,2.0,0.689469141672642,1,1.0
1.0,26000.0,5,2,4,1,Newfoundland and Labrador,2.0,0.2720981069098414,0,1.0
1.0,220000.0,1,1,6,1,Quebec,1.0,1.3198623107001386e-07,0,0.0
1.0,60000.0,2,2,3,2,Nova Scotia,1.0,0.045198663815794585,0,0.0
2.0,29000.0,5,2,3,2,British Columbia,3.0,0.5521578072091876,1,1.0
2.0,42000.0,3,2,6,2,Ontario,3.0,0.2982330679046735,0,1.0
1.0,195000.0,2,2,6,1,New Brunswick,1.0,2.041616930642918e-06,0,0.0
1.0,135000.0,2,2,6,2,Nova Scotia,1.0,0.00024459425077330587,0,0.0
1.0,80000.0,3,2,6,1,Ontario,1.0,0.017707384705143565,0,0.0
1.0,220000.0,1,1,6,1,Ontario,1.0,9.1080833708795e-07,0,0.0
1.0,130000.0,2,2,7,1,British Columbia,1.0,0.000614491220873446,0,0.0
2.0,100000.0,4,1,4,1,Ontario,1.0,0.006900340099044237,0,0.0
2.0,160000.0,4,2,4,9,British Columbia,1.0,0.00013398971007710437,0,0.0
1.0,24000.0,5,2,1,2,Newfoundland and Labrador,1.0,0.3000764625423635,1,0.0
2.0,62500.0,3,2,3,1,British Columbia,2.0,0.10100688949759667,0,1.0
1.0,82500.0,1,2,4,1,Prince Edward Island,1.0,0.0030623596154192236,0,0.0
2.0,80000.0,2,2,5,1,New Brunswick,1.0,0.010582131916133235,0,0.0
2.0,52500.0,5,2,6,2,Newfoundland and Labrador,1.0,0.08662133623384338,0,0.0
2.0,32000.0,99,9,99,9,Newfoundland and Labrador,2.0,0.6872295795141236,1,1.0
2.0,45000.0,5,2,3,1,Ontario,1.0,0.25323663269824265,0,0.0
1.0,160000.0,1,2,3,1,Quebec,1.0,8.956459282048879e-06,0,0.0
1.0,125000.0,1,1,4,1,Prince Edward Island,1.0,0.00015237662665152363,0,0.0
1.0,115000.0,3,1,4,1,Alberta,1.0,0.0018308721941138087,0,0.0
2.0,95000.0,99,9,7,1,Alberta,1.0,0.03307820052844842,0,0.0
1.0,80000.0,2,2,2,1,Nova Scotia,1.0,0.011193692668312567,0,0.0
1.0,125000.0,2,2,6,1,Alberta,1.0,0.0009166204170306491,0,0.0
2.0,65000.0,5,2,2,2,Newfoundland and Labrador,1.0,0.036907585978462075,0,0.0
2.0,45000.0,5,2,4,1,Ontario,1.0,0.2544399651760601,0,0.0
2.0,77500.0,5,2,5,1,British Columbia,2.0,0.03878034507367483,0,0.0
1.0,77500.0,5,2,6,2,New Brunswick,1.0,0.008343379058159042,0,0.0
1.0,125000.0,1,1,6,1,Quebec,1.0,0.00010651320153308543,0,0.0
2.0,67500.0,5,2,7,2,Manitoba,1.0,0.03883623847976748,0,0.0
1.0,27000.0,5,2,7,2,Ontario,2.0,0.44024706479193454,1,1.0
2.0,155000.0,1,1,4,1,Nova Scotia,1.0,9.103442155535404e-05,0,0.0
2.0,260000.0,2,2,6,1,Newfoundland and Labrador,1.0,4.0554898000311776e-08,0,0.0
1.0,155000.0,5,2,7,1,Prince Edward Island,1.0,1.9703554369244843e-05,0,0.0
2.0,41000.0,2,2,3,2,Newfoundland and Labrador,2.0,0.16877566317331996,0,0.0
2.0,72500.0,2,2,1,1,Manitoba,1.0,0.025472965988812653,0,0.0
2.0,46000.0,3,2,2,2,Quebec,1.0,0.04333040553540783,0,0.0
1.0,27000.0,5,2,1,2,Alberta,1.0,0.4810781100334642,1,0.0
1.0,47000.0,1,1,7,1,New Brunswick,1.0,0.0637571668639563,0,0.0
1.0,43000.0,2,2,1,2,Quebec,1.0,0.03333795237235441,0,0.0
2.0,90000.0,2,2,4,2,Ontario,2.0,0.013920808379359854,0,0.0
1.0,,3,9,4,1,Alberta,1.0,0.07381111549278374,0,0.0
1.0,62500.0,2,2,3,2,Quebec,1.0,0.008763470534560341,0,0.0
2.0,87500.0,5,2,5,1,Quebec,1.0,0.0024855226523796225,0,0.0
1.0,155000.0,1,2,4,1,Ontario,1.0,8.846175662604993e-05,0,0.0
1.0,220000.0,2,2,4,1,Ontario,1.0,9.165990479636478e-07,0,0.0
2.0,21000.0,5,2,1,2,Nova Scotia,1.0,0.545425400332953,1,0.0
2.0,8750.0,5,2,2,2,New Brunswick,1.0,0.6243851658129322,1,0.0
2.0,33000.0,5,2,4,2,Prince Edward Island,1.0,0.14490103247673994,0,0.0
1.0,110000.0,1,1,5,1,Quebec,1.0,0.0003044709027475559,0,0.0
1.0,80000.0,5,2,6,1,Ontario,1.0,0.01805772591267247,0,0.0
2.0,140000.0,1,1,7,1,Quebec,1.0,5.946598277800056e-05,0,0.0
1.0,165000.0,1,2,6,1,Saskatchewan,1.0,3.107659395228203e-05,0,0.0
2.0,150000.0,3,2,6,1,Ontario,1.0,0.00020746971242097454,0,0.0
1.0,145000.0,2,2,6,1,Alberta,1.0,0.00022413365326629314,0,0.0
2.0,24000.0,5,2,3,2,Ontario,2.0,0.6019009776496714,1,1.0
1.0,105000.0,5,2,3,1,Manitoba,1.0,0.0017278348655088086,0,0.0
2.0,23000.0,5,2,3,2,Quebec,1.0,0.19034249018708108,0,0.0
2.0,95000.0,1,1,3,1,British Columbia,1.0,0.010933136157944728,0,0.0
2.0,45000.0,6,2,2,2,Ontario,1.0,0.25681523816117285,0,0.0
2.0,47000.0,5,2,6,2,Quebec,1.0,0.04230196087511823,0,0.0
2.0,25000.0,5,2,1,2,Quebec,2.0,0.16778503298482783,0,1.0
1.0,185000.0,1,1,6,1,Nova Scotia,1.0,6.977701373241214e-06,0,0.0
2.0,,99,2,99,1,Prince Edward Island,1.0,0.08885255162760503,0,0.0
2.0,26000.0,5,2,1,2,Quebec,1.0,0.1581757673700694,0,0.0
2.0,42000.0,3,2,4,2,Ontario,3.0,0.29558055789632043,0,1.0
1.0,72500.0,2,2,7,2,Ontario,1.0,0.030006236495127018,0,0.0
2.0,25000.0,5,2,1,2,Saskatchewan,2.0,0.49398055870464086,1,1.0
2.0,23000.0,5,2,2,1,Alberta,3.0,0.6603459198896882,1,1.0
2.0,62500.0,99,9,1,1,Alberta,1.0,0.24536190328340846,0,0.0
2.0,87500.0,2,2,99,1,Saskatchewan,1.0,0.020832825418018112,0,0.0
2.0,20000.0,5,2,7,2,Nova Scotia,1.0,0.572187253962326,1,0.0
1.0,110000.0,1,1,4,1,Ontario,1.0,0.0020840662822006273,0,0.0
1.0,135000.0,1,1,5,1,Alberta,1.0,0.00044195105173873466,0,0.0
2.0,82500.0,5,2,6,2,Saskatchewan,1.0,0.017232066149325487,0,0.0
2.0,90000.0,3,2,4,2,Ontario,1.0,0.014058391516330253,0,0.0
1.0,50000.0,1,9,2,9,Alberta,1.0,0.1736771341864017,0,0.0
1.0,400000.0,1,2,6,1,New Brunswick,1.0,1.0784842568979424e-12,0,0.0
1.0,72500.0,4,1,4,1,Ontario,1.0,0.02933270551312447,0,0.0
1.0,135000.0,5,2,7,1,Newfoundland and Labrador,1.0,0.0001760128589823375,0,0.0
2.0,120000.0,2,2,6,1,British Columbia,1.0,0.001968939034923396,0,0.0
1.0,135000.0,5,2,6,1,Ontario,1.0,0.0003814671346426283,0,0.0
1.0,115000.0,6,2,6,1,Ontario,1.0,0.0015749017548324638,0,0.0
1.0,22000.0,5,2,4,2,Newfoundland and Labrador,1.0,0.33470975717830526,1,0.0
2.0,22000.0,5,2,99,2,Nova Scotia,2.0,0.6757625487582829,1,1.0
2.0,150000.0,6,2,3,1,British Columbia,1.0,0.0002432523593330077,0,0.0
2.0,75000.0,5,2,7,1,Ontario,1.0,0.04032099072004316,0,0.0
1.0,140000.0,1,1,4,1,Quebec,1.0,3.655341270245146e-05,0,0.0
1.0,150000.0,1,2,6,2,Ontario,1.0,0.0001293778319051406,0,0.0
1.0,105000.0,2,2,3,2,Ontario,1.0,0.0030451477360308138,0,0.0
2.0,60000.0,3,2,2,1,Quebec,1.0,0.016363239997490748,0,0.0
2.0,52500.0,99,9,6,2,Saskatchewan,1.0,0.28316553587766147,0,0.0
1.0,37000.0,5,2,2,2,Nova Scotia,1.0,0.19681026841457985,0,0.0
1.0,100000.0,2,2,2,2,Newfoundland and Labrador,1.0,0.001974921442349398,0,0.0
2.0,,5,2,2,2,Prince Edward Island,1.0,0.02050517153694495,0,0.0
2.0,85000.0,1,1,7,1,New Brunswick,1.0,0.007416724131681079,0,0.0
2.0,40000.0,5,2,1,2,Nova Scotia,1.0,0.23930700364174268,0,0.0
2.0,27000.0,5,2,1,2,Quebec,1.0,0.1490182925732184,0,0.0
1.0,92500.0,2,2,2,1,Ontario,2.0,0.007160354727887085,0,0.0
2.0,34000.0,1,1,6,1,British Columbia,2.0,0.45313411936355114,1,1.0
2.0,135000.0,2,2,6,1,Manitoba,1.0,0.00032998193875459367,0,0.0
2.0,57500.0,5,2,4,2,Manitoba,2.0,0.07424227205925799,0,0.0
2.0,19500.0,5,2,3,2,Alberta,3.0,0.7176844835730336,1,1.0
1.0,430000.0,1,1,7,1,Quebec,1.0,4.982673928324672e-14,0,0.0
2.0,165000.0,2,2,2,1,Alberta,1.0,8.523547249974878e-05,0,0.0
2.0,32000.0,5,2,2,2,Alberta,2.0,0.5114821348550997,1,1.0
2.0,25000.0,5,2,1,2,Ontario,1.0,0.5818149667347269,1,1.0
2.0,28000.0,5,2,2,2,Saskatchewan,2.0,0.4429748873990287,1,1.0
1.0,72500.0,1,1,7,1,Saskatchewan,1.0,0.020543542032582317,0,0.0
2.0,52500.0,5,2,6,1,British Columbia,1.0,0.19115751582674592,0,0.0
2.0,82500.0,99,9,7,1,Saskatchewan,1.0,0.045157462291353395,0,0.0
2.0,75000.0,2,2,6,1,Ontario,1.0,0.03894045129359737,0,0.0
2.0,11500.0,5,2,2,2,New Brunswick,3.0,0.5779700868637319,1,1.0
1.0,34000.0,5,2,3,1,Alberta,2.0,0.3609062951493216,1,1.0
2.0,80000.0,5,2,2,1,Alberta,1.0,0.03385511649081611,0,0.0
2.0,26000.0,5,2,4,2,British Columbia,1.0,0.6051852130707385,1,1.0
1.0,72500.0,2,2,2,1,British Columbia,1.0,0.033099445836587485,0,0.0
1.0,160000.0,1,1,4,1,Alberta,1.0,7.547358420792067e-05,0,0.0
2.0,55000.0,5,2,5,2,Quebec,1.0,0.024370491987330274,0,0.0
2.0,24000.0,5,2,1,2,Newfoundland and Labrador,1.0,0.40628591066281305,1,0.0
1.0,115000.0,2,2,6,1,New Brunswick,1.0,0.0005723477665313226,0,0.0
1.0,550000.0,6,2,6,1,Ontario,1.0,7.71435549035945e-17,0,0.0
1.0,23000.0,5,2,2,2,British Columbia,1.0,0.5394651903668416,1,0.0
2.0,60000.0,3,2,2,2,British Columbia,1.0,0.11908939372050314,0,0.0
1.0,65000.0,1,1,6,1,Alberta,2.0,0.05811207251450981,0,0.0
1.0,77500.0,5,2,6,2,British Columbia,1.0,0.025177271041249515,0,0.0
2.0,36000.0,5,2,3,2,Ontario,3.0,0.393626389809229,1,0.0
1.0,,99,2,4,1,Prince Edward Island,1.0,0.03233053100853728,0,0.0
2.0,52500.0,5,2,1,2,Ontario,2.0,0.1669576580114481,0,0.0
2.0,120000.0,1,1,2,1,New Brunswick,1.0,0.0006143437860028202,0,0.0
2.0,52500.0,2,2,5,1,Quebec,1.0,0.027687265063853585,0,0.0
2.0,42000.0,2,2,3,2,Ontario,1.0,0.29219234077017026,0,0.0
2.0,24000.0,5,2,1,2,New Brunswick,2.0,0.3606319858172706,1,0.0
2.0,65000.0,1,2,6,1,British Columbia,1.0,0.08602868248913165,0,0.0
2.0,31000.0,5,2,4,1,Alberta,2.0,0.5284405479933777,1,1.0
1.0,195000.0,2,2,7,1,British Columbia,1.0,6.307161307467942e-06,0,0.0
1.0,110000.0,1,1,6,1,Quebec,1.0,0.00030641084673407073,0,0.0
1.0,145000.0,1,1,6,1,Alberta,2.0,0.00021990653394980244,0,0.0
2.0,80000.0,2,2,4,1,Manitoba,1.0,0.015463269739946479,0,0.0
1.0,155000.0,1,1,4,1,New Brunswick,1.0,3.3123663505899204e-05,0,0.0
1.0,180000.0,1,1,4,1,Saskatchewan,1.0,1.056811258168936e-05,0,0.0
2.0,170000.0,5,2,7,1,Saskatchewan,1.0,3.652536563208165e-05,0,0.0
2.0,24000.0,5,2,4,2,Ontario,1.0,0.6034223299450114,1,0.0
1.0,65000.0,2,2,2,2,Quebec,1.0,0.007312306150822247,0,0.0
2.0,70000.0,5,2,7,1,Ontario,1.0,0.056388956350904136,0,0.0
1.0,185000.0,99,9,2,1,Newfoundland and Labrador,1.0,1.3696848070481598e-05,0,0.0
2.0,82500.0,5,2,7,1,Prince Edward Island,2.0,0.0051738415639545066,0,0.0
2.0,20000.0,5,2,1,2,Quebec,1.0,0.2228522935069105,0,0.0
2.0,50000.0,5,2,6,2,Quebec,1.0,0.03452052875392639,0,0.0
1.0,100000.0,4,2,6,1,Ontario,1.0,0.004429289443670651,0,0.0
2.0,550000.0,5,2,6,1,Ontario,1.0,1.2191045266814026e-16,0,0.0
2.0,28000.0,5,2,2,2,British Columbia,1.0,0.5679511870888474,1,0.0
2.0,67500.0,2,2,5,1,Nova Scotia,1.0,0.04254239477706605,0,0.0
1.0,67500.0,3,2,2,1,Manitoba,1.0,0.0231279447163998,0,0.0
2.0,67500.0,5,2,6,2,Saskatchewan,1.0,0.048028376562828504,0,0.0
2.0,60000.0,3,9,3,1,Saskatchewan,2.0,0.07950814227459162,0,1.0
1.0,140000.0,2,2,4,1,Quebec,1.0,3.725618635863439e-05,0,0.0
1.0,45000.0,2,2,6,2,Ontario,1.0,0.17585815228407134,0,0.0
1.0,48000.0,2,2,1,2,Alberta,1.0,0.17005358260577236,0,0.0
2.0,,5,2,99,2,Saskatchewan,2.0,0.11470018607464981,0,1.0
2.0,57500.0,3,2,3,1,British Columbia,1.0,0.13778612430317821,0,0.0
1.0,70000.0,2,2,4,2,Quebec,1.0,0.005217857704256402,0,0.0
1.0,135000.0,1,1,7,1,Quebec,1.0,5.299003208856044e-05,0,0.0
2.0,25000.0,5,2,4,2,Manitoba,2.0,0.4419084657310421,1,1.0
1.0,220000.0,1,1,2,1,Manitoba,1.0,4.958192465441047e-07,0,0.0
1.0,65000.0,5,2,4,1,Ontario,1.0,0.049651150428888985,0,0.0
1.0,90000.0,5,2,6,1,British Columbia,1.0,0.01043351171324847,0,0.0
2.0,36000.0,5,2,6,1,Ontario,1.0,0.39454440395911256,1,0.0
1.0,77500.0,2,2,6,2,Nova Scotia,1.0,0.013865666684288833,0,0.0
2.0,115000.0,5,2,7,1,Ontario,1.0,0.002502363123562304,0,0.0
2.0,30000.0,5,2,4,2,Alberta,1.0,0.5497244690316776,1,0.0
1.0,62500.0,5,2,2,1,New Brunswick,1.0,0.02271663959186895,0,0.0
1.0,82500.0,2,2,4,2,Prince Edward Island,1.0,0.0031402332982494673,0,0.0
2.0,220000.0,2,2,7,1,British Columbia,1.0,1.729536715182525e-06,0,0.0
1.0,92500.0,5,2,2,2,Newfoundland and Labrador,1.0,0.0034466566278196008,0,0.0
2.0,,3,1,4,2,Alberta,1.0,0.10723319063503481,0,0.0
1.0,190000.0,2,2,6,1,Alberta,1.0,9.411042786940917e-06,0,0.0
2.0,31000.0,5,2,1,1,Prince Edward Island,1.0,0.15862069221027988,0,0.0
2.0,72500.0,3,1,3,1,Ontario,1.0,0.04530324239114565,0,1.0
1.0,77500.0,3,2,1,1,Quebec,1.0,0.003008902556447236,0,0.0
1.0,47500.0,5,2,4,1,Nova Scotia,1.0,0.10445650966051181,0,0.0
2.0,25000.0,5,2,1,2,Alberta,3.0,0.6301321286997045,1,1.0
1.0,270000.0,1,1,6,1,Manitoba,1.0,1.5010732737677293e-08,0,0.0
2.0,35000.0,5,2,4,2,Alberta,1.0,0.4618919353261013,1,0.0
1.0,97500.0,1,2,2,1,Quebec,1.0,0.0007269646065733682,0,0.0
2.0,145000.0,4,1,5,1,Ontario,1.0,0.00029345856815922623,0,0.0
2.0,23000.0,5,2,1,2,Saskatchewan,2.0,0.5291756815179771,1,1.0
1.0,55000.0,2,2,7,1,New Brunswick,1.0,0.038000791545876975,0,0.0
2.0,12500.0,5,2,2,2,British Columbia,2.0,0.7966656380760326,1,1.0
1.0,110000.0,1,2,2,1,Prince Edward Island,1.0,0.00043671990568614134,0,0.0
1.0,80000.0,1,1,4,1,Alberta,3.0,0.02073300989613878,0,1.0
2.0,21000.0,5,2,1,2,Manitoba,2.0,0.5073366680432468,1,1.0
1.0,115000.0,6,2,5,1,Ontario,1.0,0.0015649433312772579,0,0.0
1.0,42000.0,2,2,2,2,Manitoba,1.0,0.12549250386590335,0,0.0
2.0,130000.0,2,2,6,1,Ontario,1.0,0.000840100815620037,0,0.0
1.0,65000.0,5,2,4,1,Quebec,1.0,0.00751401292959589,0,0.0
1.0,50000.0,2,2,6,1,Ontario,2.0,0.12873769983623062,0,0.0
2.0,29000.0,5,2,4,2,Alberta,1.0,0.5670965114059459,1,0.0
2.0,72500.0,1,1,3,1,Saskatchewan,1.0,0.031606640453969,0,0.0
1.0,38000.0,3,2,3,2,Newfoundland and Labrador,1.0,0.13698312529705037,0,0.0
1.0,170000.0,1,2,3,1,Newfoundland and Labrador,1.0,1.4004900260817498e-05,0,0.0
1.0,170000.0,1,1,7,1,Ontario,1.0,3.105499882013273e-05,0,0.0
2.0,27000.0,5,2,2,2,Quebec,2.0,0.14982575814504215,0,0.0
2.0,24000.0,5,2,6,1,British Columbia,3.0,0.6377296018910198,1,1.0
2.0,,99,9,3,1,Manitoba,1.0,0.1305549213386712,0,0.0
2.0,17500.0,5,2,2,2,British Columbia,1.0,0.7336649579262866,1,0.0
2.0,75000.0,5,2,7,1,Newfoundland and Labrador,1.0,0.018895538962770964,0,0.0
1.0,155000.0,6,2,4,1,Ontario,1.0,9.298491190152694e-05,0,0.0
2.0,30000.0,5,2,2,2,New Brunswick,2.0,0.2711072534401388,0,1.0
2.0,115000.0,1,1,4,1,British Columbia,1.0,0.0027109155051355765,0,0.0
2.0,20000.0,5,2,2,2,Quebec,2.0,0.22395454515315874,0,1.0
1.0,190000.0,1,1,7,1,Quebec,1.0,1.0996701773397385e-06,0,0.0
2.0,25000.0,5,2,4,2,British Columbia,3.0,0.6218892727422434,1,1.0
1.0,205000.0,1,1,7,1,Saskatchewan,1.0,1.8505445779471801e-06,0,0.0
1.0,125000.0,5,2,7,2,Ontario,1.0,0.00078820488364091,0,0.0
1.0,80000.0,3,2,4,1,Saskatchewan,1.0,0.012334773868857007,0,0.0
2.0,67500.0,2,2,4,2,Quebec,1.0,0.009885996422216901,0,0.0
1.0,46000.0,2,2,3,2,Prince Edward Island,1.0,0.03935511545232294,0,0.0
2.0,24000.0,5,2,1,2,Ontario,2.0,0.5988523866544868,1,1.0
2.0,220000.0,5,2,7,1,Newfoundland and Labrador,1.0,7.043106971427824e-07,0,0.0
1.0,140000.0,4,2,6,1,Ontario,1.0,0.00026557051514292167,0,0.0
2.0,45000.0,2,2,1,2,Saskatchewan,2.0,0.18798668861126752,0,0.0
1.0,82500.0,3,1,4,1,Nova Scotia,1.0,0.009530517367858043,0,0.0
2.0,72500.0,3,2,3,1,Quebec,1.0,0.006891296141949121,0,0.0
1.0,82500.0,2,2,3,1,Saskatchewan,1.0,0.01019720667743913,0,0.0
2.0,22000.0,5,2,2,2,Quebec,1.0,0.20041824683280257,0,0.0
1.0,130000.0,4,1,7,1,British Columbia,1.0,0.0006212084068978654,0,0.0
1.0,14500.0,5,2,4,2,Newfoundland and Labrador,3.0,0.4604501158314805,1,1.0
2.0,32000.0,5,2,1,2,Manitoba,1.0,0.3217632683707931,1,0.0
1.0,525000.0,1,1,7,1,Ontario,1.0,4.2602997918950567e-16,0,0.0
2.0,130000.0,4,2,4,1,Nova Scotia,1.0,0.0005507055877021303,0,0.0
1.0,155000.0,2,2,7,2,Alberta,1.0,0.00011322194637979589,0,0.0
1.0,45000.0,5,2,2,1,New Brunswick,1.0,0.07387203007008256,0,0.0
1.0,125000.0,2,2,3,1,Alberta,1.0,0.000899330854798293,0,0.0
1.0,44000.0,1,1,6,1,Manitoba,2.0,0.10995747392832182,0,1.0
2.0,47000.0,2,2,4,2,New Brunswick,1.0,0.09939180332344685,0,0.0
1.0,120000.0,2,2,6,1,Saskatchewan,1.0,0.0007471652457296706,0,0.0
2.0,18500.0,5,2,1,2,Nova Scotia,1.0,0.5886402254659373,1,0.0
2.0,65000.0,6,2,4,1,Ontario,1.0,0.07768388072744956,0,0.0
2.0,10000.0,5,2,3,2,Manitoba,2.0,0.6936170822393841,1,1.0
1.0,67500.0,1,1,4,1,Manitoba,2.0,0.022762261041955834,0,0.0
2.0,30000.0,5,2,4,2,Nova Scotia,1.0,0.39344575940701804,1,0.0
1.0,110000.0,1,2,4,1,New Brunswick,1.0,0.0007956254325807414,0,0.0
2.0,77500.0,6,2,3,1,Ontario,1.0,0.033526802679439145,0,0.0
2.0,48000.0,5,2,2,2,Manitoba,1.0,0.13393073991873505,0,0.0
1.0,57500.0,2,2,2,1,Nova Scotia,1.0,0.05235853645760297,0,0.0
1.0,140000.0,5,2,4,2,Ontario,2.0,0.00026890550457204837,0,0.0
1.0,600000.0,2,2,7,1,Nova Scotia,1.0,1.4324860687648662e-18,0,0.0
2.0,11500.0,5,2,5,2,Manitoba,2.0,0.6735103447595014,1,1.0
2.0,42000.0,5,2,6,2,New Brunswick,2.0,0.1407487063537504,0,0.0
1.0,44000.0,5,2,3,2,Manitoba,1.0,0.11445180109655426,0,0.0
2.0,23000.0,5,2,1,2,Saskatchewan,2.0,0.5291756815179771,1,0.0
1.0,190000.0,1,1,4,1,Newfoundland and Labrador,1.0,3.412883288889089e-06,0,0.0
1.0,115000.0,2,2,7,2,British Columbia,1.0,0.0017930756565711383,0,0.0
2.0,50000.0,2,2,4,2,Newfoundland and Labrador,1.0,0.09778419594492238,0,0.0
1.0,135000.0,1,1,6,1,Saskatchewan,1.0,0.00025490142061717795,0,0.0
1.0,280000.0,2,2,6,1,Prince Edward Island,1.0,2.8438228833671258e-09,0,0.0
2.0,,5,2,99,9,Prince Edward Island,1.0,0.04134467597368405,0,0.0
2.0,270000.0,4,1,4,1,British Columbia,1.0,5.0631302372183374e-08,0,0.0
2.0,65000.0,3,1,7,1,British Columbia,1.0,0.08739329318246004,0,0.0
1.0,260000.0,4,2,5,1,Newfoundland and Labrador,1.0,2.575577479772313e-08,0,0.0
2.0,34000.0,3,1,4,2,Ontario,3.0,0.42217651665446176,1,1.0
1.0,110000.0,1,2,4,1,Manitoba,1.0,0.0011753811948943004,0,0.0
1.0,,3,1,99,1,Saskatchewan,2.0,0.07206244664211113,0,1.0
2.0,65000.0,4,1,3,1,British Columbia,2.0,0.08616978491404198,0,1.0
2.0,130000.0,1,1,7,1,Alberta,1.0,0.0010155753483369967,0,0.0
1.0,120000.0,99,9,99,9,New Brunswick,1.0,0.002296870590259788,0,0.0
2.0,55000.0,5,2,7,1,Newfoundland and Labrador,1.0,0.07305990030068273,0,0.0
1.0,120000.0,1,2,4,1,New Brunswick,1.0,0.0003934519816539412,0,0.0
2.0,,3,1,1,2,Saskatchewan,3.0,0.06325470062276665,0,1.0
2.0,25000.0,5,2,1,9,Prince Edward Island,1.0,0.24525857316531705,0,0.0
2.0,,99,9,99,9,Quebec,2.0,0.07492726287361293,0,1.0
2.0,62500.0,3,1,1,1,British Columbia,2.0,0.09904660612823815,0,0.0
1.0,67500.0,5,2,7,2,British Columbia,1.0,0.049954900609851666,0,0.0
1.0,110000.0,2,2,4,1,Nova Scotia,1.0,0.001382943504643285,0,0.0
1.0,25000.0,5,2,2,2,Nova Scotia,1.0,0.3633474474538381,1,1.0
2.0,55000.0,3,1,2,2,Manitoba,2.0,0.08402606556745426,0,1.0
2.0,72500.0,5,2,6,1,Saskatchewan,1.0,0.03375645212511385,0,0.0
1.0,320000.0,2,2,4,1,Saskatchewan,1.0,5.602594532482576e-10,0,0.0
2.0,24000.0,5,2,1,2,Prince Edward Island,3.0,0.23864706304957622,0,1.0
1.0,57500.0,2,2,2,2,Alberta,1.0,0.0955015936312227,0,0.0
2.0,24000.0,5,2,3,2,Saskatchewan,3.0,0.5147668961459159,1,1.0
1.0,175000.0,1,1,4,1,New Brunswick,1.0,8.094049631733333e-06,0,0.0
1.0,430000.0,2,2,4,1,Saskatchewan,1.0,2.412574039785367e-13,0,0.0
1.0,82500.0,3,2,7,2,Alberta,1.0,0.01856155500007578,0,0.0
1.0,125000.0,1,2,7,1,Ontario,1.0,0.0007459719415184935,0,0.0
1.0,45000.0,5,2,2,2,Ontario,2.0,0.1765127297072153,0,0.0
2.0,13000.0,5,2,1,2,Quebec,1.0,0.3195325343677728,1,0.0
1.0,32000.0,5,2,2,2,Newfoundland and Labrador,1.0,0.19714445940935943,0,0.0
2.0,33000.0,1,2,2,2,Quebec,1.0,0.09987550712416289,0,0.0
2.0,175000.0,2,2,6,1,Saskatchewan,1.0,2.4765626569703247e-05,0,0.0
2.0,97500.0,5,2,4,1,Quebec,1.0,0.0012224087203075325,0,0.0
1.0,230000.0,4,2,6,1,British Columbia,1.0,5.429625984549527e-07,0,0.0
1.0,82500.0,2,2,6,1,Ontario,1.0,0.014744589058226268,0,0.0
1.0,90000.0,1,1,4,1,Nova Scotia,1.0,0.005529805161094891,0,0.0
2.0,50000.0,5,2,4,2,Alberta,1.0,0.22977426081592817,0,0.0
2.0,57500.0,5,2,5,2,Quebec,1.0,0.020515357029056446,0,0.0
1.0,70000.0,5,2,3,1,Quebec,1.0,0.0052614021561774105,0,0.0
1.0,125000.0,1,1,6,1,Ontario,1.0,0.0007345633790449249,0,0.0
1.0,125000.0,1,1,4,1,Manitoba,1.0,0.0004051230914691325,0,0.0
2.0,125000.0,2,2,7,1,Quebec,1.0,0.00017437209808799476,0,0.0
2.0,33000.0,3,2,2,2,New Brunswick,2.0,0.22787798990692373,0,1.0
1.0,15000.0,5,2,2,1,Ontario,3.0,0.6360696109253768,1,1.0
2.0,97500.0,2,2,7,1,Ontario,1.0,0.00828543404124044,0,0.0
1.0,24000.0,5,2,1,2,Quebec,1.0,0.11935597944634972,0,0.0
1.0,115000.0,1,1,2,1,New Brunswick,1.0,0.0005474737455058025,0,0.0
1.0,110000.0,5,2,6,1,Saskatchewan,1.0,0.001556151724848635,0,0.0
1.0,49000.0,2,2,4,1,Saskatchewan,3.0,0.09896990913969789,0,0.0
2.0,87500.0,2,2,5,2,Quebec,1.0,0.002449322799541392,0,0.0
1.0,190000.0,1,2,6,1,Ontario,1.0,7.609184949290099e-06,0,0.0
2.0,160000.0,99,9,6,1,Saskatchewan,1.0,0.00019976355470753833,0,0.0
2.0,35000.0,5,2,2,2,Ontario,1.0,0.4090267569144907,1,0.0
1.0,50000.0,5,2,5,2,Ontario,1.0,0.13315096459272988,0,0.0
2.0,49000.0,5,2,2,2,Quebec,1.0,0.036053686602602004,0,0.0
2.0,105000.0,2,2,3,1,Prince Edward Island,1.0,0.0010071981751362705,0,0.0
1.0,135000.0,2,2,4,2,Saskatchewan,1.0,0.00026045345572454643,0,0.0
2.0,25000.0,5,2,1,2,Ontario,1.0,0.5818149667347269,1,1.0
2.0,82500.0,1,1,7,2,Ontario,1.0,0.023387062399109752,0,0.0
1.0,60000.0,2,2,5,2,Quebec,1.0,0.01056579161064614,0,0.0
2.0,52500.0,3,1,4,1,Nova Scotia,1.0,0.11280828263679346,0,0.0
1.0,170000.0,5,2,5,1,Ontario,2.0,3.22016970396414e-05,0,0.0
2.0,30000.0,5,2,7,2,Quebec,2.0,0.12835597939909443,0,1.0
2.0,31000.0,5,2,2,2,Manitoba,2.0,0.3387499437099703,1,1.0
2.0,77500.0,5,2,6,2,Ontario,1.0,0.03432319956839984,0,0.0
2.0,27000.0,5,2,2,2,New Brunswick,1.0,0.3148286312874873,1,0.0
2.0,,5,2,2,9,Newfoundland and Labrador,1.0,0.0483798311447015,0,0.0
2.0,25000.0,1,1,4,2,Ontario,2.0,0.5745210381173822,1,1.0
2.0,60000.0,2,2,6,1,Ontario,2.0,0.10441115210598795,0,0.0
2.0,120000.0,5,2,7,1,Alberta,1.0,0.0021551338716053743,0,0.0
2.0,110000.0,2,2,6,1,British Columbia,1.0,0.003975118545681168,0,0.0
1.0,31000.0,2,2,2,2,Nova Scotia,1.0,0.2662894891529665,0,0.0
1.0,16500.0,5,2,1,2,Newfoundland and Labrador,1.0,0.42104016833591396,1,0.0
2.0,30000.0,5,2,1,2,Ontario,1.0,0.49448585497745307,1,0.0
2.0,120000.0,2,2,2,2,Quebec,1.0,0.00024392402767521313,0,0.0
2.0,33000.0,5,2,6,2,Ontario,1.0,0.44975447216847375,1,0.0
2.0,25000.0,5,2,2,2,British Columbia,2.0,0.618896832232649,1,1.0
2.0,24000.0,5,2,4,2,Nova Scotia,1.0,0.49747307074152974,1,0.0
2.0,65000.0,1,1,2,1,Saskatchewan,1.0,0.05214390158583424,0,0.0
2.0,25000.0,5,2,4,2,Alberta,3.0,0.6345631791717555,1,1.0
1.0,135000.0,2,2,7,1,Ontario,1.0,0.000372584544424496,0,0.0
2.0,19000.0,5,2,3,2,Quebec,1.0,0.23758645433908598,0,0.0
1.0,87500.0,2,2,3,1,Alberta,1.0,0.012483132712947183,0,0.0
2.0,25000.0,5,2,2,2,New Brunswick,1.0,0.34598697477406176,1,0.0
2.0,77500.0,6,2,4,1,Ontario,1.0,0.03373327681197944,0,0.0
2.0,125000.0,2,2,7,1,Quebec,1.0,0.00017437209808799476,0,0.0
1.0,150000.0,6,2,2,1,Manitoba,1.0,7.291747340277838e-05,0,0.0
1.0,19500.0,5,2,2,2,British Columbia,1.0,0.5998379582600881,1,0.0
2.0,45000.0,2,2,5,2,British Columbia,2.0,0.2818834043366223,0,1.0
1.0,165000.0,5,2,6,2,Ontario,1.0,4.679886481809351e-05,0,0.0
2.0,10500.0,5,2,1,2,Nova Scotia,3.0,0.7154503591120436,1,1.0
2.0,925.0,5,2,1,2,British Columbia,1.0,0.897961046534473,1,0.0
2.0,23000.0,5,2,4,2,British Columbia,2.0,0.6544118976004956,1,1.0
1.0,140000.0,2,2,7,1,Nova Scotia,1.0,0.0001704644856823093,0,0.0
1.0,36000.0,3,1,3,2,Nova Scotia,3.0,0.20447463378629496,0,1.0
2.0,110000.0,2,2,4,1,Saskatchewan,1.0,0.0023782285354266067,0,0.0
2.0,28000.0,5,2,99,9,Saskatchewan,2.0,0.6209717029391194,1,1.0
1.0,130000.0,2,2,3,1,Newfoundland and Labrador,1.0,0.00023685455792475766,0,0.0
2.0,44000.0,99,2,4,2,Prince Edward Island,2.0,0.1662262419095997,0,0.0
1.0,180000.0,1,1,7,1,Ontario,1.0,1.535135276079741e-05,0,0.0
1.0,90000.0,2,2,7,1,Alberta,1.0,0.010755277427306701,0,0.0
2.0,23000.0,5,2,7,1,Alberta,2.0,0.6674340498010124,1,1.0
2.0,92500.0,1,1,4,1,New Brunswick,1.0,0.004303293128901033,0,0.0
2.0,16500.0,5,2,1,2,Saskatchewan,3.0,0.6398716656286072,1,1.0
1.0,130000.0,2,2,6,2,Ontario,1.0,0.0005345631164382008,0,0.0
2.0,45000.0,5,2,2,1,British Columbia,1.0,0.2810032691358224,0,0.0
2.0,21000.0,5,2,1,2,New Brunswick,1.0,0.41065685648814243,1,0.0
2.0,40000.0,5,2,4,2,Saskatchewan,1.0,0.25695091907633855,0,0.0
2.0,12500.0,5,2,1,2,Saskatchewan,2.0,0.7019573267841871,1,1.0
1.0,46000.0,3,2,5,1,British Columbia,1.0,0.1856647445696878,0,0.0
2.0,24000.0,5,2,2,2,Saskatchewan,2.0,0.5131798246768502,1,1.0
2.0,67500.0,3,1,6,1,Saskatchewan,1.0,0.04604589932765827,0,0.0
1.0,145000.0,3,1,4,1,Quebec,1.0,2.6218034550675118e-05,0,0.0
1.0,92500.0,2,2,7,1,Quebec,1.0,0.0010776664349128769,0,0.0
1.0,140000.0,2,2,6,1,Newfoundland and Labrador,1.0,0.00011934896314378837,0,0.0
1.0,160000.0,5,2,1,2,Alberta,1.0,7.895686438970174e-05,0,0.0
1.0,140000.0,1,2,2,1,British Columbia,1.0,0.0002914316206615206,0,0.0
1.0,160000.0,2,2,7,1,Newfoundland and Labrador,1.0,2.935171960358244e-05,0,0.0
1.0,50000.0,5,2,3,1,Quebec,1.0,0.02118729425962198,0,0.0
2.0,24000.0,5,2,2,2,Saskatchewan,2.0,0.5131798246768502,1,1.0
1.0,125000.0,2,2,7,1,Alberta,1.0,0.0009224570880079971,0,0.0
2.0,97500.0,1,1,6,1,Ontario,1.0,0.008079333872356376,0,0.0
2.0,49000.0,2,2,2,2,Alberta,1.0,0.23473616669429986,0,0.0
2.0,27000.0,5,2,5,2,Quebec,1.0,0.15226979028724355,0,0.0
1.0,105000.0,5,2,6,1,Ontario,1.0,0.003149400986846202,0,0.0
2.0,28000.0,5,2,2,2,Nova Scotia,2.0,0.4244228410310929,1,1.0
2.0,77500.0,2,2,7,2,British Columbia,1.0,0.03870581758991329,0,0.0
2.0,82500.0,3,2,2,1,Alberta,1.0,0.027995539107312648,0,0.0
2.0,150000.0,3,2,7,1,British Columbia,1.0,0.00024215806309937747,0,0.0
1.0,125000.0,1,2,7,1,Manitoba,1.0,0.00041667603413174674,0,0.0
1.0,120000.0,2,2,3,1,Manitoba,1.0,0.0005834678602853542,0,0.0
1.0,340000.0,2,2,7,2,Alberta,1.0,2.472484654679368e-10,0,0.0
2.0,25000.0,5,2,1,2,Quebec,1.0,0.16778503298482783,0,0.0
2.0,28000.0,5,2,1,1,Quebec,1.0,0.13847742490098186,0,0.0
2.0,82500.0,5,2,4,1,Quebec,1.0,0.003509202825091128,0,0.0
1.0,160000.0,4,2,4,1,New Brunswick,1.0,2.4214790661945233e-05,0,0.0
1.0,29000.0,1,1,2,1,Saskatchewan,3.0,0.303363990916216,1,1.0
1.0,105000.0,2,2,7,1,Ontario,1.0,0.003076264476082925,0,0.0
1.0,80000.0,3,2,4,1,New Brunswick,1.0,0.006680086487957291,0,0.0
2.0,60000.0,5,2,7,1,Alberta,2.0,0.12894562361450304,0,0.0
2.0,30000.0,5,2,1,1,British Columbia,2.0,0.5277250519876862,1,1.0
2.0,24000.0,5,2,3,2,Ontario,1.0,0.6019009776496714,1,0.0
1.0,70000.0,2,2,3,1,Newfoundland and Labrador,1.0,0.01597862013201304,0,0.0
2.0,370000.0,3,2,7,2,Ontario,1.0,3.931830497572955e-11,0,0.0
1.0,105000.0,5,2,6,1,Quebec,1.0,0.0004576151478076419,0,0.0
2.0,22000.0,5,2,99,2,Nova Scotia,2.0,0.6757625487582829,1,1.0
1.0,77500.0,6,2,7,1,Ontario,1.0,0.021806735189757794,0,0.0
1.0,145000.0,1,2,2,1,British Columbia,1.0,0.0002049171988733114,0,0.0
2.0,62500.0,5,2,4,1,Alberta,1.0,0.10856181670215026,0,0.0
1.0,195000.0,1,1,7,1,Nova Scotia,1.0,3.4712140809073897e-06,0,0.0
1.0,330000.0,2,2,4,1,Alberta,1.0,4.833256782337769e-10,0,0.0
1.0,420000.0,4,2,7,1,Quebec,1.0,1.0480656360616277e-13,0,0.0
1.0,130000.0,5,2,6,1,Ontario,1.0,0.0005424791003510142,0,0.0
2.0,23000.0,5,2,1,2,Newfoundland and Labrador,1.0,0.4233872731164338,1,0.0
2.0,65000.0,5,2,4,1,Alberta,1.0,0.09265336202892416,0,0.0
2.0,130000.0,1,1,5,1,Ontario,1.0,0.0008190503504996637,0,0.0
1.0,175000.0,1,1,6,1,New Brunswick,1.0,8.197552067335971e-06,0,0.0
1.0,97500.0,5,2,6,1,Newfoundland and Labrador,1.0,0.0024505575958243095,0,0.0
1.0,70000.0,5,2,1,2,Ontario,1.0,0.0352998680401055,0,0.0
1.0,60000.0,2,2,3,2,Manitoba,1.0,0.03904206445151854,0,0.0
1.0,62500.0,5,2,7,1,Newfoundland and Labrador,1.0,0.028287739842189248,0,0.0
2.0,36000.0,5,2,2,1,Prince Edward Island,1.0,0.11769310646407348,0,0.0
2.0,100000.0,4,1,7,1,Ontario,1.0,0.007032186547880912,0,0.0
1.0,320000.0,2,2,6,1,Ontario,1.0,8.086885757135258e-10,0,0.0
1.0,160000.0,1,1,4,1,Newfoundland and Labrador,1.0,2.825437502732252e-05,0,0.0
2.0,17000.0,5,2,4,1,New Brunswick,1.0,0.48111466187589,1,0.0
2.0,,99,9,6,1,Newfoundland and Labrador,1.0,0.11161801283444063,0,0.0
2.0,87500.0,5,2,6,1,New Brunswick,1.0,0.006495669778773253,0,0.0
1.0,72500.0,6,2,4,1,Nova Scotia,1.0,0.019838061233692975,0,0.0
2.0,22000.0,5,2,1,2,Alberta,3.0,0.6779038273344569,1,1.0
2.0,29000.0,5,2,4,2,Nova Scotia,3.0,0.4103802302851993,1,1.0
1.0,52500.0,2,2,4,1,Nova Scotia,1.0,0.0737222976243304,0,0.0
2.0,51000.0,5,2,3,1,Ontario,2.0,0.1818048326594486,0,0.0
1.0,180000.0,4,2,3,1,Ontario,1.0,1.5561238447505934e-05,0,0.0
1.0,25000.0,5,2,1,2,Newfoundland and Labrador,1.0,0.2854898004808177,0,0.0
2.0,14500.0,5,2,4,2,Newfoundland and Labrador,2.0,0.576656365633639,1,1.0
2.0,55000.0,5,2,6,2,Saskatchewan,1.0,0.10851227725609196,0,0.0
2.0,24000.0,5,2,5,2,British Columbia,2.0,0.6397744707755456,1,1.0
2.0,70000.0,4,1,2,1,New Brunswick,1.0,0.02100925755779905,0,0.0
2.0,23000.0,5,2,2,2,Manitoba,2.0,0.47372115023394584,1,1.0
1.0,125000.0,2,2,4,1,Newfoundland and Labrador,1.0,0.00033899430379037216,0,0.0
2.0,,5,2,99,1,Prince Edward Island,1.0,0.03678064338506171,0,0.0
2.0,87500.0,2,2,4,2,Quebec,1.0,0.0024338487125045386,0,0.0
2.0,82500.0,3,9,4,1,New Brunswick,1.0,0.009499391921123465,0,0.0
1.0,155000.0,1,2,3,1,Ontario,1.0,8.790156748261572e-05,0,0.0
1.0,185000.0,99,9,99,1,Saskatchewan,1.0,3.882736104590083e-05,0,0.0
2.0,,99,2,1,2,Prince Edward Island,1.0,0.05044402894005795,0,0.0
1.0,135000.0,4,1,5,1,British Columbia,1.0,0.0004313259864789836,0,0.0
2.0,70000.0,2,2,7,1,British Columbia,1.0,0.06302785169462224,0,0.0
1.0,51000.0,5,2,5,2,Quebec,1.0,0.020322911300361155,0,0.0
2.0,62500.0,5,2,2,2,Ontario,1.0,0.09066329266113196,0,0.0
1.0,52500.0,2,2,5,1,Ontario,1.0,0.10961670020919514,0,0.0
2.0,90000.0,1,1,1,9,Manitoba,1.0,0.008370316959515246,0,0.0
1.0,150000.0,4,1,7,1,Alberta,1.0,0.00016033291351414433,0,0.0
1.0,240000.0,4,1,4,1,Ontario,1.0,2.2642318285716774e-07,0,0.0
1.0,70000.0,2,2,2,2,British Columbia,1.0,0.03980205364837975,0,0.0
1.0,87500.0,5,2,1,1,British Columbia,2.0,0.012034534596692171,0,0.0
1.0,120000.0,1,1,3,1,Nova Scotia,1.0,0.0006669512151723426,0,0.0
2.0,22000.0,5,2,1,2,Ontario,2.0,0.6321845494787132,1,1.0
2.0,62500.0,5,2,99,1,Saskatchewan,1.0,0.11316420819433264,0,0.0
2.0,62500.0,3,2,1,1,Quebec,1.0,0.013670967846956194,0,0.0
2.0,21000.0,5,2,1,1,Ontario,2.0,0.6449334829992937,1,1.0
2.0,25000.0,5,2,7,2,Quebec,1.0,0.1731753942139902,0,0.0
1.0,85000.0,2,2,4,2,Prince Edward Island,1.0,0.0026344156817521567,0,0.0
1.0,42000.0,5,2,6,1,Alberta,2.0,0.2467483294421417,0,1.0
2.0,75000.0,3,1,3,1,Quebec,1.0,0.005732846340385479,0,0.0
1.0,170000.0,4,1,7,1,Alberta,1.0,3.918248114200609e-05,0,0.0
2.0,22000.0,5,2,6,2,Manitoba,1.0,0.49766448083865267,1,0.0
1.0,105000.0,1,1,4,1,Nova Scotia,1.0,0.0019288215251056966,0,0.0
1.0,130000.0,4,2,6,1,Ontario,1.0,0.0005370980448824492,0,0.0
2.0,23000.0,5,2,4,2,New Brunswick,1.0,0.38151913354869915,1,0.0
1.0,49000.0,99,2,4,9,Manitoba,1.0,0.20621448511706994,0,0.0
1.0,49000.0,2,2,4,2,Saskatchewan,1.0,0.10033502491154125,0,0.0
1.0,44000.0,5,2,1,1,Saskatchewan,2.0,0.13639342760615475,0,0.0
1.0,49000.0,5,2,4,1,Newfoundland and Labrador,1.0,0.06884815438466237,0,0.0
2.0,23000.0,4,1,5,2,British Columbia,2.0,0.651536164330463,1,1.0
1.0,47000.0,5,2,4,1,Ontario,2.0,0.156622243082674,0,0.0
2.0,38000.0,5,2,2,1,Ontario,2.0,0.35558538536760737,1,0.0
1.0,16000.0,5,2,1,2,Ontario,3.0,0.6216952998384693,1,1.0
1.0,92500.0,6,2,4,1,New Brunswick,1.0,0.0028638688320121197,0,0.0
1.0,51000.0,2,2,5,2,Alberta,1.0,0.14539240057671451,0,0.0
1.0,95000.0,5,2,3,1,Saskatchewan,1.0,0.004380580162483695,0,0.0
1.0,44000.0,6,2,4,1,Nova Scotia,1.0,0.13100686187974286,0,0.0
2.0,29000.0,5,2,3,2,Alberta,2.0,0.565536140164294,1,1.0
2.0,97500.0,2,2,7,1,Ontario,1.0,0.00828543404124044,0,0.0
2.0,105000.0,3,2,4,1,Quebec,1.0,0.0007067784040151359,0,0.0
2.0,120000.0,2,2,3,1,Manitoba,1.0,0.0009309770528477323,0,0.0
2.0,92500.0,99,9,5,1,Alberta,1.0,0.038723825823546644,0,0.0
1.0,80000.0,5,2,5,2,Saskatchewan,1.0,0.01285093651431728,0,0.0
2.0,105000.0,2,2,4,1,Saskatchewan,1.0,0.003379196592818856,0,0.0
1.0,26000.0,5,2,1,2,Quebec,1.0,0.10532050593464339,0,1.0
2.0,43000.0,3,1,3,1,Nova Scotia,1.0,0.19791430971548243,0,0.0
2.0,42000.0,2,2,5,2,Quebec,1.0,0.05712514077361006,0,0.0
1.0,72500.0,5,2,4,2,Nova Scotia,1.0,0.019940224889603144,0,0.0
2.0,22000.0,99,9,99,9,New Brunswick,1.0,0.7855806437725991,1,1.0
2.0,24000.0,5,2,3,1,Nova Scotia,2.0,0.4920816005601716,1,1.0
1.0,55000.0,1,1,4,1,Prince Edward Island,1.0,0.02069401432103838,0,0.0
2.0,97500.0,1,1,7,1,Newfoundland and Labrador,1.0,0.003743413823567441,0,0.0
1.0,145000.0,2,2,4,1,Quebec,1.0,2.619433387097538e-05,0,0.0
2.0,21000.0,5,2,6,1,Manitoba,3.0,0.5114729495662544,1,1.0
1.0,110000.0,2,2,4,2,Saskatchewan,1.0,0.0015141342665522582,0,0.0
2.0,26000.0,5,2,2,2,Alberta,2.0,0.6150712238430434,1,1.0
1.0,97500.0,5,2,7,1,Prince Edward Island,1.0,0.0011311333410911725,0,0.0
1.0,52500.0,2,2,1,2,Quebec,1.0,0.017352808325077837,0,0.0
2.0,27000.0,5,2,2,2,Alberta,2.0,0.5982605368759238,1,1.0
2.0,23000.0,2,2,2,1,Saskatchewan,3.0,0.5195027633234958,1,1.0
1.0,60000.0,5,2,4,1,Ontario,1.0,0.06916921446465034,0,0.0
1.0,115000.0,5,2,2,1,Alberta,1.0,0.0018609261450067036,0,0.0
2.0,82500.0,6,2,6,1,Ontario,1.0,0.024256040056671067,0,0.0
2.0,67500.0,3,2,2,1,Saskatchewan,1.0,0.04533331830950254,0,0.0
1.0,52500.0,5,2,4,1,Nova Scotia,1.0,0.07579189386516713,0,0.0
1.0,33000.0,2,2,2,2,British Columbia,1.0,0.35978326963828666,1,0.0
2.0,85000.0,2,2,6,1,Ontario,1.0,0.019635704274613093,0,0.0
1.0,60000.0,2,2,6,1,Ontario,2.0,0.068068930651946,0,0.0
1.0,130000.0,1,9,6,1,Manitoba,1.0,0.00031021494192004403,0,0.0
1.0,140000.0,1,2,6,1,Newfoundland and Labrador,1.0,0.00011816459938891207,0,0.0
1.0,120000.0,2,2,2,1,British Columbia,1.0,0.001203525806296521,0,0.0
1.0,55000.0,2,2,2,2,Nova Scotia,1.0,0.06270816222623644,0,0.0
1.0,165000.0,2,2,4,1,Ontario,1.0,4.416872763462937e-05,0,0.0
2.0,29000.0,5,2,4,2,Ontario,1.0,0.5168584759111775,1,0.0
2.0,19000.0,5,2,4,2,Alberta,3.0,0.7260327567874078,1,1.0
2.0,50000.0,5,2,7,1,Nova Scotia,1.0,0.13727021705797085,0,0.0
2.0,185000.0,2,2,1,1,Ontario,1.0,1.690203064110098e-05,0,0.0
2.0,20000.0,5,2,3,2,Alberta,2.0,0.7104922847733655,1,1.0
1.0,57500.0,5,2,6,2,Quebec,1.0,0.01303376399989557,0,0.0
2.0,95000.0,1,1,7,1,Ontario,1.0,0.009681234274226255,0,0.0
2.0,46000.0,5,2,7,2,British Columbia,1.0,0.27628469720955806,0,0.0
2.0,29000.0,5,2,1,2,Manitoba,1.0,0.3695125055146144,1,1.0
1.0,38000.0,3,2,7,2,British Columbia,2.0,0.29176023561844405,0,1.0
1.0,45000.0,2,2,4,2,Saskatchewan,3.0,0.12879235944013614,0,0.0
2.0,110000.0,1,1,6,1,Ontario,1.0,0.0033646917140398836,0,0.0
1.0,135000.0,99,9,4,9,Newfoundland and Labrador,1.0,0.0005305616850195939,0,0.0
2.0,82500.0,1,1,4,1,Newfoundland and Labrador,1.0,0.010496008286418456,0,0.0
1.0,24000.0,3,2,2,9,Nova Scotia,1.0,0.4003877874428351,1,0.0
2.0,48000.0,5,2,1,2,Manitoba,2.0,0.1331955175321976,0,0.0
1.0,62500.0,5,2,6,1,Manitoba,2.0,0.034037355910970145,0,0.0
1.0,105000.0,3,1,4,1,Ontario,1.0,0.003021084984828287,0,0.0
2.0,13000.0,5,2,1,2,Ontario,2.0,0.7641764290192337,1,1.0
1.0,120000.0,1,1,7,1,British Columbia,2.0,0.0012189162202667421,0,0.0
2.0,110000.0,1,2,6,1,Ontario,1.0,0.003395243761487496,0,0.0
2.0,17000.0,5,2,2,1,British Columbia,1.0,0.7375572590105414,1,0.0
2.0,18000.0,3,9,2,2,Newfoundland and Labrador,1.0,0.5233071375865144,1,0.0
2.0,155000.0,6,2,2,1,Nova Scotia,1.0,9.534178634911547e-05,0,0.0
2.0,13500.0,5,2,99,2,New Brunswick,2.0,0.6877877632628747,1,1.0
1.0,145000.0,2,2,4,1,Alberta,1.0,0.0002213043412168087,0,0.0
1.0,110000.0,1,2,99,9,Ontario,1.0,0.004333669011174218,0,0.0
2.0,17500.0,5,2,1,2,British Columbia,2.0,0.7324216863804696,1,1.0
2.0,115000.0,2,2,6,1,Ontario,1.0,0.0024134290373521317,0,0.0
2.0,100000.0,4,1,2,1,British Columbia,1.0,0.007894367281055938,0,1.0
2.0,40000.0,2,2,2,2,Alberta,2.0,0.36641124696672506,1,1.0
2.0,67500.0,2,2,6,2,Ontario,2.0,0.06523136288093341,0,0.0
2.0,70000.0,5,2,6,1,Saskatchewan,1.0,0.039998174297278054,0,0.0
2.0,24000.0,5,2,1,2,British Columbia,2.0,0.6338971486217,1,1.0
2.0,115000.0,99,9,4,1,New Brunswick,1.0,0.002524184710110491,0,0.0
2.0,95000.0,1,1,7,1,Saskatchewan,1.0,0.006812604406251985,0,0.0
2.0,97500.0,1,1,4,1,Saskatchewan,1.0,0.005611289645025185,0,0.0
2.0,21000.0,5,2,4,2,Alberta,1.0,0.6971308380425297,1,0.0
1.0,180000.0,1,1,5,1,Quebec,1.0,2.1965206525461508e-06,0,0.0
1.0,150000.0,6,2,6,1,Ontario,1.0,0.000133939571142808,0,0.0
1.0,125000.0,4,2,3,1,Ontario,1.0,0.0007493412328295433,0,0.0
2.0,65000.0,99,9,6,2,Ontario,1.0,0.1891993878529561,0,0.0
1.0,80000.0,1,1,5,1,Ontario,2.0,0.017102517091294706,0,0.0
2.0,22000.0,5,2,2,2,Alberta,2.0,0.6792894907972801,1,1.0
1.0,90000.0,3,1,4,1,Manitoba,1.0,0.004844937610316915,0,0.0
2.0,34000.0,3,1,4,1,Ontario,3.0,0.4184693311155784,1,1.0
2.0,65000.0,5,2,7,1,British Columbia,1.0,0.08973555982332655,0,0.0
1.0,270000.0,1,1,4,1,Alberta,1.0,3.25026818492788e-08,0,0.0
1.0,155000.0,1,2,2,1,Manitoba,2.0,4.8773886769960524e-05,0,0.0
2.0,195000.0,1,1,7,1,British Columbia,1.0,9.877219130573276e-06,0,0.0
1.0,100000.0,2,2,4,1,Saskatchewan,1.0,0.0030122851875529744,0,0.0
1.0,19000.0,5,2,3,2,British Columbia,1.0,0.6097762580082541,1,0.0
1.0,190000.0,1,1,7,1,Saskatchewan,1.0,5.324582631110592e-06,0,0.0
2.0,41000.0,5,2,2,2,Newfoundland and Labrador,1.0,0.1721081154671694,0,0.0
2.0,,99,9,6,1,New Brunswick,3.0,0.09384202872944304,0,0.0
2.0,57500.0,3,1,4,1,British Columbia,1.0,0.13746370458678833,0,0.0
1.0,77500.0,2,2,6,2,Ontario,1.0,0.021154449640264857,0,0.0
2.0,24000.0,5,2,3,2,Nova Scotia,2.0,0.495884828839709,1,1.0
1.0,90000.0,5,2,4,1,Nova Scotia,1.0,0.00580571119912693,0,0.0
1.0,320000.0,2,2,6,1,Ontario,1.0,8.086885757135258e-10,0,0.0
1.0,400000.0,1,1,4,9,New Brunswick,1.0,1.1918440511774617e-12,0,0.0
2.0,22000.0,5,2,6,2,Nova Scotia,3.0,0.5358168180328806,1,1.0
1.0,115000.0,2,2,6,1,British Columbia,1.0,0.0017548830328141358,0,0.0
2.0,37000.0,2,2,5,2,Quebec,1.0,0.07933598850901562,0,0.0
1.0,,5,2,1,2,New Brunswick,3.0,0.02291421422554698,0,1.0
1.0,110000.0,2,2,2,1,Nova Scotia,1.0,0.0013655061378532265,0,0.0
2.0,20000.0,5,2,1,2,New Brunswick,2.0,0.42780962982656373,1,1.0
2.0,45000.0,2,2,3,2,Quebec,1.0,0.04618708511985394,0,0.0
2.0,18000.0,5,2,99,9,British Columbia,1.0,0.8456445018384671,1,0.0
2.0,30000.0,2,2,4,1,Ontario,1.0,0.48796838158723826,1,0.0
1.0,440000.0,1,2,6,1,Saskatchewan,1.0,1.1958468183216252e-13,0,0.0
2.0,26000.0,5,2,2,2,Ontario,1.0,0.5661412380792059,1,0.0
1.0,72500.0,3,2,4,1,Alberta,1.0,0.03565258906516762,0,0.0
1.0,82500.0,5,2,4,1,Newfoundland and Labrador,1.0,0.006930733323165305,0,0.0
1.0,110000.0,2,2,3,2,Ontario,1.0,0.0021429171342982477,0,0.0
2.0,43000.0,3,2,7,2,Quebec,1.0,0.05460560527651459,0,0.0
2.0,67500.0,4,1,4,2,Ontario,2.0,0.06511999887418021,0,1.0
2.0,49000.0,2,2,4,2,Ontario,1.0,0.20236030723148535,0,0.0
2.0,30000.0,5,2,1,2,Saskatchewan,1.0,0.40700394319097666,1,1.0
1.0,97500.0,4,1,2,1,Manitoba,1.0,0.002854143267055823,0,0.0
2.0,72500.0,5,2,5,2,Quebec,2.0,0.007226765779340554,0,0.0
1.0,170000.0,2,2,7,1,Ontario,1.0,3.1652063656560635e-05,0,0.0
2.0,26000.0,5,2,2,2,Quebec,1.0,0.15902358073199846,0,0.0
2.0,55000.0,2,2,2,1,Ontario,1.0,0.13916147332268242,0,0.0
1.0,40000.0,2,2,4,2,Manitoba,1.0,0.143343404135875,0,0.0
2.0,50000.0,2,2,1,2,Quebec,1.0,0.032522507164629816,0,0.0
1.0,140000.0,2,2,5,1,British Columbia,1.0,0.0003000145166248737,0,0.0
2.0,47500.0,5,2,7,2,Quebec,1.0,0.041147486424725425,0,0.0
2.0,165000.0,1,1,4,1,Nova Scotia,1.0,4.500222059182484e-05,0,0.0
2.0,25000.0,5,2,2,2,Saskatchewan,1.0,0.4955686972062114,1,0.0
2.0,15500.0,5,2,2,2,Quebec,3.0,0.28379574354981163,0,1.0
2.0,60000.0,6,2,2,1,Quebec,1.0,0.016851898249081527,0,0.0
2.0,65000.0,2,2,6,1,Alberta,1.0,0.09121612007158886,0,0.0
1.0,44000.0,5,2,2,2,Ontario,1.0,0.1869885352210232,0,0.0
2.0,82500.0,5,2,4,1,Quebec,1.0,0.003509202825091128,0,0.0
1.0,120000.0,1,1,7,1,New Brunswick,2.0,0.00039740065180272546,0,0.0
2.0,,99,9,6,9,Manitoba,2.0,0.1473824853348491,0,0.0
2.0,80000.0,5,2,6,1,Saskatchewan,1.0,0.020180071113489826,0,0.0
2.0,65000.0,3,2,4,1,Prince Edward Island,1.0,0.01687405392987697,0,0.0
2.0,65000.0,3,2,2,1,Saskatchewan,1.0,0.0535969173320365,0,0.0
2.0,62500.0,3,1,2,1,Alberta,1.0,0.10458929506441407,0,0.0
1.0,92500.0,5,2,2,1,Nova Scotia,1.0,0.004811419911038867,0,0.0
2.0,145000.0,99,9,7,1,Alberta,1.0,0.0010086809290457703,0,0.0
1.0,32000.0,99,9,99,9,Nova Scotia,2.0,0.6614536997760276,1,1.0
2.0,22000.0,5,2,2,2,New Brunswick,1.0,0.3952361611896752,1,0.0
2.0,32000.0,3,2,4,2,Saskatchewan,2.0,0.3732807000984785,1,1.0
1.0,125000.0,2,2,7,1,Saskatchewan,1.0,0.000528779861347084,0,0.0
2.0,100000.0,5,2,2,2,Prince Edward Island,2.0,0.0014884886038020167,0,0.0
2.0,27000.0,5,2,1,2,Quebec,2.0,0.1490182925732184,0,0.0
2.0,67500.0,5,2,6,1,British Columbia,1.0,0.0759027600169012,0,0.0
2.0,26000.0,5,2,1,2,Nova Scotia,2.0,0.457581721183854,1,0.0
1.0,240000.0,4,1,6,1,Quebec,1.0,3.323078745011748e-08,0,0.0
2.0,35000.0,2,2,2,2,Saskatchewan,1.0,0.3203376726552364,1,0.0
1.0,95000.0,4,1,4,1,Ontario,1.0,0.006153465360571755,0,0.0
2.0,8500.0,5,2,2,2,New Brunswick,1.0,0.6285070800538108,1,0.0
1.0,230000.0,99,9,5,1,Quebec,1.0,1.8526949875872648e-07,0,0.0
2.0,27000.0,5,2,2,2,Ontario,1.0,0.5487613640051658,1,1.0
2.0,110000.0,4,1,7,1,British Columbia,1.0,0.004043931801892953,0,0.0
1.0,135000.0,1,1,2,1,Manitoba,1.0,0.00019777301070235184,0,0.0
2.0,15500.0,5,2,1,2,Newfoundland and Labrador,3.0,0.5546669372790444,1,1.0
2.0,13000.0,5,2,1,2,Nova Scotia,1.0,0.6782762773810781,1,0.0
2.0,75000.0,2,2,6,2,Prince Edward Island,2.0,0.008564021032180312,0,0.0
1.0,160000.0,1,2,4,1,Ontario,1.0,6.219724147743545e-05,0,0.0
2.0,25000.0,5,2,1,2,Saskatchewan,1.0,0.49398055870464086,1,0.0
2.0,37000.0,99,1,5,2,Quebec,1.0,0.1834767660214795,0,1.0
2.0,32000.0,5,2,4,1,Nova Scotia,1.0,0.35686880724189707,1,0.0
2.0,16500.0,5,2,3,2,Manitoba,3.0,0.5888256116527991,1,1.0
1.0,550000.0,2,2,4,1,Nova Scotia,1.0,4.7618014971088923e-17,0,0.0
2.0,40000.0,3,1,4,2,Prince Edward Island,1.0,0.09133976503996115,0,0.0
2.0,97500.0,5,2,3,1,Saskatchewan,1.0,0.005854145754373956,0,0.0
1.0,60000.0,5,2,3,2,Newfoundland and Labrador,1.0,0.03322426422332596,0,0.0
2.0,65000.0,2,2,1,1,Alberta,1.0,0.0886168040356669,0,0.0
1.0,140000.0,1,1,6,1,British Columbia,1.0,0.00029623223989505625,0,0.0
2.0,110000.0,6,2,4,1,Alberta,1.0,0.004311027940299021,0,0.0
2.0,21000.0,5,2,4,2,Nova Scotia,1.0,0.5501467803912031,1,1.0
1.0,155000.0,2,2,4,1,Ontario,1.0,8.934843539735558e-05,0,0.0
2.0,24000.0,5,2,2,2,Nova Scotia,2.0,0.4942966699837317,1,1.0
1.0,100000.0,2,2,2,2,Saskatchewan,1.0,0.0030198286948393783,0,0.0
2.0,105000.0,3,1,6,1,British Columbia,1.0,0.005649474214272549,0,0.0
1.0,95000.0,2,2,2,2,Quebec,1.0,0.0008889563372892546,0,0.0
1.0,70000.0,2,2,3,2,Nova Scotia,1.0,0.022865218959978083,0,0.0
1.0,120000.0,5,2,4,2,Nova Scotia,1.0,0.0007156588763044965,0,0.0
2.0,32000.0,3,1,2,2,Alberta,1.0,0.5042294417318883,1,0.0
2.0,23000.0,5,2,1,2,New Brunswick,1.0,0.37703201782466905,1,0.0
2.0,72500.0,3,1,6,1,Quebec,1.0,0.006960002890598394,0,0.0
1.0,105000.0,1,1,3,1,Newfoundland and Labrador,1.0,0.0013511571633608576,0,0.0
2.0,24000.0,5,2,2,2,Ontario,1.0,0.6003776542296325,1,1.0
2.0,37000.0,99,9,2,9,New Brunswick,1.0,0.4074217617184389,1,0.0
1.0,110000.0,1,1,4,1,New Brunswick,1.0,0.0007884475029808722,0,0.0
2.0,24000.0,5,2,2,2,Ontario,2.0,0.6003776542296325,1,1.0
1.0,82500.0,1,2,2,1,Newfoundland and Labrador,1.0,0.006577910836452155,0,0.0
2.0,25000.0,5,2,2,2,New Brunswick,2.0,0.34598697477406176,1,1.0
1.0,200000.0,3,2,2,1,Saskatchewan,1.0,2.624833102250352e-06,0,0.0
2.0,23000.0,5,2,3,2,Alberta,2.0,0.6651666295385714,1,1.0
2.0,55000.0,3,1,2,1,Saskatchewan,1.0,0.1019562494682957,0,0.0
2.0,85000.0,2,2,4,2,Saskatchewan,1.0,0.013893087086695023,0,0.0
2.0,130000.0,2,2,2,1,Ontario,1.0,0.0008190375824293936,0,0.0
2.0,42000.0,5,2,2,1,Saskatchewan,2.0,0.2260566435301142,0,0.0
2.0,29000.0,5,2,5,2,Saskatchewan,3.0,0.4303325045066873,1,1.0
2.0,23000.0,5,2,1,2,New Brunswick,1.0,0.37703201782466905,1,0.0
2.0,48000.0,6,2,6,1,Alberta,2.0,0.25707899579586324,0,0.0
2.0,60000.0,4,2,2,2,Ontario,1.0,0.10532646298089925,0,0.0
1.0,410000.0,1,2,7,1,Quebec,1.0,2.0577131532973415e-13,0,0.0
2.0,145000.0,2,2,7,1,British Columbia,1.0,0.00034097306378473325,0,0.0
2.0,22000.0,5,2,1,2,New Brunswick,2.0,0.39371859295334183,1,1.0
2.0,42000.0,6,2,2,2,Alberta,1.0,0.3432913432590142,1,0.0
1.0,95000.0,2,2,1,2,Nova Scotia,1.0,0.0039536920767935056,0,0.0
2.0,27000.0,5,2,1,2,Quebec,1.0,0.1490182925732184,0,0.0
1.0,72500.0,5,2,7,1,Quebec,1.0,0.0045285601766478145,0,0.0
2.0,120000.0,2,2,7,1,Manitoba,1.0,0.0009549162881476079,0,0.0
2.0,100000.0,5,2,6,1,British Columbia,1.0,0.008250285935095854,0,0.0
1.0,340000.0,2,2,6,1,Ontario,1.0,1.9760500335274654e-10,0,0.0
2.0,97500.0,3,1,2,1,Quebec,1.0,0.0011725117918674035,0,0.0
1.0,145000.0,1,2,2,1,Quebec,1.0,2.5606927406248163e-05,0,0.0
1.0,150000.0,4,1,4,1,Saskatchewan,1.0,9.014326021919848e-05,0,0.0
2.0,135000.0,2,2,6,1,Nova Scotia,1.0,0.0003844595768223663,0,0.0
2.0,33000.0,2,2,3,9,Quebec,1.0,0.1114737822443739,0,0.0
1.0,115000.0,1,1,2,1,Alberta,1.0,0.0017721547953702542,0,0.0
1.0,370000.0,1,1,3,1,Alberta,1.0,2.813475714838253e-11,0,0.0
2.0,200000.0,2,2,6,1,British Columbia,1.0,7.033179006205787e-06,0,0.0
1.0,52500.0,2,2,4,2,Ontario,1.0,0.11048462997578504,0,0.0
2.0,17000.0,5,2,2,2,New Brunswick,2.0,0.48174096730931476,1,1.0
2.0,39000.0,3,1,4,9,Saskatchewan,1.0,0.28619591559825913,0,0.0
1.0,72500.0,5,2,6,2,Alberta,1.0,0.03733552763509945,0,0.0
1.0,110000.0,2,2,6,1,New Brunswick,1.0,0.0008138621926817845,0,0.0
1.0,240000.0,1,1,6,1,Manitoba,1.0,1.2427303426631143e-07,0,0.0
2.0,14000.0,5,2,2,2,Newfoundland and Labrador,3.0,0.582144835802027,1,1.0
1.0,70000.0,2,2,4,1,Quebec,1.0,0.005139472867606208,0,0.0
1.0,240000.0,1,1,6,1,Ontario,1.0,2.225583663114416e-07,0,0.0
2.0,16500.0,5,2,2,2,Ontario,1.0,0.7181832730057012,1,0.0
2.0,,3,9,99,1,Newfoundland and Labrador,1.0,0.08009931648360774,0,0.0
2.0,90000.0,2,2,7,1,Saskatchewan,1.0,0.009845809241839839,0,0.0
2.0,48000.0,5,2,6,2,British Columbia,2.0,0.2478272899329265,0,1.0
2.0,21000.0,5,2,3,2,Nova Scotia,2.0,0.5485739477980518,1,1.0
1.0,77500.0,2,2,6,2,Quebec,1.0,0.0031219854179144147,0,0.0
1.0,160000.0,2,2,4,1,Ontario,1.0,6.282067965981505e-05,0,0.0
1.0,260000.0,2,2,7,1,Manitoba,1.0,3.1147523830598105e-08,0,0.0
2.0,34000.0,3,2,4,2,Alberta,1.0,0.4744672707478675,1,0.0
1.0,77500.0,2,2,4,1,Saskatchewan,1.0,0.014532155298656466,0,0.0
2.0,33000.0,5,2,2,2,Quebec,1.0,0.10351997255071096,0,0.0
2.0,52500.0,2,2,4,2,Ontario,1.0,0.1654522485995239,0,0.0
1.0,50000.0,5,2,3,2,New Brunswick,1.0,0.05419767114552799,0,0.0
2.0,46000.0,5,2,6,1,Quebec,1.0,0.0445974073676039,0,0.0
2.0,39000.0,5,2,1,1,Alberta,1.0,0.3848926944675069,1,0.0
2.0,25000.0,5,2,4,2,Ontario,1.0,0.5864449665028731,1,0.0
1.0,62500.0,2,2,2,2,Ontario,1.0,0.05715803149095822,0,0.0
1.0,85000.0,1,1,4,1,Ontario,2.0,0.012010172839643755,0,0.0
2.0,36000.0,5,2,2,9,New Brunswick,1.0,0.21328296218381576,0,0.0
1.0,26000.0,5,2,2,2,Ontario,1.0,0.44980255229812177,1,0.0
2.0,82500.0,1,1,2,2,Ontario,1.0,0.02267239772924184,0,0.0
1.0,82500.0,1,1,1,1,Manitoba,1.0,0.007879785416309256,0,0.0
2.0,67500.0,3,2,3,1,Newfoundland and Labrador,1.0,0.030275131889277933,0,0.0
2.0,120000.0,6,2,5,1,Prince Edward Island,1.0,0.0003691901903405154,0,0.0
1.0,77500.0,4,2,4,1,Saskatchewan,2.0,0.014820622329901854,0,0.0
1.0,52500.0,2,2,3,2,Ontario,2.0,0.10986178980495542,0,0.0
1.0,120000.0,2,2,2,1,Ontario,1.0,0.0010378326574163573,0,0.0
2.0,155000.0,1,1,2,1,Saskatchewan,1.0,9.693795231627264e-05,0,0.0
1.0,110000.0,2,2,6,2,Newfoundland and Labrador,1.0,0.001002346514093446,0,0.0
1.0,65000.0,5,2,7,2,Quebec,1.0,0.007773982993424703,0,0.0
2.0,270000.0,1,2,4,1,Ontario,1.0,4.2752611522334326e-08,0,0.0
2.0,25000.0,5,2,2,2,Newfoundland and Labrador,1.0,0.39092047695070364,1,0.0
1.0,15500.0,5,2,4,2,Saskatchewan,3.0,0.5490247588539483,1,1.0
2.0,240000.0,2,2,2,2,Ontario,1.0,3.5839245142598903e-07,0,0.0
2.0,46000.0,5,2,7,1,Quebec,1.0,0.04486889439945118,0,0.0
1.0,260000.0,1,1,4,1,Ontario,1.0,5.369604032388664e-08,0,0.0
2.0,30000.0,5,2,4,2,Alberta,1.0,0.5497244690316776,1,0.0
1.0,95000.0,5,2,4,1,Prince Edward Island,1.0,0.0013232765837562215,0,0.0
2.0,45000.0,5,2,2,2,Ontario,1.0,0.2549161561738519,0,0.0
1.0,77500.0,5,2,6,2,Saskatchewan,1.0,0.015384235849486635,0,0.0
2.0,46000.0,2,2,2,2,Nova Scotia,1.0,0.16759129031804904,0,0.0
1.0,52500.0,4,2,2,1,British Columbia,1.0,0.1250463168586668,0,0.0
2.0,6500.0,5,2,1,2,Ontario,1.0,0.8366740235018553,1,0.0
2.0,115000.0,1,1,4,1,Alberta,1.0,0.0028616652276271734,0,0.0
1.0,125000.0,2,2,6,1,British Columbia,1.0,0.000868244532572992,0,0.0
2.0,65000.0,2,2,6,1,Saskatchewan,1.0,0.05438545455517162,0,0.0
2.0,67500.0,5,2,6,1,Ontario,1.0,0.06613393646400376,0,0.0
2.0,42000.0,5,2,2,1,Nova Scotia,2.0,0.21311353739991243,0,0.0
2.0,23000.0,5,2,1,2,New Brunswick,2.0,0.37703201782466905,1,1.0
1.0,190000.0,2,2,3,1,Alberta,1.0,9.233370800215967e-06,0,0.0
1.0,62500.0,5,2,7,2,Ontario,2.0,0.06057477670472513,0,0.0
2.0,120000.0,5,2,7,1,Alberta,1.0,0.0021551338716053743,0,0.0
2.0,24000.0,5,2,4,2,New Brunswick,2.0,0.36503829075254884,1,1.0
1.0,100000.0,2,2,6,2,Manitoba,1.0,0.0024664182607201284,0,0.0
2.0,52500.0,2,2,4,1,British Columbia,1.0,0.1846529424909467,0,0.0
2.0,24000.0,5,2,1,2,Ontario,2.0,0.5988523866544868,1,1.0
1.0,145000.0,2,2,7,1,Quebec,1.0,2.669836636187609e-05,0,0.0
1.0,135000.0,2,2,4,2,Saskatchewan,1.0,0.00026045345572454643,0,0.0
1.0,52500.0,2,2,4,1,New Brunswick,1.0,0.04417890159352513,0,0.0
2.0,60000.0,5,2,3,1,Quebec,1.0,0.016792010117896102,0,0.0
1.0,250000.0,2,2,4,1,Alberta,1.0,1.3557302804894592e-07,0,0.0
1.0,105000.0,2,2,4,1,Ontario,1.0,0.0030183621446658463,0,0.0
2.0,23000.0,5,2,4,2,Ontario,2.0,0.6201541612176819,1,1.0
2.0,82500.0,5,2,4,1,Quebec,1.0,0.003509202825091128,0,0.0
2.0,200000.0,4,2,6,1,Quebec,1.0,8.964355462094349e-07,0,0.0
1.0,27000.0,5,2,1,2,Newfoundland and Labrador,1.0,0.25763343810482225,0,0.0
1.0,77500.0,1,1,4,1,Newfoundland and Labrador,1.0,0.00936361734824669,0,0.0
1.0,85000.0,2,2,3,2,New Brunswick,1.0,0.004700755761645659,0,0.0
2.0,38000.0,5,2,3,2,New Brunswick,2.0,0.175618938965288,0,0.0
1.0,150000.0,4,9,99,1,Ontario,1.0,0.00025256361613864057,0,0.0
2.0,27000.0,5,2,6,2,Alberta,3.0,0.604352883041004,1,1.0
2.0,30000.0,5,2,6,1,Ontario,3.0,0.4986234039938796,1,1.0
2.0,30000.0,5,2,2,2,Nova Scotia,3.0,0.39041754074494883,1,1.0
2.0,80000.0,2,2,3,2,Ontario,1.0,0.027595120412463297,0,0.0
1.0,150000.0,5,2,6,1,Quebec,1.0,1.9218887499564018e-05,0,0.0
2.0,27000.0,5,2,1,2,Quebec,1.0,0.1490182925732184,0,0.0
2.0,23000.0,5,2,6,2,Saskatchewan,2.0,0.5370822153197171,1,1.0
2.0,14000.0,5,2,1,2,Nova Scotia,1.0,0.6627122211676013,1,0.0
2.0,24000.0,5,2,4,2,Alberta,2.0,0.6507416116218296,1,1.0
2.0,75000.0,1,1,3,1,Saskatchewan,2.0,0.026638082671988503,0,0.0
2.0,15500.0,5,2,2,1,Ontario,1.0,0.7292281053704346,1,1.0
2.0,29000.0,5,2,1,2,Alberta,1.0,0.5624115278726399,1,0.0
2.0,60000.0,1,2,2,1,Ontario,2.0,0.10114812371689337,0,1.0
2.0,45000.0,99,9,4,1,Newfoundland and Labrador,2.0,0.29858919036378895,0,1.0
2.0,38000.0,1,1,7,2,Alberta,1.0,0.40275300437344036,1,0.0
1.0,165000.0,2,2,6,1,Nova Scotia,1.0,2.9104283586499066e-05,0,0.0
1.0,220000.0,2,2,5,1,New Brunswick,1.0,3.4852713535327287e-07,0,0.0
1.0,70000.0,3,2,4,1,Saskatchewan,1.0,0.02464206705664096,0,0.0
2.0,,3,1,2,1,Saskatchewan,1.0,0.06273162741105759,0,0.0
2.0,,99,9,99,1,Prince Edward Island,1.0,0.09412843385563753,0,0.0
2.0,75000.0,6,2,3,1,Quebec,1.0,0.005959442607218781,0,0.0
2.0,49000.0,5,2,2,1,New Brunswick,1.0,0.08763066602980131,0,0.0
1.0,135000.0,2,2,7,2,British Columbia,1.0,0.0004387368189313163,0,0.0
1.0,140000.0,2,2,4,2,Alberta,1.0,0.0003195589358087009,0,0.0
2.0,25000.0,5,2,1,2,Quebec,1.0,0.16778503298482783,0,1.0
2.0,,5,2,6,1,Prince Edward Island,1.0,0.020710996512662214,0,0.0
1.0,130000.0,5,2,6,1,Manitoba,1.0,0.00030298421377450424,0,0.0
2.0,145000.0,1,1,4,1,Ontario,1.0,0.0002830067657699027,0,0.0
2.0,29000.0,5,2,99,9,Saskatchewan,2.0,0.6042529028208371,1,1.0
2.0,18000.0,5,2,1,2,Ontario,2.0,0.6949636937566632,1,1.0
2.0,60000.0,2,2,7,2,Manitoba,2.0,0.06236918559965861,0,0.0
1.0,145000.0,1,2,2,1,Alberta,1.0,0.00021634255039913324,0,0.0
1.0,39000.0,2,2,3,2,Ontario,1.0,0.242140189797066,0,0.0
2.0,26000.0,5,2,2,2,Quebec,1.0,0.15902358073199846,0,0.0
1.0,41000.0,5,2,4,1,Ontario,1.0,0.22083018161166104,0,1.0
2.0,145000.0,6,2,7,1,Ontario,1.0,0.00030595832892245974,0,0.0
2.0,60000.0,4,2,5,1,Ontario,2.0,0.10568929766783729,0,1.0
2.0,72500.0,2,2,6,1,Ontario,1.0,0.0460949908538842,0,0.0
1.0,135000.0,2,2,5,1,Manitoba,1.0,0.00020545277431195284,0,0.0
1.0,21000.0,5,2,4,2,New Brunswick,3.0,0.3079365458148161,1,1.0
2.0,82500.0,3,1,1,1,Ontario,1.0,0.022636531835142006,0,0.0
2.0,,5,2,99,9,Prince Edward Island,1.0,0.04134467597368405,0,0.0
2.0,65000.0,5,2,6,1,Ontario,2.0,0.07787986778936314,0,0.0
1.0,180000.0,2,2,3,1,Saskatchewan,1.0,1.0703084703562265e-05,0,0.0
2.0,105000.0,3,2,2,1,Saskatchewan,1.0,0.003370007559861286,0,0.0
2.0,18500.0,5,2,2,1,Ontario,3.0,0.6855374778838983,1,1.0
2.0,90000.0,5,2,4,1,Quebec,1.0,0.0020717661064899784,0,0.0
2.0,39000.0,6,2,2,2,Ontario,1.0,0.34528165987884163,1,0.0
1.0,80000.0,2,2,4,1,Prince Edward Island,1.0,0.003686497221658325,0,0.0
2.0,24000.0,5,2,1,2,Nova Scotia,1.0,0.492708626216116,1,0.0
2.0,80000.0,1,1,4,1,Ontario,1.0,0.02685608919493966,0,0.0
1.0,57500.0,5,2,3,1,Saskatchewan,1.0,0.05819278064420242,0,0.0
2.0,24000.0,5,2,4,2,Ontario,2.0,0.6034223299450114,1,1.0
2.0,,99,9,6,9,Newfoundland and Labrador,1.0,0.12427036465043428,0,0.0
2.0,55000.0,3,1,4,1,Ontario,1.0,0.14080002360813543,0,0.0
2.0,125000.0,5,2,6,1,British Columbia,1.0,0.001427142893194737,0,0.0
2.0,105000.0,1,1,6,1,Ontario,1.0,0.0047788615026658834,0,0.0
1.0,310000.0,2,2,7,1,Prince Edward Island,1.0,3.4568988430186905e-10,0,0.0
1.0,75000.0,2,2,6,2,Prince Edward Island,1.0,0.0053826483436436035,0,0.0
1.0,135000.0,1,1,7,1,Ontario,1.0,0.0003655586924155181,0,0.0
1.0,75000.0,2,2,3,2,Newfoundland and Labrador,2.0,0.011458862670742106,0,0.0
1.0,150000.0,2,2,4,1,Newfoundland and Labrador,1.0,5.825525853978239e-05,0,0.0
1.0,41000.0,5,2,4,1,Quebec,1.0,0.03945004963928464,0,0.0
1.0,97500.0,2,2,3,1,Quebec,1.0,0.0007389227376632386,0,0.0
1.0,205000.0,6,2,7,2,Quebec,1.0,4.1160531557841674e-07,0,0.0
1.0,92500.0,2,2,5,1,Newfoundland and Labrador,1.0,0.0033582335319611314,0,0.0
2.0,38000.0,5,2,4,2,Quebec,1.0,0.07597808191233381,0,0.0
2.0,34000.0,5,2,1,2,Ontario,2.0,0.42460773743034824,1,1.0
2.0,55000.0,5,2,4,1,Quebec,2.0,0.023862895271216912,0,0.0
2.0,13500.0,5,2,2,2,Quebec,1.0,0.3132871049821486,1,0.0
1.0,72500.0,2,2,7,2,Nova Scotia,1.0,0.019729034922293213,0,0.0
2.0,130000.0,4,1,2,1,Alberta,1.0,0.0010137068524737104,0,0.0
1.0,135000.0,2,2,3,1,Nova Scotia,1.0,0.0002363547868622445,0,0.0
2.0,95000.0,2,2,2,2,Quebec,2.0,0.0014181540546056208,0,0.0
1.0,150000.0,2,2,6,1,Newfoundland and Labrador,1.0,5.900015820063443e-05,0,0.0
1.0,330000.0,2,2,7,1,Alberta,1.0,4.926260998748994e-10,0,0.0
2.0,85000.0,1,1,4,1,Ontario,1.0,0.019033731225752328,0,0.0
2.0,11500.0,5,2,2,1,New Brunswick,2.0,0.5742544513574704,1,1.0
2.0,9750.0,5,2,2,1,Ontario,3.0,0.8015227186280329,1,1.0
1.0,155000.0,4,2,6,1,Alberta,1.0,0.00011303871087458549,0,0.0
1.0,72500.0,5,2,6,1,Manitoba,1.0,0.017120020773843166,0,0.0
2.0,70000.0,1,1,6,1,Alberta,1.0,0.06475450526843814,0,0.0
1.0,210000.0,4,1,3,1,Ontario,1.0,1.8626705784315726e-06,0,0.0
1.0,260000.0,1,2,6,1,British Columbia,1.0,6.36501940368347e-08,0,0.0
2.0,62500.0,5,2,6,1,New Brunswick,1.0,0.03666166879914217,0,0.0
2.0,130000.0,99,9,2,1,British Columbia,1.0,0.0026586369931015457,0,0.0
1.0,160000.0,2,2,7,1,Quebec,1.0,9.279075852511742e-06,0,0.0
1.0,85000.0,2,2,4,2,British Columbia,1.0,0.01438085396973799,0,0.0
1.0,22000.0,5,2,2,2,Manitoba,1.0,0.37698899434348865,1,0.0
2.0,24000.0,5,2,1,1,Nova Scotia,2.0,0.48890613287636325,1,1.0
2.0,20000.0,5,2,5,2,Ontario,2.0,0.6699430365786841,1,1.0
2.0,77500.0,5,2,4,1,Alberta,1.0,0.04060646009137442,0,0.0
2.0,67500.0,5,2,2,1,Nova Scotia,1.0,0.04298708195798721,0,0.0
2.0,65000.0,1,1,7,1,British Columbia,2.0,0.08581532104681458,0,0.0
2.0,21000.0,5,2,2,2,Quebec,1.0,0.2119476559410302,0,0.0
1.0,185000.0,2,2,4,1,Saskatchewan,1.0,7.573099479771854e-06,0,0.0
2.0,37000.0,5,2,2,2,Ontario,2.0,0.3754503603732174,1,0.0
2.0,70000.0,3,2,7,1,Nova Scotia,1.0,0.03671222049245877,0,0.0
2.0,29000.0,5,2,2,2,New Brunswick,2.0,0.2852524356848173,0,1.0
2.0,48000.0,99,9,2,1,Nova Scotia,1.0,0.3256491485848831,1,1.0
1.0,,99,9,6,1,New Brunswick,1.0,0.06092831200533938,0,0.0
2.0,62500.0,5,2,2,2,Alberta,1.0,0.10880483592664394,0,0.0
2.0,46000.0,5,2,3,2,Nova Scotia,1.0,0.1727131702460912,0,0.0
2.0,29000.0,2,2,2,2,New Brunswick,1.0,0.2791910602629404,0,0.0
1.0,47000.0,3,2,7,1,Ontario,1.0,0.15650487386354137,0,0.0
2.0,52500.0,2,2,1,2,Saskatchewan,2.0,0.12009038769135318,0,0.0
1.0,165000.0,2,2,7,1,Nova Scotia,1.0,2.9289773663402115e-05,0,0.0
2.0,,99,9,2,9,Newfoundland and Labrador,1.0,0.12153104021203878,0,0.0
2.0,145000.0,6,2,3,1,Quebec,1.0,4.323554720675116e-05,0,0.0
2.0,85000.0,5,2,2,1,Ontario,1.0,0.01972270784022591,0,0.0
2.0,43000.0,99,9,99,9,Manitoba,1.0,0.5521812691848795,1,1.0
1.0,140000.0,2,2,4,2,British Columbia,1.0,0.00030268423344276247,0,0.0
1.0,115000.0,2,2,3,1,New Brunswick,1.0,0.0005615483257508743,0,0.0
2.0,23000.0,5,2,1,2,New Brunswick,2.0,0.37703201782466905,1,1.0
1.0,31000.0,3,2,5,2,Quebec,3.0,0.07682569438466921,0,1.0
2.0,77500.0,2,2,3,2,Alberta,1.0,0.03979386957216104,0,0.0
2.0,200000.0,2,2,7,1,Saskatchewan,1.0,4.281916407892495e-06,0,0.0
2.0,200000.0,99,1,4,1,Saskatchewan,1.0,1.0954717880660601e-05,0,0.0
2.0,38000.0,5,2,4,2,Quebec,1.0,0.07597808191233381,0,0.0
2.0,72500.0,1,1,99,9,Ontario,2.0,0.08815849617972239,0,0.0
1.0,33000.0,5,2,2,1,Newfoundland and Labrador,1.0,0.1839351731444915,0,0.0
2.0,24000.0,5,2,4,2,Newfoundland and Labrador,2.0,0.4108915485008853,1,1.0
2.0,95000.0,3,2,5,1,British Columbia,1.0,0.011393664061457524,0,0.0
1.0,110000.0,99,2,6,9,Saskatchewan,1.0,0.004475384979126703,0,0.0
2.0,62500.0,3,2,3,1,Nova Scotia,1.0,0.059288195083875485,0,0.0
2.0,82500.0,3,1,6,1,Quebec,1.0,0.0034526212904048763,0,0.0
1.0,175000.0,1,1,7,1,Quebec,1.0,3.1640918299126744e-06,0,0.0
2.0,23000.0,5,2,1,2,Prince Edward Island,1.0,0.2516834183548845,0,0.0
2.0,23000.0,5,2,4,2,British Columbia,2.0,0.6544118976004956,1,1.0
2.0,36000.0,5,2,1,2,Ontario,1.0,0.3905976761645078,1,0.0
2.0,37000.0,5,2,3,1,Quebec,1.0,0.07948228030129781,0,0.0
1.0,46000.0,2,2,4,2,Quebec,1.0,0.027666829781638976,0,0.0
2.0,37000.0,5,2,1,2,Nova Scotia,1.0,0.2798690963706973,0,0.0
2.0,48000.0,5,2,2,2,Ontario,1.0,0.2168813766150183,0,0.0
1.0,95000.0,5,2,6,1,Manitoba,1.0,0.003556111368595411,0,0.0
2.0,25000.0,5,2,2,2,Alberta,1.0,0.6316116254939885,1,0.0
2.0,155000.0,4,2,2,1,Quebec,1.0,2.0817869023738178e-05,0,0.0
2.0,47000.0,2,2,1,2,Quebec,1.0,0.03987215582276423,0,0.0
2.0,82500.0,3,2,5,1,Saskatchewan,1.0,0.016542882745173824,0,0.0
1.0,65000.0,2,2,3,1,Manitoba,1.0,0.02736372048350241,0,0.0
2.0,25000.0,5,2,1,2,Prince Edward Island,1.0,0.2260819433294749,0,0.0
2.0,80000.0,3,1,4,1,Ontario,1.0,0.02738239206771915,0,0.0
2.0,27000.0,5,2,7,2,Quebec,2.0,0.1539172502042631,0,0.0
1.0,21000.0,5,2,2,2,British Columbia,3.0,0.574223515397657,1,1.0
2.0,125000.0,6,2,2,2,Alberta,1.0,0.0015062756617872522,0,0.0
1.0,41000.0,2,2,2,2,New Brunswick,1.0,0.09435722772972523,0,0.0
1.0,115000.0,2,2,6,1,Alberta,1.0,0.0018525680586281496,0,0.0
2.0,24000.0,5,2,1,2,Quebec,1.0,0.17785473235303173,0,0.0
2.0,50000.0,3,1,2,1,Quebec,1.0,0.032273054704449924,0,0.0
2.0,49000.0,5,2,2,1,Quebec,1.0,0.03552861727196371,0,0.0
1.0,33000.0,5,2,2,1,Manitoba,1.0,0.21541433276742133,0,0.0
2.0,27000.0,5,2,3,2,Newfoundland and Labrador,2.0,0.359391585968968,1,1.0
2.0,29000.0,5,2,5,1,British Columbia,1.0,0.551537380241664,1,0.0
2.0,29000.0,5,2,1,2,Quebec,1.0,0.1320176282460274,0,0.0
2.0,26000.0,5,2,3,2,Manitoba,2.0,0.4230584378973826,1,1.0
2.0,26000.0,5,2,7,2,Newfoundland and Labrador,2.0,0.38174795980699133,1,1.0
1.0,160000.0,1,1,4,1,British Columbia,1.0,7.148718712232e-05,0,0.0
1.0,165000.0,2,2,7,1,British Columbia,1.0,5.221425162603976e-05,0,0.0
1.0,60000.0,5,2,2,1,Ontario,1.0,0.06835557325856269,0,0.0
2.0,13500.0,5,2,2,2,Alberta,3.0,0.7940306383094284,1,1.0
2.0,85000.0,2,2,7,1,Ontario,1.0,0.0197583792867807,0,0.0
2.0,135000.0,6,2,6,1,Ontario,1.0,0.0006148378237528107,0,0.0
2.0,24000.0,5,2,2,2,New Brunswick,2.0,0.3620981903774723,1,1.0
2.0,,99,9,2,1,Saskatchewan,2.0,0.15788982451268743,0,0.0
1.0,250000.0,2,2,3,1,Nova Scotia,1.0,7.157521235290665e-08,0,0.0
1.0,34000.0,2,2,4,2,Manitoba,2.0,0.20342063821722797,0,0.0
2.0,85000.0,6,2,7,1,Ontario,1.0,0.0205460950543689,0,0.0
2.0,,2,2,99,9,Alberta,1.0,0.1962090374088553,0,0.0
1.0,62500.0,2,2,3,1,Ontario,1.0,0.05668232295070562,0,0.0
1.0,60000.0,6,2,4,1,Nova Scotia,1.0,0.0465570762684468,0,0.0
1.0,160000.0,1,2,2,1,Ontario,1.0,6.141197989113122e-05,0,0.0
1.0,310000.0,1,1,7,1,Ontario,1.0,1.6153305374970428e-09,0,0.0
2.0,95000.0,6,2,4,1,British Columbia,1.0,0.011662228988398414,0,0.0
2.0,23000.0,5,2,1,2,Manitoba,2.0,0.4721374940685932,1,1.0
1.0,145000.0,2,2,6,2,British Columbia,1.0,0.0002155510652996226,0,0.0
2.0,82500.0,1,1,6,1,Ontario,2.0,0.02289946811070426,0,0.0
2.0,12500.0,5,2,4,2,Quebec,1.0,0.3314503678401772,1,0.0
2.0,24000.0,5,2,2,2,Ontario,3.0,0.6003776542296325,1,1.0
2.0,24000.0,5,2,2,2,Newfoundland and Labrador,1.0,0.40781933542969206,1,0.0
2.0,85000.0,2,2,7,1,Ontario,1.0,0.0197583792867807,0,0.0
1.0,57500.0,5,2,6,2,Saskatchewan,1.0,0.060099960144987766,0,0.0
2.0,57500.0,3,1,4,1,British Columbia,1.0,0.13746370458678833,0,0.0
2.0,38000.0,5,2,7,1,Saskatchewan,2.0,0.2855454729234608,0,0.0
2.0,30000.0,5,2,3,2,New Brunswick,2.0,0.2723645319312821,0,1.0
1.0,105000.0,99,2,5,1,British Columbia,1.0,0.009213108581932968,0,0.0
2.0,45000.0,99,9,2,9,Saskatchewan,2.0,0.42084853512513565,1,1.0
2.0,26000.0,1,2,5,1,Ontario,3.0,0.5572656081487274,1,1.0
1.0,60000.0,3,1,6,1,New Brunswick,1.0,0.026879567534750667,0,0.0
2.0,25000.0,5,2,1,2,Alberta,2.0,0.6301321286997045,1,1.0
1.0,300000.0,2,2,7,1,Nova Scotia,1.0,2.166910519818784e-09,0,0.0
1.0,200000.0,1,2,7,1,Newfoundland and Labrador,1.0,1.7351899477040955e-06,0,0.0
2.0,30000.0,3,1,3,1,Quebec,1.0,0.12076345407240058,0,1.0
1.0,33000.0,5,2,6,1,Quebec,1.0,0.06810898946473536,0,0.0
2.0,60000.0,5,2,1,1,British Columbia,1.0,0.11891956280481858,0,0.0
1.0,125000.0,1,1,7,1,Quebec,1.0,0.00010719198830736376,0,0.0
2.0,55000.0,99,9,1,9,Alberta,1.0,0.3838228047976225,1,0.0
2.0,55000.0,5,2,6,1,Ontario,1.0,0.14592376460938822,0,0.0
2.0,55000.0,2,2,2,1,Quebec,2.0,0.022889808414632014,0,0.0
2.0,23000.0,5,2,2,2,Saskatchewan,3.0,0.5307582881331662,1,1.0
2.0,22000.0,5,2,1,2,Nova Scotia,2.0,0.5279076689754427,1,1.0
2.0,29000.0,5,2,1,2,Newfoundland and Labrador,1.0,0.324837862114814,1,0.0
1.0,140000.0,1,1,4,1,British Columbia,1.0,0.00029249307018668926,0,0.0
2.0,105000.0,2,2,6,1,Alberta,1.0,0.0059572973659869745,0,0.0
1.0,85000.0,3,2,6,1,Ontario,1.0,0.012515493844094288,0,0.0
2.0,72500.0,5,2,6,1,British Columbia,1.0,0.05459607875040119,0,0.0
1.0,57500.0,1,1,6,1,Ontario,3.0,0.07873650756737346,0,1.0
2.0,97500.0,3,1,5,1,Quebec,1.0,0.0011950469534092443,0,0.0
1.0,32000.0,5,2,4,2,Ontario,1.0,0.35171593487006175,1,0.0
2.0,39000.0,3,1,4,2,New Brunswick,2.0,0.1625414493221088,0,1.0
2.0,24000.0,5,2,4,2,Alberta,3.0,0.6507416116218296,1,1.0
1.0,21000.0,5,2,5,2,British Columbia,1.0,0.5788767289445554,1,0.0
1.0,120000.0,1,2,2,1,Saskatchewan,1.0,0.0007212061733880759,0,0.0
1.0,155000.0,1,1,5,1,British Columbia,1.0,0.0001023221935502368,0,0.0
2.0,42000.0,1,2,6,1,Manitoba,2.0,0.18639631043672453,0,1.0
2.0,55000.0,2,2,4,2,Nova Scotia,1.0,0.0975979611794824,0,0.0
1.0,135000.0,3,2,4,1,Nova Scotia,1.0,0.00024024462136908281,0,0.0
1.0,525000.0,4,2,7,1,Ontario,1.0,4.429701781182777e-16,0,0.0
2.0,70000.0,5,2,99,1,Prince Edward Island,1.0,0.022015687129646657,0,0.0
1.0,72500.0,3,2,99,9,British Columbia,1.0,0.06744487039175176,0,0.0
1.0,72500.0,3,2,5,1,Quebec,1.0,0.004383705928248192,0,0.0
2.0,19500.0,5,2,2,2,Quebec,2.0,0.2301367167731268,0,1.0
1.0,30000.0,5,2,6,2,Nova Scotia,2.0,0.29157695571448905,0,1.0
2.0,67500.0,5,2,6,1,Ontario,1.0,0.06613393646400376,0,0.0
2.0,28000.0,5,2,1,2,Saskatchewan,1.0,0.44140780701762455,1,0.0
1.0,60000.0,2,2,2,2,Nova Scotia,1.0,0.04492527530850508,0,0.0
2.0,9500.0,5,2,1,2,Newfoundland and Labrador,2.0,0.6552705956325451,1,1.0
2.0,160000.0,4,2,4,1,Ontario,1.0,0.00010228739506188536,0,0.0
1.0,65000.0,5,2,7,1,Alberta,2.0,0.061215094099820004,0,0.0
2.0,23000.0,5,2,6,1,Manitoba,1.0,0.4762642231076132,1,0.0
1.0,90000.0,5,2,6,2,Newfoundland and Labrador,1.0,0.004213068725574222,0,0.0
1.0,77500.0,5,2,1,1,Alberta,1.0,0.025356739167115037,0,0.0
1.0,270000.0,1,1,7,1,Alberta,1.0,3.3128116518723375e-08,0,0.0
1.0,25000.0,2,2,3,2,Nova Scotia,2.0,0.35791293767729576,1,1.0
2.0,26000.0,5,2,6,2,Alberta,2.0,0.6210701081313657,1,1.0
2.0,55000.0,2,2,3,2,Ontario,1.0,0.14176544200957933,0,0.0
2.0,39000.0,5,2,1,2,Quebec,1.0,0.069927221020941,0,0.0
2.0,95000.0,2,2,2,2,Ontario,1.0,0.009705165955119763,0,0.0
1.0,135000.0,1,1,3,1,Saskatchewan,1.0,0.0002500902711394484,0,0.0
2.0,52500.0,99,9,4,1,Nova Scotia,1.0,0.26264216213597313,0,0.0
1.0,135000.0,2,2,3,1,Saskatchewan,1.0,0.0002548974447482909,0,0.0
1.0,180000.0,2,2,4,2,Saskatchewan,1.0,1.0936438544789865e-05,0,0.0
2.0,37000.0,5,2,2,1,Newfoundland and Labrador,1.0,0.21346805433415963,0,0.0
2.0,19000.0,5,2,3,2,Prince Edward Island,3.0,0.3110706132718298,1,1.0
2.0,62500.0,2,2,6,1,Alberta,2.0,0.1069068779083918,0,0.0
1.0,110000.0,1,1,4,1,Saskatchewan,1.0,0.0014632141413417372,0,0.0
1.0,49000.0,2,2,1,2,New Brunswick,1.0,0.05564195735419098,0,0.0
2.0,23000.0,5,2,2,2,Nova Scotia,2.0,0.5119084675157992,1,1.0
1.0,87500.0,1,1,4,1,Ontario,2.0,0.010090078387687655,0,0.0
2.0,26000.0,5,2,4,2,Quebec,1.0,0.16073025783085274,0,0.0
2.0,29000.0,3,2,4,2,Ontario,2.0,0.5118754913307475,1,1.0
1.0,135000.0,2,2,6,1,British Columbia,1.0,0.0004293792884471512,0,0.0
1.0,47000.0,5,2,3,1,Alberta,1.0,0.18431587290331133,0,0.0
2.0,35000.0,5,2,3,2,Saskatchewan,1.0,0.32828669657020515,1,0.0
1.0,170000.0,2,2,7,1,Nova Scotia,1.0,2.059320533107088e-05,0,0.0
1.0,97500.0,5,2,3,1,Newfoundland and Labrador,1.0,0.002404404093982325,0,0.0
1.0,77500.0,1,1,7,2,Ontario,1.0,0.020893250659393292,0,0.0
1.0,240000.0,1,1,3,1,Saskatchewan,1.0,1.5321195600960997e-07,0,0.0
2.0,135000.0,5,2,4,1,Ontario,1.0,0.0006010580544666909,0,0.0
2.0,87500.0,2,2,7,1,Nova Scotia,1.0,0.010876468548385148,0,0.0
1.0,180000.0,1,1,5,1,Saskatchewan,1.0,1.063546749796502e-05,0,0.0
2.0,34000.0,2,2,6,1,British Columbia,3.0,0.4578574029355293,1,1.0
1.0,35000.0,5,2,2,2,Alberta,2.0,0.34682426879208256,1,1.0
2.0,62500.0,3,2,3,1,Prince Edward Island,1.0,0.01993444457538913,0,0.0
1.0,75000.0,2,2,2,2,British Columbia,1.0,0.02831866180656012,0,0.0
2.0,32000.0,5,2,2,2,Ontario,1.0,0.4609251908024616,1,0.0
1.0,130000.0,1,1,7,1,New Brunswick,1.0,0.00019648263459491283,0,0.0
1.0,160000.0,4,1,4,1,Alberta,1.0,7.776591977005168e-05,0,0.0
2.0,45000.0,5,2,2,1,New Brunswick,1.0,0.11293707495835918,0,0.0
2.0,105000.0,2,2,4,1,Newfoundland and Labrador,1.0,0.0022102181772218933,0,0.0
1.0,57500.0,5,2,3,2,Nova Scotia,2.0,0.05497307319102651,0,0.0
2.0,17500.0,3,2,2,2,Newfoundland and Labrador,2.0,0.5162531873729469,1,1.0
2.0,12000.0,5,2,2,2,Nova Scotia,3.0,0.6948032292262584,1,1.0
1.0,115000.0,1,1,6,1,New Brunswick,1.0,0.0005615570820477152,0,0.0
1.0,37000.0,1,1,6,1,Alberta,1.0,0.30731297985937517,1,0.0
2.0,,5,2,99,2,Nova Scotia,2.0,0.1072493767749484,0,1.0
2.0,22000.0,5,2,4,2,British Columbia,3.0,0.6701683430044131,1,1.0
2.0,45000.0,5,2,3,1,Alberta,1.0,0.29341224961878204,0,0.0
2.0,22000.0,5,2,2,2,New Brunswick,2.0,0.3952361611896752,1,1.0
2.0,26000.0,5,2,1,2,Newfoundland and Labrador,1.0,0.37279257862680926,1,0.0
1.0,87500.0,2,2,5,1,Quebec,1.0,0.001512769033848838,0,0.0
2.0,,5,2,1,9,Manitoba,2.0,0.057969630419896355,0,1.0
1.0,70000.0,3,2,5,1,Ontario,1.0,0.0349693184307415,0,0.0
2.0,22000.0,5,2,3,2,Prince Edward Island,1.0,0.26766724488431864,0,0.0
2.0,,3,9,2,1,New Brunswick,1.0,0.03730729374938768,0,0.0
1.0,120000.0,6,2,4,1,Nova Scotia,1.0,0.0007119206524168771,0,0.0
2.0,50000.0,2,2,7,2,Quebec,1.0,0.0337435409698614,0,0.0
1.0,175000.0,1,2,7,1,Ontario,1.0,2.203325127093455e-05,0,0.0
1.0,210000.0,2,2,7,1,Ontario,1.0,1.8899408550314276e-06,0,0.0
2.0,115000.0,3,1,7,1,Quebec,1.0,0.00035300744194670023,0,0.0
1.0,140000.0,1,1,6,1,Saskatchewan,1.0,0.00017922941368997387,0,0.0
2.0,82500.0,5,2,3,1,Alberta,1.0,0.02872021364067172,0,0.0
2.0,44000.0,5,2,4,2,Alberta,2.0,0.3128469077310773,1,0.0
2.0,60000.0,5,2,3,2,Ontario,1.0,0.10687499724486217,0,0.0
2.0,155000.0,5,2,4,2,New Brunswick,1.0,5.637354156146677e-05,0,0.0
1.0,300000.0,1,1,7,1,Alberta,1.0,4.0014896735352136e-09,0,0.0
2.0,130000.0,1,2,2,1,New Brunswick,1.0,0.00030654378560079914,0,0.0
1.0,175000.0,1,2,7,1,Nova Scotia,1.0,1.4335044550190969e-05,0,0.0
2.0,43000.0,5,2,4,1,British Columbia,1.0,0.3130562288962682,1,0.0
2.0,105000.0,99,9,6,1,British Columbia,1.0,0.01566655115695052,0,0.0
2.0,165000.0,1,1,3,1,British Columbia,1.0,7.971548322031606e-05,0,0.0
1.0,145000.0,1,2,6,1,Ontario,1.0,0.00018122800813710738,0,0.0
2.0,28000.0,5,2,1,2,Nova Scotia,2.0,0.4228715669914721,1,1.0
2.0,23000.0,5,2,3,2,Alberta,2.0,0.6651666295385714,1,1.0
1.0,77500.0,2,2,4,2,Ontario,1.0,0.020892931500674176,0,0.0
1.0,115000.0,2,2,5,1,Nova Scotia,1.0,0.00097891155551691,0,0.0
1.0,24000.0,5,2,2,2,Saskatchewan,1.0,0.39774699516433387,1,0.0
1.0,155000.0,99,9,3,9,Prince Edward Island,1.0,5.903557954486536e-05,0,0.0
2.0,26000.0,5,2,3,2,New Brunswick,1.0,0.3316282153311844,1,0.0
1.0,47000.0,2,2,2,1,Newfoundland and Labrador,2.0,0.07542231194892453,0,0.0
1.0,180000.0,2,2,4,2,Quebec,1.0,2.2586801069500242e-06,0,0.0
1.0,19500.0,5,2,4,1,Quebec,3.0,0.1574080778599312,0,1.0
1.0,135000.0,99,9,6,1,Prince Edward Island,1.0,0.00021799308791507844,0,0.0
1.0,280000.0,1,1,3,1,Alberta,1.0,1.5964978405151625e-08,0,0.0
1.0,85000.0,3,1,6,1,Quebec,1.0,0.001816729568893485,0,0.0
2.0,47500.0,5,2,2,1,Ontario,1.0,0.2202997854389517,0,0.0
2.0,52500.0,5,2,6,2,Newfoundland and Labrador,1.0,0.08662133623384338,0,0.0
2.0,115000.0,3,2,4,1,Ontario,1.0,0.0024068598690946083,0,0.0
1.0,120000.0,1,2,4,1,Manitoba,1.0,0.0005813601499883926,0,0.0
1.0,175000.0,1,1,6,1,Alberta,1.0,2.6567277545955275e-05,0,0.0
1.0,130000.0,5,2,7,1,Newfoundland and Labrador,1.0,0.0002503271523302348,0,0.0
1.0,135000.0,1,2,3,1,Alberta,1.0,0.0004403474621028162,0,0.0
2.0,37000.0,1,1,1,2,Quebec,1.0,0.07614888580450231,0,0.0
2.0,8750.0,5,2,1,2,Newfoundland and Labrador,1.0,0.6671074564885545,1,0.0
1.0,105000.0,4,2,2,1,Ontario,1.0,0.003040233974141285,0,0.0
1.0,,99,2,7,9,Prince Edward Island,1.0,0.03703701067839477,0,0.0
2.0,31000.0,3,9,3,1,Nova Scotia,1.0,0.38193668594162083,1,0.0
1.0,45000.0,3,2,2,1,Saskatchewan,1.0,0.1267919532523363,0,0.0
1.0,87500.0,2,2,2,2,Quebec,1.0,0.0015069730007428218,0,0.0
2.0,17500.0,5,2,1,2,British Columbia,1.0,0.7324216863804696,1,0.0
2.0,35000.0,5,2,2,1,Alberta,1.0,0.4549598861825961,1,0.0
2.0,65000.0,5,2,3,1,Alberta,1.0,0.09212063266613638,0,0.0
1.0,140000.0,2,2,6,2,Nova Scotia,1.0,0.00017198158361852463,0,0.0
1.0,120000.0,2,2,2,2,Quebec,1.0,0.00015283438592265778,0,0.0
1.0,230000.0,1,1,4,1,Alberta,1.0,5.443593883462383e-07,0,0.0
1.0,52500.0,5,2,6,1,Prince Edward Island,2.0,0.026104834235846208,0,0.0
2.0,20000.0,5,2,3,2,Alberta,1.0,0.7104922847733655,1,0.0
2.0,65000.0,5,2,4,1,New Brunswick,1.0,0.030545315477318393,0,0.0
2.0,13500.0,5,2,3,2,Newfoundland and Labrador,3.0,0.5922238334826825,1,1.0
1.0,49000.0,2,2,4,2,Alberta,1.0,0.16292209622659895,0,0.0
2.0,,2,9,3,1,Saskatchewan,1.0,0.06690920370463338,0,0.0
2.0,39000.0,5,2,4,1,Ontario,2.0,0.3424652077833306,1,0.0
1.0,180000.0,2,2,7,2,British Columbia,1.0,1.8425703434288568e-05,0,0.0
1.0,47000.0,5,2,2,2,Alberta,3.0,0.18565193673473968,0,0.0
1.0,140000.0,2,2,7,1,Quebec,1.0,3.797306340458957e-05,0,0.0
2.0,12000.0,5,2,4,2,Ontario,3.0,0.7799254000887726,1,1.0
1.0,85000.0,1,1,3,1,Newfoundland and Labrador,1.0,0.005506534572007688,0,0.0
2.0,22000.0,5,2,2,2,New Brunswick,2.0,0.3952361611896752,1,0.0
1.0,50000.0,3,2,5,2,Nova Scotia,1.0,0.08922106160141283,0,0.0
2.0,24000.0,5,2,2,2,Manitoba,2.0,0.4561952085495002,1,1.0
1.0,155000.0,1,1,7,1,Alberta,1.0,0.00010940914568569573,0,0.0
1.0,155000.0,1,1,4,1,Quebec,1.0,1.2704300537188149e-05,0,0.0
1.0,60000.0,2,2,1,2,Ontario,1.0,0.0670264801908133,0,0.0
2.0,25000.0,5,2,2,2,Ontario,2.0,0.5833599450818475,1,1.0
1.0,110000.0,3,2,3,1,New Brunswick,1.0,0.0008065072955949185,0,0.0
2.0,38000.0,3,2,6,1,Ontario,3.0,0.35683851676565387,1,1.0
1.0,72500.0,3,1,2,1,Saskatchewan,1.0,0.020307094765930362,0,0.0
1.0,210000.0,1,1,7,1,Newfoundland and Labrador,1.0,8.499956965661464e-07,0,0.0
2.0,62500.0,3,2,4,1,Ontario,1.0,0.08882877964518718,0,0.0
2.0,40000.0,1,1,2,1,Ontario,1.0,0.3133598114211991,1,0.0
1.0,90000.0,4,2,4,1,Saskatchewan,1.0,0.006196721045686602,0,0.0
1.0,100000.0,3,1,3,1,Quebec,1.0,0.0006202195897552138,0,0.0
1.0,460000.0,1,1,6,1,Manitoba,1.0,2.3044106314735705e-14,0,0.0
2.0,27000.0,5,2,1,2,Alberta,1.0,0.5967326163698692,1,0.0
2.0,65000.0,2,2,2,1,British Columbia,1.0,0.08482250312298517,0,0.0
2.0,9250.0,5,2,4,2,New Brunswick,1.0,0.6190884837543259,1,1.0
1.0,410000.0,1,1,3,1,Quebec,1.0,1.987966710082739e-13,0,0.0
1.0,130000.0,2,2,4,1,Ontario,1.0,0.0005198513117812216,0,0.0
2.0,44000.0,2,2,4,2,Ontario,3.0,0.2651596381899285,0,1.0
1.0,150000.0,2,2,4,1,Nova Scotia,1.0,8.268044534782328e-05,0,0.0
1.0,90000.0,5,2,1,2,Alberta,1.0,0.010830208799057814,0,0.0
1.0,145000.0,3,1,6,1,New Brunswick,1.0,6.923031210816836e-05,0,0.0
1.0,190000.0,2,2,3,1,Ontario,1.0,7.540365531440098e-06,0,0.0
2.0,95000.0,6,2,6,1,Alberta,1.0,0.012459991162172857,0,0.0
1.0,25000.0,5,2,2,2,Nova Scotia,1.0,0.3633474474538381,1,0.0
2.0,51000.0,99,9,2,9,Ontario,1.0,0.4042646514436683,1,0.0
1.0,95000.0,2,2,3,2,Quebec,1.0,0.0008946170122430921,0,0.0
1.0,125000.0,2,2,7,2,British Columbia,1.0,0.000887157833815479,0,0.0
2.0,90000.0,6,2,4,1,Alberta,1.0,0.017410554652452156,0,0.0
2.0,,3,9,99,2,Alberta,1.0,0.1910500557000658,0,0.0
1.0,57500.0,5,2,6,2,Alberta,1.0,0.1003897291982562,0,0.0
1.0,92500.0,5,2,5,1,Ontario,1.0,0.007517117427932343,0,0.0
2.0,26000.0,5,2,6,2,Saskatchewan,2.0,0.48431268746751244,1,1.0
2.0,55000.0,2,2,7,2,British Columbia,3.0,0.16424122309609043,0,1.0
2.0,36000.0,3,2,3,2,Saskatchewan,2.0,0.30866881642367366,1,1.0
2.0,28000.0,5,2,4,2,Quebec,1.0,0.14261736876799447,0,0.0
1.0,42000.0,5,2,4,2,Quebec,2.0,0.03740916602296058,0,0.0
1.0,55000.0,6,2,5,2,Alberta,1.0,0.11783043106950247,0,0.0
2.0,42000.0,5,2,2,1,Ontario,1.0,0.2939231628223038,0,0.0
1.0,65000.0,3,2,6,1,Newfoundland and Labrador,1.0,0.023223888444072655,0,0.0
1.0,260000.0,1,2,7,1,Manitoba,1.0,3.083839373196529e-08,0,0.0
2.0,43000.0,5,2,3,2,Saskatchewan,1.0,0.21761800828893155,0,0.0
1.0,460000.0,1,1,6,1,Saskatchewan,1.0,2.895697466079117e-14,0,0.0
1.0,110000.0,2,2,4,1,Quebec,1.0,0.00030835833781946083,0,0.0
2.0,77500.0,1,1,2,1,Ontario,1.0,0.03147432289487527,0,0.0
1.0,500000.0,5,2,4,1,Ontario,1.0,2.555100183311099e-15,0,0.0
1.0,200000.0,4,1,4,1,Alberta,1.0,4.6435949258624456e-06,0,0.0
1.0,145000.0,3,2,7,1,Ontario,1.0,0.0001860569760541578,0,0.0
2.0,24000.0,5,2,4,2,British Columbia,2.0,0.6383089838997247,1,1.0
2.0,230000.0,4,2,5,1,Quebec,1.0,1.0759328607741174e-07,0,0.0
1.0,47000.0,1,1,4,1,Ontario,2.0,0.15026231324476574,0,1.0
2.0,40000.0,5,2,2,2,Nova Scotia,2.0,0.2404654593292851,0,0.0
1.0,155000.0,3,2,7,1,Ontario,3.0,9.198036636778505e-05,0,0.0
1.0,57500.0,3,2,3,2,Newfoundland and Labrador,1.0,0.03862400200009085,0,0.0
1.0,125000.0,5,2,4,1,Saskatchewan,1.0,0.0005345522766344797,0,0.0
1.0,525000.0,6,2,7,1,Nova Scotia,1.0,2.940053014020399e-16,0,0.0
2.0,55000.0,5,2,4,2,British Columbia,1.0,0.1657378019778958,0,0.0
1.0,115000.0,2,2,3,1,Newfoundland and Labrador,1.0,0.0006812024615628755,0,0.0
1.0,130000.0,3,2,6,1,Ontario,1.0,0.0005317703377396835,0,0.0
1.0,65000.0,5,2,4,1,New Brunswick,1.0,0.019357739132676844,0,0.0
2.0,60000.0,2,2,1,2,Quebec,3.0,0.016345345803866065,0,0.0
1.0,95000.0,5,2,4,1,Alberta,2.0,0.007668257730609961,0,0.0
1.0,46000.0,5,2,3,1,Saskatchewan,1.0,0.12198328307338999,0,0.0
1.0,97500.0,5,2,6,1,Prince Edward Island,1.0,0.001123977796417238,0,0.0
1.0,310000.0,1,2,4,1,Ontario,1.0,1.599273900399095e-09,0,0.0
2.0,50000.0,2,2,3,2,Nova Scotia,2.0,0.13258761440460679,0,0.0
2.0,35000.0,5,2,2,2,Quebec,1.0,0.09115395454651412,0,0.0
1.0,320000.0,6,2,6,1,Ontario,1.0,8.416052178745071e-10,0,0.0
1.0,33000.0,5,2,99,1,Nova Scotia,1.0,0.37204079961574194,1,0.0
1.0,57500.0,1,1,6,1,Saskatchewan,3.0,0.056575166474752206,0,1.0
1.0,82500.0,3,2,2,1,Manitoba,1.0,0.008161179468220075,0,0.0
1.0,97500.0,2,2,4,1,Quebec,2.0,0.0007436287433216506,0,0.0
2.0,145000.0,6,2,6,1,Nova Scotia,1.0,0.0001978186301287341,0,0.0
2.0,16000.0,5,2,2,2,New Brunswick,2.0,0.49934714197263746,1,1.0
2.0,23000.0,5,2,3,2,British Columbia,2.0,0.6529736590242514,1,1.0
2.0,38000.0,6,2,4,1,Alberta,2.0,0.4087002888375408,1,1.0
2.0,9750.0,5,2,3,2,Nova Scotia,1.0,0.7286044997241636,1,0.0
2.0,26000.0,5,2,1,2,Quebec,1.0,0.1581757673700694,0,1.0
1.0,,99,9,3,1,Newfoundland and Labrador,1.0,0.0716928147932565,0,0.0
2.0,55000.0,5,2,1,2,Nova Scotia,1.0,0.09855889389685979,0,0.0
1.0,55000.0,2,2,1,2,Quebec,1.0,0.014591188643023337,0,0.0
2.0,70000.0,99,9,2,9,Manitoba,1.0,0.09037030726117168,0,0.0
1.0,140000.0,1,1,6,1,Newfoundland and Labrador,1.0,0.00011709783227258265,0,0.0
2.0,87500.0,2,2,4,1,British Columbia,1.0,0.01886989255289822,0,0.0
2.0,16500.0,5,2,3,2,Quebec,2.0,0.270948705049616,0,1.0
1.0,110000.0,2,2,5,1,Ontario,1.0,0.0021375594483455333,0,0.0
2.0,95000.0,4,9,2,1,Ontario,1.0,0.010383269539895133,0,0.0
1.0,70000.0,2,2,2,1,British Columbia,1.0,0.039224616161376305,0,0.0
2.0,40000.0,5,2,5,2,Ontario,1.0,0.33154260134419306,1,0.0
2.0,30000.0,5,2,2,2,Quebec,2.0,0.12484370693525451,0,0.0
2.0,42000.0,2,2,1,2,New Brunswick,1.0,0.13345213497409752,0,0.0
1.0,230000.0,1,1,6,1,Ontario,1.0,4.502311214662862e-07,0,0.0
1.0,75000.0,5,2,6,2,Newfoundland and Labrador,1.0,0.012027202876769222,0,0.0
2.0,65000.0,5,2,4,1,Ontario,1.0,0.0769722356387105,0,0.0
2.0,24000.0,5,2,4,2,Nova Scotia,2.0,0.49747307074152974,1,1.0
1.0,115000.0,2,2,7,1,Prince Edward Island,1.0,0.000320173564647121,0,0.0
1.0,145000.0,1,1,7,1,Saskatchewan,1.0,0.00012682223066530813,0,0.0
2.0,34000.0,2,2,99,9,Nova Scotia,1.0,0.49136656504567966,1,0.0
2.0,23000.0,5,2,1,2,Nova Scotia,2.0,0.5103209404023548,1,1.0
1.0,60000.0,2,2,5,1,Ontario,1.0,0.06766701281169292,0,0.0
1.0,25000.0,5,2,4,2,Alberta,2.0,0.5210501539691806,1,1.0
2.0,49000.0,5,2,1,1,Ontario,2.0,0.2016587439184399,0,0.0
2.0,12500.0,5,2,1,2,Newfoundland and Labrador,3.0,0.6060926018359458,1,1.0
1.0,180000.0,4,2,4,1,Manitoba,1.0,8.744585646194432e-06,0,0.0
2.0,52500.0,5,2,4,1,Ontario,1.0,0.16749305642396992,0,1.0
2.0,32000.0,5,2,2,2,Ontario,1.0,0.4609251908024616,1,0.0
2.0,97500.0,99,2,3,9,Newfoundland and Labrador,1.0,0.010974471504865984,0,0.0
1.0,37000.0,5,2,5,1,Nova Scotia,1.0,0.19741871107248013,0,0.0
2.0,31000.0,5,2,3,1,Alberta,1.0,0.5268570928177869,1,0.0
2.0,29000.0,5,2,5,2,Manitoba,2.0,0.37545242932402195,1,1.0
2.0,25000.0,5,2,1,2,Nova Scotia,1.0,0.4751143912015125,1,0.0
1.0,110000.0,2,2,3,2,Newfoundland and Labrador,1.0,0.0009834415528355309,0,0.0
1.0,62500.0,5,2,3,1,Quebec,1.0,0.00889215870165653,0,0.0
2.0,48000.0,5,2,2,1,Ontario,2.0,0.21430830395164796,0,0.0
1.0,140000.0,5,2,6,1,Newfoundland and Labrador,1.0,0.0001229737479756423,0,0.0
2.0,,99,9,2,1,Alberta,1.0,0.2465401703075048,0,0.0
1.0,67500.0,5,2,4,1,Quebec,1.0,0.006308140604340252,0,0.0
1.0,115000.0,5,2,4,1,Saskatchewan,1.0,0.0010807977852809714,0,0.0
2.0,35000.0,5,2,2,2,Quebec,1.0,0.09115395454651412,0,0.0
1.0,70000.0,5,2,4,1,New Brunswick,1.0,0.01368869962565952,0,0.0
1.0,240000.0,4,1,6,1,Ontario,1.0,2.2931858611125902e-07,0,0.0
2.0,23000.0,5,2,1,2,Ontario,1.0,0.6156542183305252,1,0.0
2.0,24000.0,5,2,2,2,Saskatchewan,2.0,0.5131798246768502,1,1.0
2.0,25000.0,5,2,1,2,Quebec,2.0,0.16778503298482783,0,1.0
2.0,47000.0,1,1,6,1,Manitoba,1.0,0.1376491572114678,0,0.0
2.0,29000.0,5,2,5,2,Manitoba,1.0,0.37545242932402195,1,1.0
1.0,210000.0,2,2,2,1,Newfoundland and Labrador,1.0,8.392504643088007e-07,0,0.0
1.0,145000.0,2,2,6,1,Nova Scotia,1.0,0.00011909710329197042,0,0.0
1.0,40000.0,3,2,2,1,Nova Scotia,2.0,0.16071926138114068,0,1.0
2.0,60000.0,2,2,4,1,Alberta,2.0,0.12354323149906096,0,0.0
2.0,33000.0,5,2,2,2,Newfoundland and Labrador,2.0,0.2675473379426214,0,0.0
2.0,,5,2,99,1,Newfoundland and Labrador,1.0,0.07694919255206302,0,0.0
2.0,55000.0,2,2,2,1,Newfoundland and Labrador,1.0,0.06899064453739409,0,0.0
2.0,110000.0,6,2,6,1,Manitoba,1.0,0.0019955944483354662,0,0.0
2.0,50000.0,6,2,1,2,Quebec,1.0,0.03380154848196692,0,0.0
2.0,20000.0,5,2,1,2,Nova Scotia,2.0,0.5628314028890067,1,1.0
1.0,180000.0,2,2,6,1,Alberta,1.0,1.903817228310606e-05,0,0.0
2.0,31000.0,5,2,2,2,Saskatchewan,1.0,0.39162926646673246,1,0.0
2.0,72500.0,2,2,3,1,Newfoundland and Labrador,1.0,0.02127025408188498,0,0.0
1.0,105000.0,6,2,2,1,Saskatchewan,1.0,0.002178071970323851,0,0.0
2.0,,99,9,2,2,Quebec,1.0,0.037828626485092956,0,0.0
1.0,210000.0,2,2,4,1,Alberta,1.0,2.270592044589015e-06,0,0.0
2.0,29000.0,3,1,2,1,British Columbia,1.0,0.539618292055793,1,0.0
2.0,70000.0,3,2,2,1,British Columbia,1.0,0.06175310810558604,0,0.0
2.0,33000.0,5,2,1,2,Saskatchewan,1.0,0.3571543875740744,1,0.0
2.0,70000.0,5,2,6,1,New Brunswick,1.0,0.021943384802068998,0,0.0
1.0,,99,9,7,1,New Brunswick,1.0,0.061292835703157876,0,0.0
2.0,52500.0,2,2,4,1,Nova Scotia,2.0,0.1127177980091336,0,0.0
2.0,24000.0,5,2,2,2,Prince Edward Island,1.0,0.23980333115088204,0,0.0
2.0,10500.0,5,2,4,2,Quebec,1.0,0.3633813028873176,1,1.0
1.0,92500.0,5,2,2,1,Manitoba,1.0,0.004132238401184305,0,0.0
2.0,62500.0,4,1,7,2,Ontario,2.0,0.09171762362495516,0,1.0
2.0,14500.0,5,2,1,2,Quebec,1.0,0.29700376975272685,0,0.0
2.0,25000.0,5,2,1,2,Nova Scotia,2.0,0.4751143912015125,1,1.0
2.0,22000.0,5,2,1,2,New Brunswick,2.0,0.39371859295334183,1,1.0
1.0,24000.0,5,2,2,2,Newfoundland and Labrador,1.0,0.3014125325350464,1,0.0
1.0,170000.0,2,2,6,1,Saskatchewan,1.0,2.206852263816773e-05,0,0.0
2.0,26000.0,5,2,1,2,Prince Edward Island,2.0,0.2139924485115279,0,1.0
1.0,105000.0,2,2,2,2,Nova Scotia,1.0,0.001970761521099792,0,0.0
2.0,67500.0,99,9,4,9,Manitoba,1.0,0.10714201382838819,0,0.0
2.0,47000.0,3,2,2,1,Quebec,1.0,0.039914761039526424,0,0.0
2.0,34000.0,5,2,6,1,Newfoundland and Labrador,1.0,0.2559051652984671,0,0.0
2.0,48000.0,5,2,4,1,New Brunswick,1.0,0.09451174635809179,0,0.0
2.0,62500.0,5,2,6,1,Ontario,1.0,0.09150755340605023,0,0.0
1.0,55000.0,2,2,5,2,Quebec,1.0,0.014961127756591646,0,0.0
2.0,75000.0,5,2,4,1,Ontario,1.0,0.039589896862151176,0,0.0
2.0,50000.0,2,2,3,2,Nova Scotia,2.0,0.13258761440460679,0,0.0
1.0,410000.0,1,1,7,1,Quebec,1.0,2.039134341963255e-13,0,0.0
2.0,34000.0,5,2,6,2,Ontario,3.0,0.4323867207293385,1,0.0
2.0,12000.0,5,2,2,2,Ontario,1.0,0.7777366772583613,1,0.0
1.0,150000.0,1,1,4,1,Quebec,1.0,1.8069422462767052e-05,0,0.0
1.0,140000.0,1,2,4,1,Prince Edward Island,1.0,5.344570259334864e-05,0,0.0
1.0,440000.0,1,2,7,1,Saskatchewan,1.0,1.2034685216635557e-13,0,0.0
1.0,67500.0,2,2,4,1,Ontario,2.0,0.04078216274544234,0,0.0
2.0,28000.0,5,2,5,2,Ontario,2.0,0.536005050823981,1,1.0
1.0,87500.0,2,2,6,1,New Brunswick,1.0,0.0039597035749050595,0,0.0
2.0,97500.0,2,2,2,1,Alberta,1.0,0.009813373464902936,0,0.0
2.0,57500.0,5,2,1,2,Alberta,1.0,0.14715705804394294,0,0.0
1.0,22000.0,5,2,3,2,Alberta,3.0,0.5718170966523818,1,1.0
2.0,47000.0,5,2,3,1,Prince Edward Island,1.0,0.058242343558543366,0,0.0
2.0,27000.0,5,2,5,2,British Columbia,1.0,0.589769806171045,1,0.0
1.0,38000.0,3,1,4,1,Saskatchewan,3.0,0.19266445123122544,0,1.0
2.0,70000.0,5,2,1,1,New Brunswick,1.0,0.021271875301755828,0,0.0
2.0,49000.0,2,2,1,2,Quebec,2.0,0.034813953963305194,0,0.0
2.0,24000.0,5,2,2,2,British Columbia,2.0,0.6353702998323351,1,1.0
2.0,170000.0,1,1,4,1,Ontario,1.0,4.863169521538571e-05,0,0.0
1.0,250000.0,1,2,7,1,New Brunswick,1.0,4.2213198535949945e-08,0,0.0
1.0,67500.0,2,2,6,2,Newfoundland and Labrador,1.0,0.019647191486460623,0,0.0
1.0,125000.0,2,2,2,2,New Brunswick,1.0,0.0002801343783610363,0,0.0
1.0,12000.0,5,2,4,2,Alberta,3.0,0.7310966956430914,1,1.0
1.0,75000.0,2,2,3,2,Manitoba,1.0,0.013923596665232744,0,0.0
2.0,155000.0,2,2,6,1,Ontario,1.0,0.0001444290209434788,0,0.0
2.0,97500.0,99,9,4,1,Prince Edward Island,1.0,0.004802531245816195,0,0.0
1.0,45000.0,5,2,4,2,Manitoba,1.0,0.10811352325422922,0,0.0
2.0,47000.0,2,2,1,9,Prince Edward Island,1.0,0.06273519819130557,0,0.0
2.0,80000.0,1,9,7,1,Manitoba,1.0,0.01660790515233803,0,0.0
1.0,77500.0,2,2,4,2,New Brunswick,1.0,0.007997965431890902,0,0.0
2.0,,1,2,4,1,Alberta,1.0,0.10476059324787018,0,0.0
2.0,40000.0,5,2,1,2,British Columbia,2.0,0.3593140449315126,1,0.0
1.0,155000.0,2,2,6,1,Quebec,1.0,1.3114137092698996e-05,0,0.0
1.0,35000.0,1,1,5,2,Ontario,3.0,0.29619350900239266,0,1.0
2.0,110000.0,3,1,6,1,Manitoba,1.0,0.0019194248076350815,0,0.0
1.0,195000.0,3,2,4,1,Ontario,1.0,5.3887551608010636e-06,0,0.0
2.0,92500.0,3,1,6,1,British Columbia,1.0,0.013522141374888972,0,0.0
2.0,70000.0,99,9,5,1,Alberta,1.0,0.16430765478401937,0,1.0
1.0,210000.0,1,2,5,1,Newfoundland and Labrador,1.0,8.469101883252415e-07,0,0.0
2.0,29000.0,5,2,2,2,Manitoba,1.0,0.3709938651633891,1,0.0
2.0,35000.0,5,2,6,2,Manitoba,3.0,0.28388214068235634,0,0.0
2.0,17000.0,5,2,1,2,Saskatchewan,3.0,0.6317143808398765,1,1.0
2.0,30000.0,5,2,2,2,Ontario,1.0,0.49607402540765894,1,0.0
2.0,,2,2,6,1,Nova Scotia,1.0,0.05979695370659487,0,0.0
2.0,17000.0,5,2,1,2,New Brunswick,1.0,0.48015496144308795,1,0.0
1.0,220000.0,5,2,6,1,Manitoba,1.0,5.34104456974967e-07,0,0.0
1.0,40000.0,1,1,1,2,Ontario,1.0,0.22388130893248961,0,0.0
2.0,52500.0,5,2,2,1,Newfoundland and Labrador,1.0,0.08346043245710323,0,0.0
2.0,135000.0,3,1,5,1,Quebec,1.0,8.519193060648699e-05,0,0.0
2.0,12000.0,5,2,5,2,New Brunswick,3.0,0.5740212816991612,1,1.0
2.0,22000.0,5,2,2,2,Nova Scotia,2.0,0.5294907481184928,1,1.0
1.0,120000.0,2,2,3,1,Alberta,1.0,0.0012786462885932919,0,0.0
2.0,28000.0,5,2,1,2,Nova Scotia,2.0,0.4228715669914721,1,1.0
2.0,18000.0,5,2,3,2,British Columbia,1.0,0.7279847658811848,1,0.0
1.0,52500.0,6,2,4,2,New Brunswick,1.0,0.046565487519263433,0,0.0
2.0,20000.0,3,1,2,2,New Brunswick,2.0,0.42227075023692956,1,1.0
2.0,95000.0,99,9,6,9,Saskatchewan,1.0,0.02152589900051627,0,0.0
1.0,,4,9,4,1,British Columbia,1.0,0.0708396116013653,0,0.0
2.0,47500.0,5,2,4,1,Ontario,1.0,0.22249010894272941,0,0.0
2.0,27000.0,5,2,2,2,Ontario,2.0,0.5487613640051658,1,0.0
1.0,280000.0,1,2,6,1,Saskatchewan,1.0,9.408979449080699e-09,0,0.0
2.0,220000.0,1,1,4,1,Saskatchewan,1.0,1.0071819040830036e-06,0,0.0
1.0,65000.0,2,2,4,2,Alberta,1.0,0.059303065405607105,0,0.0
1.0,145000.0,2,2,6,1,Alberta,1.0,0.00022413365326629314,0,0.0
1.0,40000.0,5,2,2,2,British Columbia,1.0,0.26123057752940815,0,0.0
2.0,35000.0,5,2,3,1,Alberta,1.0,0.45653575684443126,1,0.0
1.0,67500.0,2,2,7,1,Quebec,1.0,0.006240410805015562,0,0.0
2.0,60000.0,2,2,7,1,Prince Edward Island,2.0,0.02404267124541587,0,0.0
1.0,220000.0,1,1,6,1,Alberta,1.0,1.1153098065854007e-06,0,0.0
2.0,35000.0,3,1,4,1,Ontario,3.0,0.4014283200882507,1,1.0
2.0,,99,2,4,1,Manitoba,1.0,0.12420517410997607,0,0.0
2.0,25000.0,5,2,2,2,Saskatchewan,1.0,0.4955686972062114,1,0.0
2.0,29000.0,5,2,1,1,Quebec,1.0,0.13028387584913634,0,0.0
1.0,240000.0,2,2,4,1,British Columbia,1.0,2.5977444787469555e-07,0,0.0
1.0,185000.0,4,1,5,1,British Columbia,1.0,1.2735882022227183e-05,0,0.0
2.0,23000.0,5,2,2,2,New Brunswick,2.0,0.3785254244963202,1,0.0
1.0,120000.0,3,1,6,1,Quebec,1.0,0.0001545403803196673,0,0.0
2.0,48000.0,5,2,2,2,New Brunswick,2.0,0.09472665616189692,0,0.0
1.0,90000.0,4,2,2,1,Newfoundland and Labrador,1.0,0.004006013931509089,0,0.0
1.0,60000.0,5,2,4,2,British Columbia,1.0,0.08046693229328669,0,0.0
1.0,125000.0,2,2,3,2,British Columbia,1.0,0.0008649157957395791,0,0.0
1.0,75000.0,3,2,6,1,Newfoundland and Labrador,1.0,0.011616457994943142,0,0.0
1.0,195000.0,1,1,7,1,Quebec,1.0,7.731553158634981e-07,0,0.0
1.0,240000.0,4,1,3,1,Alberta,1.0,2.755055165174727e-07,0,0.0
1.0,115000.0,2,2,5,2,British Columbia,1.0,0.0017704761516129472,0,0.0
2.0,49000.0,5,2,1,2,Saskatchewan,1.0,0.15250966364540147,0,0.0
2.0,85000.0,2,2,2,1,Prince Edward Island,1.0,0.004083192188026092,0,0.0
2.0,145000.0,6,2,6,2,Ontario,1.0,0.00030868092116824973,0,0.0
2.0,26000.0,5,2,1,2,Quebec,1.0,0.1581757673700694,0,0.0
1.0,77500.0,5,2,3,2,British Columbia,1.0,0.024713689639596657,0,0.0
1.0,52500.0,5,2,4,2,Quebec,1.0,0.018208093798962918,0,0.0
2.0,48000.0,2,2,2,2,Saskatchewan,1.0,0.15866913308935598,0,0.0
2.0,21000.0,5,2,3,2,New Brunswick,1.0,0.4137355108537192,1,0.0
1.0,47000.0,5,2,2,2,Manitoba,1.0,0.09416761717371741,0,0.0
2.0,150000.0,5,2,7,1,New Brunswick,1.0,8.048785699155874e-05,0,0.0
2.0,92500.0,3,1,3,1,Saskatchewan,1.0,0.008070261888647599,0,0.0
1.0,105000.0,1,1,2,1,British Columbia,1.0,0.0033901610712754326,0,0.0
1.0,100000.0,3,1,7,1,Quebec,1.0,0.0006361730654517343,0,0.0
2.0,30000.0,5,2,2,2,Nova Scotia,1.0,0.39041754074494883,1,0.0
2.0,40000.0,2,2,2,2,Alberta,2.0,0.36641124696672506,1,1.0
2.0,95000.0,1,1,4,1,Prince Edward Island,1.0,0.002009828181350827,0,0.0
1.0,130000.0,5,2,3,1,Newfoundland and Labrador,1.0,0.00024404727100945948,0,0.0
1.0,240000.0,1,2,7,1,Ontario,1.0,2.2601751771210833e-07,0,0.0
1.0,120000.0,5,2,3,1,British Columbia,2.0,0.0012479311194196713,0,0.0
2.0,49000.0,5,2,4,1,Quebec,1.0,0.035966601682219344,0,0.0
1.0,170000.0,1,1,2,1,Manitoba,1.0,1.6798663450839992e-05,0,0.0
2.0,37000.0,5,2,3,1,Manitoba,1.0,0.2496509164116616,0,0.0
2.0,67500.0,2,2,4,1,Ontario,1.0,0.06354933130922855,0,0.0
2.0,37000.0,2,2,1,2,Newfoundland and Labrador,2.0,0.20995327703160535,0,0.0
1.0,57500.0,99,2,1,9,Newfoundland and Labrador,1.0,0.10310783060421974,0,0.0
2.0,52500.0,5,2,4,1,Quebec,1.0,0.028328887943530306,0,0.0
2.0,185000.0,5,2,7,1,British Columbia,1.0,2.098397002918e-05,0,0.0
2.0,62500.0,5,2,5,1,Alberta,2.0,0.10917819087344909,0,0.0
2.0,25000.0,5,2,1,2,New Brunswick,3.0,0.3445507708398865,1,1.0
1.0,23000.0,5,2,1,2,New Brunswick,3.0,0.27492873158196707,0,1.0
1.0,57500.0,5,2,6,2,Manitoba,1.0,0.048422092253924305,0,0.0
1.0,67500.0,2,2,4,1,Alberta,1.0,0.049485760290887575,0,0.0
1.0,22000.0,5,2,3,2,New Brunswick,1.0,0.29181313386364627,0,0.0
1.0,150000.0,5,2,4,1,Alberta,1.0,0.00016033041245730727,0,0.0
2.0,340000.0,6,2,7,1,Ontario,1.0,3.3033706416668003e-10,0,0.0
1.0,20000.0,5,2,4,1,Quebec,2.0,0.15279187257842033,0,0.0
2.0,85000.0,5,2,1,2,Alberta,1.0,0.02425336287412389,0,0.0
2.0,85000.0,5,2,7,1,British Columbia,3.0,0.023522097596706294,0,0.0
1.0,50000.0,2,2,1,2,Saskatchewan,1.0,0.09253865192152777,0,0.0
2.0,85000.0,5,2,7,1,British Columbia,1.0,0.023522097596706294,0,0.0
2.0,31000.0,5,2,1,2,New Brunswick,2.0,0.25619833525503577,0,1.0
2.0,65000.0,4,1,4,2,Ontario,1.0,0.07670063723856094,0,1.0
2.0,47000.0,3,1,1,1,Quebec,1.0,0.039327898648508657,0,0.0
1.0,97500.0,5,2,4,1,Alberta,1.0,0.006437792282264213,0,0.0
2.0,24000.0,5,2,1,2,Manitoba,1.0,0.45461953005744654,1,0.0
2.0,,99,9,1,2,Quebec,1.0,0.037598060961543854,0,0.0
2.0,22000.0,5,2,6,2,Manitoba,2.0,0.49766448083865267,1,1.0
1.0,70000.0,5,2,3,1,New Brunswick,1.0,0.013603186819198946,0,0.0
1.0,,5,2,99,1,Prince Edward Island,2.0,0.023364345612762228,0,0.0
1.0,57500.0,5,2,2,1,Prince Edward Island,1.0,0.018041363211356007,0,0.0
1.0,100000.0,3,2,3,1,Quebec,1.0,0.0006258669523039852,0,0.0
1.0,44000.0,5,2,2,2,Quebec,3.0,0.03225381349357157,0,0.0
2.0,120000.0,1,1,7,1,British Columbia,1.0,0.0019441575792717896,0,0.0
1.0,49000.0,2,2,2,2,Saskatchewan,1.0,0.09919384581351151,0,0.0
2.0,105000.0,1,1,2,1,Quebec,1.0,0.0006779144619944838,0,0.0
2.0,9500.0,5,2,4,2,Alberta,1.0,0.8380689683035345,1,0.0
2.0,52500.0,5,2,1,2,Alberta,1.0,0.19705726581388192,0,0.0
2.0,,3,1,2,1,British Columbia,2.0,0.09961499339707043,0,1.0
2.0,145000.0,3,2,4,1,Alberta,1.0,0.00035672697793036155,0,0.0
1.0,19500.0,5,2,1,2,Nova Scotia,2.0,0.4551947002002486,1,1.0
1.0,230000.0,1,2,4,1,Ontario,1.0,4.485967692048072e-07,0,0.0
1.0,62500.0,2,2,3,1,Nova Scotia,1.0,0.037622882972430494,0,0.0
1.0,165000.0,2,2,6,2,Ontario,1.0,4.541931543664965e-05,0,0.0
2.0,23000.0,5,2,1,2,Alberta,1.0,0.662330723077472,1,0.0
1.0,82500.0,2,2,6,1,Ontario,1.0,0.014744589058226268,0,0.0
2.0,60000.0,2,2,7,1,Alberta,1.0,0.1256218797670446,0,0.0
1.0,155000.0,6,2,6,1,Ontario,2.0,9.417385165814908e-05,0,0.0
2.0,155000.0,3,1,5,1,Alberta,1.0,0.00017589075537231296,0,0.0
1.0,39000.0,5,2,2,1,New Brunswick,1.0,0.10852130632341818,0,0.0
2.0,62500.0,5,2,2,1,Ontario,1.0,0.08941668784351664,0,0.0
2.0,7750.0,5,2,3,2,Alberta,3.0,0.8533194281970368,1,1.0
2.0,175000.0,99,9,7,1,Saskatchewan,1.0,6.987862127539033e-05,0,0.0
2.0,105000.0,2,9,3,1,Newfoundland and Labrador,1.0,0.002339874098917578,0,0.0
2.0,65000.0,5,2,7,1,Newfoundland and Labrador,1.0,0.037500431311160376,0,0.0
1.0,97500.0,99,9,7,2,Newfoundland and Labrador,1.0,0.00678424035972447,0,0.0
1.0,65000.0,2,2,2,2,Manitoba,1.0,0.027600570949126033,0,0.0
2.0,16500.0,5,2,2,2,Quebec,1.0,0.26969553981446776,0,1.0
2.0,65000.0,6,2,2,2,Ontario,1.0,0.07786381615643062,0,0.0
1.0,26000.0,5,2,1,2,New Brunswick,1.0,0.23484914954336797,0,0.0
2.0,60000.0,5,2,4,9,New Brunswick,1.0,0.048176194388057335,0,0.0
2.0,35000.0,99,2,6,1,Manitoba,1.0,0.49927054977072016,1,1.0
2.0,24000.0,5,2,4,2,New Brunswick,1.0,0.36503829075254884,1,1.0
1.0,23000.0,5,2,3,2,British Columbia,3.0,0.5410432075091128,1,1.0
1.0,100000.0,2,2,4,1,Quebec,1.0,0.0006236061757495553,0,0.0
1.0,72500.0,6,2,6,1,British Columbia,1.0,0.03525457504515448,0,0.0
1.0,67500.0,2,2,4,2,New Brunswick,1.0,0.016048423321825715,0,0.0
2.0,27000.0,5,2,3,2,New Brunswick,3.0,0.31620071103681213,1,1.0
2.0,55000.0,1,1,4,1,Ontario,1.0,0.1384039856410664,0,0.0
1.0,50000.0,5,2,3,1,Quebec,1.0,0.02118729425962198,0,0.0
2.0,38000.0,2,2,2,2,New Brunswick,1.0,0.17042863944362552,0,0.0
2.0,33000.0,5,2,1,2,Ontario,1.0,0.4419062896867403,1,0.0
2.0,17500.0,5,2,2,2,New Brunswick,1.0,0.47295212584218627,1,0.0
2.0,87500.0,2,2,7,1,Newfoundland and Labrador,1.0,0.007687893924561182,0,0.0
2.0,22000.0,5,2,6,2,New Brunswick,2.0,0.40132638149905936,1,1.0
1.0,,1,9,6,1,Newfoundland and Labrador,1.0,0.028765462047904027,0,0.0
2.0,47000.0,5,2,4,2,Prince Edward Island,2.0,0.05943671004174143,0,0.0
2.0,65000.0,99,9,1,9,British Columbia,1.0,0.22579766530895054,0,0.0
2.0,32000.0,5,2,2,1,British Columbia,2.0,0.49411351064770587,1,0.0
1.0,135000.0,2,2,3,2,British Columbia,1.0,0.00042773238368426535,0,0.0
2.0,105000.0,1,1,2,1,Nova Scotia,1.0,0.0030364387338350043,0,0.0
1.0,155000.0,2,2,4,1,New Brunswick,1.0,3.376049924200061e-05,0,0.0
2.0,180000.0,6,2,5,1,Ontario,1.0,2.566225202283191e-05,0,0.0
2.0,70000.0,6,2,2,1,Nova Scotia,1.0,0.036647085175676705,0,0.0
2.0,160000.0,6,2,2,1,Alberta,1.0,0.0001261611246191665,0,0.0
1.0,95000.0,2,2,4,2,Quebec,1.0,0.0009003137006263333,0,0.0
2.0,28000.0,5,2,5,2,Quebec,1.0,0.1433959949598426,0,0.0
2.0,52500.0,5,2,4,9,Newfoundland and Labrador,1.0,0.09433608047528652,0,0.0
1.0,80000.0,6,2,2,2,New Brunswick,1.0,0.006898764288381368,0,0.0
2.0,24000.0,5,2,4,2,Ontario,2.0,0.6034223299450114,1,1.0
1.0,55000.0,5,2,2,1,Ontario,2.0,0.094495316376517,0,0.0
2.0,60000.0,5,2,2,1,Saskatchewan,1.0,0.07593234834354894,0,0.0
2.0,32000.0,5,2,5,2,New Brunswick,1.0,0.24770934336256584,0,0.0
1.0,80000.0,3,1,7,1,Ontario,1.0,0.017660194170955854,0,0.0
2.0,36000.0,5,2,4,1,Alberta,2.0,0.4406804797277037,1,1.0
2.0,55000.0,5,2,5,9,Newfoundland and Labrador,1.0,0.08079498559501772,0,0.0
2.0,,99,2,99,1,Prince Edward Island,1.0,0.08885255162760503,0,0.0
1.0,60000.0,2,2,3,2,Newfoundland and Labrador,1.0,0.032276438818961875,0,0.0
1.0,52500.0,5,2,6,2,Saskatchewan,1.0,0.08336518304264849,0,0.0
2.0,110000.0,1,1,4,1,Saskatchewan,1.0,0.0023334704047938593,0,0.0
2.0,27000.0,5,2,3,2,Prince Edward Island,1.0,0.20443924851221582,0,0.0
1.0,140000.0,6,2,3,1,Alberta,1.0,0.0003254681195977689,0,0.0
2.0,85000.0,2,2,4,2,Quebec,1.0,0.0029012687461971633,0,0.0
1.0,72500.0,2,2,4,2,Quebec,1.0,0.004378853761628188,0,0.0
2.0,77500.0,3,2,4,1,Newfoundland and Labrador,1.0,0.015293670783890809,0,0.0
2.0,27000.0,5,2,1,2,Ontario,3.0,0.5471876744136126,1,1.0
2.0,30000.0,5,2,2,2,New Brunswick,2.0,0.2711072534401388,0,0.0
2.0,24000.0,5,2,2,2,Nova Scotia,2.0,0.4942966699837317,1,1.0
2.0,22000.0,5,2,2,2,British Columbia,1.0,0.6673536137957071,1,0.0
2.0,77500.0,5,2,5,2,Manitoba,1.0,0.019339638019771323,0,0.0
2.0,77500.0,3,2,2,1,Newfoundland and Labrador,1.0,0.015103487545631759,0,0.0
1.0,50000.0,5,2,4,2,Ontario,1.0,0.1324193683429283,0,0.0
2.0,130000.0,2,2,4,1,Ontario,1.0,0.0008295024009002562,0,0.0
2.0,150000.0,2,2,6,1,Alberta,1.0,0.0002515199304668823,0,0.0
1.0,27000.0,5,2,4,2,Alberta,1.0,0.4858377983238889,1,0.0
2.0,23000.0,5,2,2,2,Ontario,2.0,0.6171564423139158,1,1.0
2.0,39000.0,3,1,7,2,Quebec,1.0,0.07052145307210218,0,0.0
2.0,85000.0,5,2,3,2,Saskatchewan,1.0,0.014219719572956572,0,0.0
2.0,60000.0,5,2,2,1,Nova Scotia,1.0,0.07079846598172403,0,0.0
2.0,47000.0,2,2,1,2,Ontario,1.0,0.22274297552383304,0,0.0
2.0,,1,9,4,1,Nova Scotia,1.0,0.062132886988160815,0,0.0
1.0,130000.0,2,2,3,1,Nova Scotia,1.0,0.00033613744746409515,0,0.0
2.0,26000.0,2,2,4,1,Alberta,3.0,0.6073646914338109,1,1.0
2.0,23000.0,5,2,1,2,Manitoba,2.0,0.4721374940685932,1,1.0
2.0,43000.0,2,2,7,2,Ontario,2.0,0.2829644237828112,0,1.0
2.0,12000.0,5,2,2,2,Nova Scotia,1.0,0.6948032292262584,1,0.0
2.0,115000.0,99,9,99,1,Prince Edward Island,1.0,0.002564971068076419,0,0.0
1.0,105000.0,2,2,3,2,Alberta,1.0,0.00372631998218447,0,0.0
2.0,,2,2,2,1,Ontario,1.0,0.08701007504637177,0,0.0
2.0,92500.0,6,2,4,2,Nova Scotia,1.0,0.007951187759236072,0,0.0
2.0,21000.0,5,2,2,2,Nova Scotia,1.0,0.5470001441480685,1,0.0
2.0,28000.0,5,2,1,2,Quebec,1.0,0.14030262330308005,0,0.0
1.0,230000.0,1,2,7,1,Prince Edward Island,1.0,9.60037810196952e-08,0,0.0
2.0,23000.0,5,2,3,2,Newfoundland and Labrador,1.0,0.42649229967534724,1,0.0
2.0,27000.0,5,2,2,2,Alberta,1.0,0.5982605368759238,1,0.0
1.0,55000.0,5,2,3,1,Newfoundland and Labrador,1.0,0.04593014070728866,0,0.0
1.0,55000.0,2,2,2,1,Nova Scotia,1.0,0.06181980434268362,0,0.0
2.0,22000.0,5,2,99,9,Ontario,1.0,0.7808668626872979,1,0.0
2.0,55000.0,5,2,3,2,Ontario,1.0,0.14544526773648406,0,0.0
1.0,75000.0,5,2,4,1,Nova Scotia,1.0,0.016524758611878007,0,0.0
2.0,19500.0,5,2,2,2,Quebec,1.0,0.2301367167731268,0,0.0
2.0,62500.0,5,2,2,9,Alberta,1.0,0.11957074928185364,0,0.0
2.0,30000.0,5,2,1,2,Quebec,1.0,0.12415121759636098,0,0.0
2.0,24000.0,5,2,1,2,Nova Scotia,2.0,0.492708626216116,1,1.0
2.0,37000.0,5,2,2,2,Ontario,2.0,0.3754503603732174,1,1.0
2.0,25000.0,5,2,1,2,Saskatchewan,1.0,0.49398055870464086,1,0.0
2.0,23000.0,5,2,1,2,Manitoba,2.0,0.4721374940685932,1,0.0
2.0,26000.0,5,2,7,1,Alberta,1.0,0.61898229562185,1,0.0
1.0,220000.0,1,2,4,1,British Columbia,1.0,1.052561982607899e-06,0,0.0
2.0,24000.0,5,2,1,2,Quebec,1.0,0.17785473235303173,0,0.0
1.0,28000.0,5,2,2,2,Alberta,2.0,0.46509992988459575,1,1.0
1.0,82500.0,5,2,2,2,Newfoundland and Labrador,1.0,0.006948021208641227,0,0.0
2.0,72500.0,2,2,1,1,Manitoba,1.0,0.025472965988812653,0,0.0
2.0,23000.0,5,2,2,2,Manitoba,1.0,0.47372115023394584,1,1.0
1.0,65000.0,5,2,6,1,British Columbia,1.0,0.057822576107451215,0,0.0
2.0,30000.0,5,2,2,2,Alberta,2.0,0.5465773134332466,1,1.0
2.0,67500.0,1,1,6,1,Ontario,2.0,0.06317321413891734,0,1.0
2.0,14500.0,99,9,99,9,Manitoba,3.0,0.9018116175409634,1,1.0
2.0,82500.0,1,1,4,1,Ontario,1.0,0.022616875935630838,0,0.0
2.0,23000.0,5,2,1,2,Newfoundland and Labrador,2.0,0.4233872731164338,1,1.0
2.0,36000.0,5,2,4,1,Nova Scotia,1.0,0.2950859385194831,0,0.0
1.0,330000.0,5,2,3,1,Alberta,1.0,4.948527862079062e-10,0,0.0
1.0,41000.0,2,2,5,1,British Columbia,1.0,0.2430338349484767,0,0.0
1.0,70000.0,2,2,6,2,Saskatchewan,1.0,0.025077130121268127,0,0.0
2.0,50000.0,2,2,6,1,Quebec,2.0,0.03304733209335088,0,0.0
2.0,60000.0,1,1,6,1,Quebec,1.0,0.016305309897149553,0,0.0
2.0,37000.0,5,2,3,1,Alberta,1.0,0.42184323977930543,1,0.0
2.0,24000.0,5,2,6,2,Ontario,1.0,0.6064590140309953,1,0.0
1.0,39000.0,2,2,2,2,British Columbia,1.0,0.2691286222812122,0,0.0
2.0,95000.0,1,1,5,1,Ontario,1.0,0.009560166452318957,0,0.0
2.0,25000.0,5,2,3,2,British Columbia,2.0,0.6203941969347218,1,1.0
1.0,87500.0,6,2,6,1,British Columbia,2.0,0.012541060804572667,0,0.0
2.0,,5,2,2,2,Alberta,1.0,0.10880483592664394,0,0.0
2.0,62500.0,5,2,2,2,Quebec,1.0,0.01424223875565324,0,0.0
1.0,82500.0,4,2,2,1,British Columbia,2.0,0.01696983533213506,0,0.0
2.0,42000.0,3,1,3,1,Saskatchewan,1.0,0.22211589078583463,0,0.0
1.0,150000.0,1,1,7,1,British Columbia,1.0,0.00014738879754536689,0,0.0
1.0,77500.0,5,2,4,2,Alberta,1.0,0.026217725109717944,0,0.0
1.0,38000.0,5,2,2,2,Ontario,1.0,0.2598102974188034,0,0.0
1.0,270000.0,1,1,7,1,Saskatchewan,1.0,1.898254287705642e-08,0,0.0
1.0,72500.0,5,2,4,1,Alberta,1.0,0.036344840025711575,0,0.0
2.0,,3,2,2,1,New Brunswick,1.0,0.035092848903351695,0,0.0
1.0,60000.0,5,2,2,2,Alberta,1.0,0.08359630053497177,0,0.0
1.0,57500.0,2,2,6,1,British Columbia,1.0,0.09176199449200947,0,0.0
1.0,28000.0,5,2,2,2,Quebec,2.0,0.09329771533643026,0,1.0
1.0,62500.0,6,2,6,2,Quebec,1.0,0.009290727453231243,0,0.0
2.0,24000.0,5,2,2,2,Nova Scotia,3.0,0.4942966699837317,1,1.0
2.0,28000.0,5,2,4,2,Alberta,1.0,0.5843051436007398,1,0.0
1.0,155000.0,99,9,6,1,New Brunswick,1.0,9.58640275011589e-05,0,0.0
2.0,43000.0,2,2,4,1,Nova Scotia,2.0,0.19878070511410792,0,0.0
2.0,20000.0,3,1,2,2,Ontario,1.0,0.659226518779635,1,1.0
1.0,16000.0,5,2,2,2,Nova Scotia,2.0,0.5183043596054823,1,1.0
1.0,120000.0,1,1,6,1,Manitoba,1.0,0.0005834769581768358,0,0.0
2.0,20000.0,5,2,1,2,Nova Scotia,1.0,0.5628314028890067,1,1.0
2.0,26000.0,5,2,1,2,Quebec,1.0,0.1581757673700694,0,0.0
1.0,,99,2,2,2,Prince Edward Island,3.0,0.032409107985497836,0,1.0
1.0,150000.0,2,2,4,1,Ontario,1.0,0.00012707684028286502,0,0.0
1.0,70000.0,2,2,5,2,Manitoba,1.0,0.019934717324152383,0,0.0
2.0,29000.0,5,2,4,2,Quebec,1.0,0.13421702579371866,0,0.0
1.0,160000.0,2,2,4,1,Ontario,1.0,6.282067965981505e-05,0,0.0
1.0,120000.0,2,2,4,2,Saskatchewan,1.0,0.0007490405940489783,0,0.0
2.0,82500.0,2,2,4,1,Ontario,1.0,0.023041703184660284,0,0.0
1.0,90000.0,2,2,4,1,Prince Edward Island,1.0,0.0018257133324752278,0,0.0
2.0,50000.0,99,9,5,2,Manitoba,1.0,0.2714210649814838,0,0.0
2.0,39000.0,5,2,2,1,Quebec,1.0,0.06935305572772842,0,0.0
1.0,105000.0,2,2,4,1,Alberta,1.0,0.0036935648925047527,0,0.0
1.0,65000.0,2,2,5,2,Prince Edward Island,1.0,0.010761516651492378,0,0.0
2.0,41000.0,2,2,2,2,Ontario,1.0,0.305624391781553,1,0.0
1.0,62500.0,2,2,5,1,Quebec,1.0,0.008741705259244989,0,0.0
1.0,380000.0,1,1,7,1,New Brunswick,1.0,4.401668881470709e-12,0,0.0
1.0,270000.0,1,1,6,1,Ontario,1.0,2.688245654937165e-08,0,0.0
2.0,25000.0,5,2,3,2,British Columbia,1.0,0.6203941969347218,1,0.0
2.0,50000.0,3,1,1,1,Quebec,1.0,0.032075221590275864,0,0.0
2.0,38000.0,5,2,2,2,Quebec,1.0,0.07509080879838236,0,0.0
2.0,,5,2,1,2,Newfoundland and Labrador,2.0,0.04344084354800668,0,1.0
2.0,15500.0,5,2,4,2,Ontario,3.0,0.7347059527646219,1,1.0
2.0,33000.0,3,1,6,1,Nova Scotia,1.0,0.3372105989821409,1,0.0
2.0,97500.0,4,1,7,1,Quebec,1.0,0.0012224277688833002,0,0.0
1.0,925000.0,2,2,7,2,British Columbia,1.0,2.944770760839821e-28,0,0.0
1.0,170000.0,1,2,5,1,Ontario,1.0,3.094227169526105e-05,0,0.0
1.0,120000.0,1,2,4,1,Alberta,1.0,0.0012740305277462128,0,0.0
1.0,77500.0,2,2,3,2,Manitoba,1.0,0.011701221623819943,0,0.0
2.0,67500.0,5,2,6,1,Alberta,1.0,0.07979792541102448,0,0.0
1.0,120000.0,2,2,4,2,Saskatchewan,1.0,0.0007490405940489783,0,0.0
1.0,135000.0,2,2,7,1,Nova Scotia,1.0,0.00024243677138688065,0,0.0
1.0,130000.0,2,2,6,2,Alberta,1.0,0.0006545087845207429,0,0.0
2.0,87500.0,3,1,5,1,Quebec,1.0,0.0024146047456048533,0,0.0
1.0,110000.0,2,2,2,1,Alberta,1.0,0.0025669790926080432,0,0.0
1.0,60000.0,3,2,2,2,Ontario,1.0,0.06805475189111913,0,0.0
2.0,95000.0,1,1,2,1,Alberta,1.0,0.011463601592978807,0,0.0
1.0,55000.0,5,2,5,9,Quebec,2.0,0.017110631726828546,0,0.0
2.0,30000.0,3,1,1,2,Alberta,2.0,0.5377975764408325,1,1.0
2.0,37000.0,3,2,2,1,New Brunswick,1.0,0.1798482159183522,0,0.0
2.0,33000.0,5,2,2,1,Quebec,1.0,0.10211644224873023,0,0.0
1.0,110000.0,1,1,6,1,Ontario,1.0,0.0021106601911299273,0,0.0
2.0,55000.0,5,2,4,1,Manitoba,1.0,0.08608903589022163,0,0.0
2.0,27000.0,5,2,3,2,Quebec,1.0,0.15063682452665508,0,0.0
1.0,575000.0,2,2,6,1,Ontario,1.0,1.2734834994408188e-17,0,0.0
2.0,13000.0,5,2,3,2,New Brunswick,1.0,0.5535719248756629,1,0.0
2.0,26000.0,5,2,3,2,Alberta,1.0,0.6165743073459184,1,1.0
1.0,115000.0,2,2,7,1,Quebec,1.0,0.00022099139053733,0,0.0
2.0,13000.0,5,2,2,1,British Columbia,3.0,0.7883719182825055,1,1.0
1.0,35000.0,99,9,7,1,Manitoba,3.0,0.401151739389043,1,0.0
2.0,70000.0,1,1,7,1,Ontario,1.0,0.05383935110884916,0,0.0
1.0,230000.0,1,2,6,1,Ontario,1.0,4.5433323239146437e-07,0,0.0
2.0,80000.0,1,1,6,1,Saskatchewan,1.0,0.019234265294345923,0,0.0
2.0,34000.0,5,2,4,1,New Brunswick,1.0,0.21868440762514157,0,0.0
2.0,27000.0,5,2,2,2,Quebec,1.0,0.14982575814504215,0,0.0
2.0,22000.0,5,2,2,2,Saskatchewan,2.0,0.5482607576424804,1,1.0
2.0,36000.0,2,2,3,2,New Brunswick,2.0,0.19227036961059418,0,1.0
2.0,65000.0,3,2,3,1,Saskatchewan,1.0,0.05392009706454574,0,0.0
2.0,19000.0,5,2,1,2,Ontario,2.0,0.6798258528910472,1,1.0
2.0,,2,2,2,1,Alberta,1.0,0.10450462641578438,0,0.0
2.0,27000.0,5,2,1,2,Quebec,2.0,0.1490182925732184,0,0.0
1.0,52500.0,5,2,6,2,British Columbia,1.0,0.13068857181002494,0,0.0
2.0,23000.0,3,2,2,1,Nova Scotia,2.0,0.5031197384450253,1,1.0
1.0,62500.0,2,2,3,2,Alberta,1.0,0.06951455348260702,0,0.0
2.0,47000.0,5,2,1,2,Quebec,2.0,0.04103357798820756,0,0.0
2.0,40000.0,5,2,4,2,Manitoba,2.0,0.21580574991311455,0,0.0
2.0,65000.0,5,2,2,1,New Brunswick,1.0,0.03017128279157571,0,0.0
2.0,65000.0,2,2,6,1,New Brunswick,1.0,0.030039599460637553,0,0.0
2.0,52500.0,1,1,7,1,Saskatchewan,1.0,0.12049888552663253,0,0.0
1.0,65000.0,2,2,6,1,New Brunswick,1.0,0.01903361090858854,0,0.0
1.0,195000.0,2,2,7,1,Quebec,1.0,7.880204943457981e-07,0,0.0
2.0,65000.0,1,1,2,1,Nova Scotia,1.0,0.048533911568446886,0,0.0
2.0,23000.0,5,2,1,2,Quebec,2.0,0.18839196309544642,0,0.0
2.0,18500.0,5,2,1,1,Quebec,2.0,0.23891255638024014,0,1.0
1.0,110000.0,1,2,6,2,British Columbia,1.0,0.002507221358268539,0,0.0
1.0,52500.0,5,2,1,2,Saskatchewan,1.0,0.08096965624879758,0,0.0
1.0,60000.0,5,2,3,1,Newfoundland and Labrador,1.0,0.032739001786230786,0,0.0
2.0,19500.0,5,2,3,2,Quebec,1.0,0.23126427626421495,0,0.0
1.0,175000.0,99,9,3,9,Saskatchewan,1.0,4.820664629027689e-05,0,0.0
1.0,125000.0,1,1,3,1,Quebec,1.0,0.00010450252007855155,0,0.0
1.0,130000.0,4,9,2,1,Alberta,1.0,0.0006831167943235669,0,0.0
2.0,,5,2,2,2,Nova Scotia,1.0,0.06091559750971644,0,0.0
1.0,65000.0,5,2,2,2,Ontario,1.0,0.04976965876928979,0,0.0
2.0,42000.0,5,2,4,1,Alberta,2.0,0.3404826832180591,1,1.0
2.0,62500.0,5,2,2,2,Nova Scotia,1.0,0.06091559750971644,0,0.0
2.0,45000.0,5,2,3,1,Saskatchewan,1.0,0.19220723618867802,0,0.0
2.0,37000.0,5,2,5,1,Quebec,2.0,0.08041693146576684,0,0.0
1.0,62500.0,2,2,2,2,Ontario,1.0,0.05715803149095822,0,0.0
2.0,24000.0,5,2,1,2,Saskatchewan,1.0,0.5115924874003118,1,0.0
2.0,165000.0,1,2,5,1,Quebec,1.0,1.0179616597415582e-05,0,0.0
2.0,260000.0,5,2,7,1,British Columbia,1.0,1.0640427610062291e-07,0,0.0
2.0,100000.0,2,2,7,1,Nova Scotia,1.0,0.004537042746993706,0,0.0
1.0,190000.0,99,1,6,9,New Brunswick,1.0,8.552118638801068e-06,0,0.0
1.0,155000.0,2,2,7,2,New Brunswick,1.0,3.493765648483986e-05,0,0.0
2.0,60000.0,5,2,4,1,Ontario,1.0,0.10603204342938512,0,0.0
2.0,30000.0,5,2,1,2,Quebec,1.0,0.12415121759636098,0,0.0
2.0,60000.0,5,2,6,2,Nova Scotia,2.0,0.07351828797413289,0,0.0
2.0,30000.0,5,2,4,2,Alberta,1.0,0.5497244690316776,1,0.0
2.0,22000.0,5,2,7,2,Quebec,2.0,0.20555728959249303,0,1.0
2.0,33000.0,5,2,7,2,Ontario,2.0,0.45132724274591013,1,1.0
2.0,23000.0,5,2,1,2,New Brunswick,1.0,0.37703201782466905,1,0.0
2.0,92500.0,99,9,2,9,Newfoundland and Labrador,1.0,0.016435710752136873,0,0.0
1.0,130000.0,4,2,99,9,New Brunswick,1.0,0.0004138775434070856,0,0.0
2.0,36000.0,5,2,2,1,Saskatchewan,1.0,0.30832325596738985,1,0.0
2.0,77500.0,6,2,4,1,Manitoba,1.0,0.01912096876779683,0,0.0
1.0,135000.0,2,2,6,2,Ontario,1.0,0.0003758997919208778,0,0.0
2.0,16500.0,3,1,3,2,Ontario,1.0,0.7135733278886744,1,0.0
2.0,75000.0,5,2,3,1,Quebec,1.0,0.005900645871935033,0,0.0
2.0,25000.0,5,2,4,2,Ontario,1.0,0.5864449665028731,1,0.0
2.0,50000.0,5,2,4,1,Alberta,2.0,0.22709258374511532,0,0.0
2.0,70000.0,2,2,6,1,Ontario,3.0,0.05448950694063983,0,0.0
2.0,25000.0,5,2,4,2,Ontario,2.0,0.5864449665028731,1,1.0
1.0,,1,1,99,1,Newfoundland and Labrador,1.0,0.04737625035339091,0,0.0
1.0,42000.0,2,2,3,2,British Columbia,2.0,0.23075261828804575,0,1.0
1.0,82500.0,2,2,5,1,British Columbia,1.0,0.016955014614999965,0,0.0
1.0,200000.0,2,2,6,1,British Columbia,1.0,4.406357585294021e-06,0,0.0
1.0,23000.0,5,2,4,2,Prince Edward Island,2.0,0.17679893130541133,0,1.0
2.0,22000.0,5,2,2,1,Quebec,1.0,0.1979911110833844,0,0.0
2.0,62500.0,99,1,2,1,Alberta,1.0,0.2333108546435396,0,0.0
2.0,80000.0,3,2,4,1,Ontario,1.0,0.027624984507130485,0,0.0
2.0,44000.0,3,1,2,1,Ontario,1.0,0.25992882743485857,0,1.0
2.0,135000.0,2,2,4,1,British Columbia,1.0,0.0006765320934493697,0,0.0
2.0,18000.0,5,2,6,1,New Brunswick,1.0,0.4667172918505625,1,0.0
1.0,185000.0,1,2,6,1,Ontario,1.0,1.082262442498841e-05,0,0.0
2.0,34000.0,5,2,2,2,British Columbia,1.0,0.4627575453161891,1,0.0
1.0,95000.0,2,2,3,2,New Brunswick,1.0,0.002329215019241723,0,0.0
1.0,135000.0,4,1,7,1,Alberta,1.0,0.00046118960725823277,0,0.0
2.0,57500.0,5,2,1,1,Ontario,2.0,0.1218693975558372,0,0.0
2.0,95000.0,2,2,7,1,Ontario,1.0,0.009865535672958354,0,0.0
2.0,30000.0,5,2,4,2,Nova Scotia,2.0,0.39344575940701804,1,1.0
2.0,50000.0,5,2,3,1,Quebec,1.0,0.03339623112620719,0,0.0
1.0,150000.0,1,1,6,1,Ontario,1.0,0.00012627411962531863,0,0.0
1.0,87500.0,5,2,7,2,Ontario,2.0,0.010956348815645646,0,0.0
2.0,21000.0,5,2,7,2,Ontario,1.0,0.6570502917343651,1,0.0
1.0,,99,9,2,9,Saskatchewan,1.0,0.11713089371620267,0,0.0
1.0,25000.0,5,2,1,2,Newfoundland and Labrador,1.0,0.2854898004808177,0,0.0
1.0,55000.0,3,2,1,2,Manitoba,1.0,0.05448845427768328,0,0.0
2.0,10500.0,5,2,4,2,Manitoba,2.0,0.6874466446856327,1,1.0
2.0,52500.0,5,2,2,2,Saskatchewan,1.0,0.1239767716664235,0,0.0
2.0,52500.0,5,2,2,2,Alberta,1.0,0.1980644488629082,0,0.0
1.0,30000.0,2,2,5,2,Ontario,1.0,0.37891398517212466,1,0.0
1.0,160000.0,1,1,6,1,Quebec,1.0,9.046380911861761e-06,0,0.0
2.0,25000.0,5,2,2,2,Ontario,1.0,0.5833599450818475,1,0.0
2.0,105000.0,5,2,2,2,Ontario,1.0,0.004966834134016214,0,0.0
2.0,35000.0,5,2,2,2,Ontario,2.0,0.4090267569144907,1,1.0
2.0,,99,9,99,9,Newfoundland and Labrador,1.0,0.20395679100999964,0,1.0
2.0,26000.0,5,2,4,2,Quebec,1.0,0.16073025783085274,0,0.0
1.0,210000.0,2,2,6,1,Quebec,1.0,2.721391507183875e-07,0,0.0
2.0,43000.0,5,2,4,2,Nova Scotia,1.0,0.20606754222005141,0,0.0
2.0,41000.0,5,2,2,2,Ontario,1.0,0.31201123637716205,1,0.0
1.0,100000.0,1,1,6,1,Alberta,1.0,0.0052122670084138595,0,0.0
2.0,18500.0,5,2,3,2,Newfoundland and Labrador,3.0,0.5052198856182132,1,1.0
1.0,185000.0,2,2,7,1,New Brunswick,1.0,4.156465773439588e-06,0,0.0
1.0,220000.0,1,2,4,1,Alberta,1.0,1.111261201747079e-06,0,0.0
1.0,110000.0,1,1,6,1,Manitoba,1.0,0.0011796583582652641,0,0.0
2.0,120000.0,3,2,4,1,Ontario,1.0,0.0016934229496832003,0,0.0
2.0,,3,1,3,2,Nova Scotia,3.0,0.05963186829959588,0,1.0
2.0,11000.0,5,2,4,2,New Brunswick,1.0,0.5896166894054439,1,0.0
2.0,26000.0,5,2,3,1,Ontario,2.0,0.5639632595869196,1,1.0
1.0,75000.0,5,2,2,2,Ontario,1.0,0.02523730543088014,0,0.0
2.0,33000.0,5,2,2,1,Quebec,1.0,0.10211644224873023,0,0.0
1.0,95000.0,2,2,7,2,Ontario,1.0,0.006298213284839404,0,0.0
2.0,21000.0,5,2,3,2,Alberta,2.0,0.6957877381473795,1,1.0
2.0,50000.0,3,1,2,2,Saskatchewan,1.0,0.14085897665339128,0,1.0
2.0,27000.0,5,2,2,2,Ontario,1.0,0.5487613640051658,1,0.0
1.0,220000.0,2,2,3,1,Alberta,1.0,1.115292405932284e-06,0,0.0
2.0,75000.0,2,2,2,2,Prince Edward Island,1.0,0.008350920164919527,0,0.0
2.0,75000.0,5,2,6,1,Alberta,1.0,0.04863637205419258,0,0.0
1.0,180000.0,4,2,5,1,Ontario,1.0,1.5760225848479636e-05,0,0.0
2.0,60000.0,5,2,4,1,New Brunswick,1.0,0.04289177250037667,0,0.0
2.0,15500.0,3,2,2,2,Ontario,2.0,0.728292463958389,1,1.0
1.0,46000.0,5,2,4,1,Alberta,1.0,0.1961448377748548,0,0.0
2.0,29000.0,5,2,7,2,Ontario,1.0,0.5216163260827346,1,0.0
2.0,28000.0,5,2,3,2,Quebec,3.0,0.14184227036179534,0,0.0
1.0,140000.0,1,1,6,1,New Brunswick,1.0,9.651986903380122e-05,0,0.0
1.0,155000.0,2,2,6,2,Ontario,1.0,9.187811822882302e-05,0,0.0
1.0,115000.0,2,2,7,1,New Brunswick,2.0,0.0005759935112720831,0,0.0
2.0,67500.0,5,2,4,1,Prince Edward Island,1.0,0.014469252239775745,0,0.0
2.0,41000.0,5,2,1,2,Saskatchewan,2.0,0.2402345628343132,0,0.0
1.0,60000.0,2,2,2,2,Alberta,1.0,0.08133234892237295,0,0.0
2.0,23000.0,5,2,1,2,New Brunswick,2.0,0.37703201782466905,1,1.0
2.0,23000.0,5,2,6,2,British Columbia,2.0,0.6572798968480653,1,1.0
2.0,40000.0,6,2,2,2,Quebec,1.0,0.06648768034911863,0,0.0
2.0,23000.0,5,2,4,2,British Columbia,3.0,0.6544118976004956,1,1.0
1.0,52500.0,5,2,4,2,Ontario,1.0,0.11345983755757368,0,0.0
2.0,130000.0,5,2,7,1,Ontario,1.0,0.0008711088874640693,0,0.0
1.0,62500.0,1,2,4,1,Manitoba,1.0,0.03234956919011635,0,0.0
2.0,48000.0,5,2,1,2,Prince Edward Island,1.0,0.0546253191867691,0,0.0
1.0,170000.0,4,1,4,1,British Columbia,1.0,3.641221432679834e-05,0,0.0
1.0,180000.0,1,1,7,1,Alberta,1.0,1.879809183596038e-05,0,0.0
2.0,230000.0,1,1,5,1,Saskatchewan,1.0,5.010437292710447e-07,0,0.0
1.0,77500.0,5,2,6,1,Saskatchewan,1.0,0.015155454172081653,0,0.0
1.0,200000.0,5,2,6,1,Ontario,1.0,3.914489843568187e-06,0,0.0
1.0,65000.0,1,1,6,1,Ontario,3.0,0.04796783772283281,0,1.0
2.0,22000.0,5,2,2,2,Ontario,1.0,0.6336606093877205,1,0.0
2.0,260000.0,1,1,7,1,British Columbia,1.0,1.0131948585448323e-07,0,0.0
2.0,10000.0,5,2,4,1,Manitoba,2.0,0.6917305860639288,1,1.0
2.0,,5,2,4,2,New Brunswick,1.0,0.03675037250957612,0,1.0
2.0,165000.0,1,1,6,1,Alberta,1.0,8.578001050115775e-05,0,0.0
2.0,46000.0,5,2,6,2,Quebec,1.0,0.04525021418500932,0,0.0
2.0,13000.0,5,2,1,2,Nova Scotia,3.0,0.6782762773810781,1,1.0
2.0,80000.0,5,2,6,1,Manitoba,1.0,0.01612585154972899,0,0.0
2.0,77500.0,5,2,3,1,Ontario,1.0,0.03320510771354842,0,0.0
1.0,,5,2,2,2,Saskatchewan,1.0,0.04198852816363366,0,0.0
1.0,57500.0,5,2,3,1,Alberta,1.0,0.09733642149686184,0,0.0
2.0,87500.0,2,2,3,2,Newfoundland and Labrador,1.0,0.007610486168334441,0,0.0
1.0,105000.0,99,9,4,9,New Brunswick,1.0,0.003609358268817473,0,0.0
2.0,23000.0,5,2,4,2,Alberta,2.0,0.6665801379884357,1,1.0
1.0,44000.0,2,2,2,2,British Columbia,1.0,0.2056523610396651,0,0.0
2.0,32000.0,5,2,4,2,Alberta,1.0,0.5146565804011082,1,0.0
2.0,140000.0,4,1,4,1,Ontario,1.0,0.00041469689387030675,0,0.0
2.0,150000.0,4,2,5,1,Ontario,1.0,0.00020822217238006745,0,0.0
1.0,300000.0,4,2,4,1,Ontario,1.0,3.333572220471958e-09,0,0.0
1.0,27000.0,5,2,2,2,Ontario,2.0,0.43243440333483935,1,1.0
1.0,300000.0,2,2,6,1,Ontario,1.0,3.30951747252219e-09,0,0.0
2.0,27000.0,5,2,3,2,Alberta,2.0,0.5997865508962421,1,1.0
1.0,50000.0,2,2,1,2,New Brunswick,1.0,0.05205354981044004,0,0.0
2.0,19000.0,5,2,4,2,Ontario,2.0,0.6839601557195746,1,1.0
2.0,65000.0,5,2,2,2,Nova Scotia,1.0,0.051585105777826185,0,0.0
1.0,62500.0,1,2,3,2,Nova Scotia,1.0,0.03781310295811985,0,0.0
2.0,130000.0,5,2,6,1,Ontario,1.0,0.0008655968309263969,0,0.0
2.0,30000.0,5,2,2,2,Ontario,2.0,0.49607402540765894,1,1.0
2.0,42000.0,5,2,3,2,Alberta,1.0,0.3424754725462104,1,0.0
2.0,13000.0,5,2,2,2,Nova Scotia,3.0,0.679661095707016,1,1.0
1.0,140000.0,1,2,7,1,Newfoundland and Labrador,1.0,0.00011891762929976787,0,0.0
2.0,52500.0,5,2,1,1,Quebec,1.0,0.02780893220719336,0,0.0
2.0,,2,2,2,9,Newfoundland and Labrador,1.0,0.04702067458643857,0,0.0
1.0,135000.0,3,2,6,1,Saskatchewan,1.0,0.00026240466222385235,0,0.0
2.0,28000.0,5,2,6,1,Ontario,3.0,0.5338003659504139,1,1.0
2.0,72500.0,5,2,2,2,New Brunswick,1.0,0.018281003806272646,0,0.0
1.0,72500.0,5,2,7,1,Newfoundland and Labrador,1.0,0.014186125815558026,0,0.0
2.0,57500.0,5,2,6,1,Saskatchewan,1.0,0.09133964070596054,0,0.0
2.0,43000.0,5,2,1,1,Ontario,1.0,0.2782384931380433,0,0.0
2.0,110000.0,1,1,4,1,Alberta,1.0,0.004065276884374373,0,0.0
1.0,290000.0,1,2,7,1,Newfoundland and Labrador,1.0,3.057895246043621e-09,0,0.0
1.0,60000.0,2,2,5,2,Ontario,1.0,0.06863324885594013,0,0.0
1.0,44000.0,3,2,4,2,New Brunswick,1.0,0.0794204272029806,0,1.0
2.0,87500.0,5,2,2,1,British Columbia,1.0,0.019191287318772,0,0.0
1.0,115000.0,2,2,2,1,Alberta,1.0,0.0018061658627051083,0,0.0
1.0,50000.0,1,9,2,1,Nova Scotia,1.0,0.08997685933789132,0,0.0
2.0,31000.0,5,2,2,1,Alberta,2.0,0.525273097182161,1,1.0
2.0,47000.0,5,2,2,1,Quebec,1.0,0.040686277209849124,0,0.0
2.0,60000.0,2,2,5,2,Saskatchewan,3.0,0.0762382838236333,0,0.0
1.0,62500.0,2,2,3,2,Newfoundland and Labrador,1.0,0.027205546887601743,0,0.0
2.0,33000.0,1,1,7,1,Ontario,3.0,0.43548865573535267,1,1.0
1.0,97500.0,1,1,6,1,Quebec,1.0,0.0007389342577376844,0,0.0
1.0,67500.0,2,2,4,2,Saskatchewan,1.0,0.029398691665432474,0,0.0
2.0,31000.0,5,2,4,2,Alberta,2.0,0.5322303253529876,1,1.0
2.0,22000.0,5,2,4,2,Ontario,1.0,0.6366051916783062,1,0.0
2.0,30000.0,5,2,1,2,Ontario,1.0,0.49448585497745307,1,0.0
1.0,110000.0,2,2,2,1,British Columbia,1.0,0.0024317152894559237,0,0.0
2.0,72500.0,2,2,6,2,Ontario,2.0,0.046768645875590355,0,0.0
1.0,160000.0,1,1,7,1,Nova Scotia,1.0,4.087295669707339e-05,0,0.0
1.0,250000.0,5,2,4,1,Alberta,1.0,1.3969106488517569e-07,0,0.0
1.0,28000.0,5,2,1,1,New Brunswick,1.0,0.20796114642301755,0,0.0
1.0,125000.0,2,2,6,2,Prince Edward Island,1.0,0.000159702672580281,0,0.0
2.0,80000.0,2,2,2,1,British Columbia,2.0,0.03120680467753157,0,0.0
2.0,48000.0,5,2,4,1,Ontario,1.0,0.2164555948333688,0,0.0
1.0,115000.0,2,2,6,2,New Brunswick,1.0,0.0005811176342433312,0,0.0
2.0,70000.0,2,2,7,2,Nova Scotia,2.0,0.03689801273065089,0,0.0
2.0,110000.0,1,1,4,1,Ontario,1.0,0.0033223498572118727,0,0.0
1.0,80000.0,3,1,2,1,Ontario,2.0,0.017117464498188597,0,0.0
1.0,110000.0,5,2,6,1,British Columbia,1.0,0.0025697135127380893,0,0.0
1.0,,5,2,2,2,Newfoundland and Labrador,3.0,0.027836326055698798,0,1.0
1.0,26000.0,5,2,1,2,Newfoundland and Labrador,1.0,0.2713373161233549,0,0.0
2.0,30000.0,5,2,4,1,Ontario,1.0,0.4954468997540093,1,0.0
1.0,210000.0,99,9,6,1,New Brunswick,1.0,1.9894918783484877e-06,0,0.0
1.0,14500.0,5,2,2,2,British Columbia,2.0,0.680718549473129,1,1.0
2.0,,3,2,6,1,Nova Scotia,1.0,0.06036018921380144,0,0.0
2.0,26000.0,5,2,4,2,Prince Edward Island,1.0,0.21721576749806198,0,0.0
2.0,46000.0,2,2,1,1,Ontario,1.0,0.2324531971621379,0,0.0
2.0,,5,2,3,2,Manitoba,2.0,0.05305468984107185,0,1.0
2.0,34000.0,5,2,4,2,New Brunswick,1.0,0.2212952229725884,0,0.0
2.0,67500.0,2,2,2,1,Quebec,1.0,0.009616398415697053,0,0.0
2.0,48000.0,5,2,1,2,New Brunswick,1.0,0.0941832433630153,0,0.0
2.0,70000.0,2,2,3,1,Alberta,2.0,0.06475356041039111,0,1.0
2.0,25000.0,5,2,2,2,Ontario,2.0,0.5833599450818475,1,1.0
1.0,67500.0,5,2,6,1,Saskatchewan,1.0,0.030191112539297897,0,0.0
1.0,77500.0,2,2,4,2,Alberta,1.0,0.02546451815830133,0,0.0
2.0,25000.0,5,2,1,2,Newfoundland and Labrador,1.0,0.38940880950792256,1,0.0
1.0,165000.0,2,2,6,9,Alberta,1.0,6.186673031088853e-05,0,0.0
2.0,31000.0,2,2,1,2,Ontario,3.0,0.46942880008197335,1,1.0
1.0,175000.0,5,2,4,1,Alberta,1.0,2.7548272322516314e-05,0,0.0
1.0,27000.0,5,2,1,2,Nova Scotia,1.0,0.3300116950811694,1,0.0
1.0,42000.0,2,2,1,2,Nova Scotia,1.0,0.1424714473195532,0,0.0
2.0,57500.0,3,1,4,1,Nova Scotia,1.0,0.08206181226269939,0,0.0
2.0,22000.0,5,2,2,9,Saskatchewan,3.0,0.5744797281900349,1,1.0
1.0,130000.0,2,2,4,1,Prince Edward Island,1.0,0.00010919733506874784,0,0.0
1.0,65000.0,3,2,2,2,Nova Scotia,1.0,0.03232358242248005,0,0.0
1.0,105000.0,2,2,6,1,Saskatchewan,1.0,0.002146819088935188,0,0.0
1.0,95000.0,2,2,4,2,Ontario,1.0,0.00618004245148496,0,0.0
1.0,140000.0,1,1,7,1,Ontario,1.0,0.0002570445582619159,0,0.0
2.0,65000.0,1,2,2,1,Alberta,1.0,0.08832479064816093,0,0.0
2.0,28000.0,5,2,2,2,New Brunswick,2.0,0.2998320591778497,0,1.0
1.0,65000.0,2,2,1,2,Ontario,1.0,0.04808181747921398,0,0.0
1.0,46000.0,2,2,2,2,British Columbia,3.0,0.18358449450811615,0,1.0
1.0,130000.0,4,1,2,1,Ontario,2.0,0.000518902486483567,0,0.0
1.0,90000.0,2,2,2,2,Ontario,1.0,0.008657350733647392,0,0.0
2.0,55000.0,3,2,2,1,Newfoundland and Labrador,2.0,0.06963406306225682,0,0.0
2.0,155000.0,99,9,5,1,Quebec,1.0,5.831622414518299e-05,0,0.0
2.0,26000.0,5,2,1,2,Alberta,1.0,0.61356594100125,1,0.0
2.0,95000.0,5,2,6,1,British Columbia,1.0,0.011693763207898012,0,0.0
1.0,26000.0,5,2,4,2,British Columbia,2.0,0.48988256995801677,1,1.0
2.0,62500.0,2,2,2,2,British Columbia,1.0,0.10090592787713128,0,0.0
2.0,24000.0,5,2,1,2,Saskatchewan,2.0,0.5115924874003118,1,1.0
2.0,165000.0,6,2,6,1,British Columbia,1.0,8.618174973367065e-05,0,0.0
2.0,49000.0,5,2,3,1,Ontario,1.0,0.20371215268678214,0,0.0
2.0,85000.0,3,1,2,1,Quebec,1.0,0.0028241521569364074,0,0.0
2.0,24000.0,5,2,1,2,Nova Scotia,1.0,0.492708626216116,1,0.0
2.0,105000.0,2,2,5,1,British Columbia,1.0,0.005608849768738836,0,0.0
2.0,125000.0,2,2,7,1,Ontario,1.0,0.001202068096651475,0,0.0
1.0,57500.0,5,2,4,2,Quebec,1.0,0.012871316315235488,0,0.0
1.0,45000.0,3,2,2,2,Ontario,1.0,0.17363177169285923,0,0.0
1.0,155000.0,1,1,7,1,Ontario,1.0,8.934982927750981e-05,0,0.0
2.0,13000.0,5,2,3,2,Nova Scotia,3.0,0.6810427562948033,1,1.0
1.0,50000.0,2,2,2,1,Saskatchewan,1.0,0.09179715092247838,0,0.0
2.0,82500.0,1,1,7,1,Ontario,2.0,0.023042054395358103,0,0.0
1.0,120000.0,3,1,3,1,Alberta,1.0,0.0012798017596849238,0,0.0
2.0,260000.0,5,2,7,1,British Columbia,1.0,1.0640427610062291e-07,0,0.0
2.0,80000.0,99,9,6,1,Saskatchewan,1.0,0.05307061286306535,0,0.0
2.0,27000.0,5,2,5,2,Alberta,2.0,0.6028327509314846,1,1.0
2.0,48000.0,5,2,2,2,Ontario,2.0,0.2168813766150183,0,0.0
2.0,67500.0,2,2,2,2,Quebec,1.0,0.009762393207618061,0,0.0
1.0,92500.0,2,2,2,2,Quebec,1.0,0.0010599954424174805,0,0.0
1.0,105000.0,1,1,2,1,Quebec,1.0,0.00042482669647281036,0,0.0
2.0,10000.0,5,2,1,2,Manitoba,2.0,0.6909101686085224,1,1.0
2.0,15000.0,5,2,99,9,Alberta,2.0,0.8772326061350225,1,1.0
2.0,25000.0,5,2,6,2,Quebec,2.0,0.1722675873705515,0,0.0
1.0,185000.0,5,2,6,1,Newfoundland and Labrador,1.0,5.1629865260610795e-06,0,0.0
1.0,270000.0,6,2,6,1,Alberta,1.0,3.4916881227511454e-08,0,0.0
2.0,25000.0,5,2,2,2,New Brunswick,1.0,0.34598697477406176,1,0.0
2.0,67500.0,5,2,2,2,Manitoba,1.0,0.03766768470425413,0,0.0
2.0,72500.0,5,2,3,1,Ontario,1.0,0.046575006222666145,0,0.0
1.0,44000.0,2,2,2,2,Newfoundland and Labrador,1.0,0.09282265895536328,0,0.0
2.0,20000.0,5,2,2,2,Quebec,1.0,0.22395454515315874,0,0.0
1.0,27000.0,3,2,4,2,British Columbia,1.0,0.46732637567056035,1,0.0
2.0,120000.0,99,9,6,1,Nova Scotia,1.0,0.0030932510360712436,0,0.0
2.0,28000.0,5,2,2,2,Quebec,1.0,0.14107069135679,0,0.0
2.0,24000.0,5,2,1,2,Prince Edward Island,2.0,0.23864706304957622,0,1.0
2.0,175000.0,2,2,6,1,British Columbia,1.0,4.09370139369064e-05,0,0.0
1.0,80000.0,2,2,5,2,Manitoba,1.0,0.009954479438938018,0,0.0
1.0,90000.0,5,2,5,1,Saskatchewan,1.0,0.006298086306941471,0,0.0
1.0,130000.0,2,2,5,1,British Columbia,1.0,0.0006067372886415375,0,0.0
1.0,150000.0,5,2,7,1,Quebec,1.0,1.9341376286339995e-05,0,0.0
2.0,160000.0,1,1,7,1,Ontario,1.0,0.0001002688918769268,0,0.0
1.0,28000.0,5,2,2,2,Saskatchewan,1.0,0.3325464443109679,1,0.0
1.0,70000.0,2,2,6,2,Nova Scotia,1.0,0.023294954789597293,0,0.0
2.0,330000.0,2,2,7,1,British Columbia,1.0,7.447696896513113e-10,0,0.0
1.0,,4,9,4,1,British Columbia,1.0,0.0708396116013653,0,0.0
2.0,27000.0,5,2,6,2,Alberta,2.0,0.604352883041004,1,1.0
2.0,39000.0,3,2,2,2,British Columbia,1.0,0.3725060486983762,1,0.0
1.0,87500.0,2,2,4,1,Alberta,1.0,0.012561694263587954,0,0.0
2.0,49000.0,5,2,5,1,Manitoba,1.0,0.12639077129468992,0,0.0
2.0,46000.0,5,2,2,1,Alberta,1.0,0.27774411926690923,0,0.0
1.0,47000.0,2,2,1,2,Quebec,1.0,0.025357869362768525,0,0.0
2.0,200000.0,6,2,4,1,Manitoba,1.0,3.479323259679796e-06,0,0.0
2.0,52500.0,5,2,3,1,New Brunswick,2.0,0.0702300581029199,0,0.0
1.0,28000.0,5,2,6,2,Quebec,3.0,0.09546981766876209,0,1.0
1.0,72500.0,2,2,3,2,Saskatchewan,1.0,0.020722300627911448,0,0.0
2.0,40000.0,5,2,1,2,New Brunswick,1.0,0.15447346302253528,0,0.0
2.0,27000.0,5,2,2,9,Prince Edward Island,1.0,0.22121097785433796,0,0.0
2.0,165000.0,99,9,5,1,Ontario,1.0,0.0001989002623957865,0,0.0
1.0,140000.0,1,1,4,1,Saskatchewan,1.0,0.0001769668421362273,0,0.0
2.0,30000.0,3,1,2,2,Newfoundland and Labrador,2.0,0.30475649391366766,1,1.0
1.0,125000.0,5,2,6,1,Ontario,1.0,0.000771399529718807,0,0.0
2.0,185000.0,4,1,4,2,British Columbia,1.0,2.0509138375907293e-05,0,0.0
1.0,190000.0,1,1,3,1,Newfoundland and Labrador,1.0,3.3912691832546843e-06,0,0.0
2.0,95000.0,1,9,99,1,New Brunswick,1.0,0.00707500430594595,0,0.0
2.0,49000.0,5,2,7,1,Newfoundland and Labrador,2.0,0.10737241475335431,0,0.0
2.0,29000.0,5,2,3,2,Nova Scotia,1.0,0.4088438243813701,1,0.0
2.0,62500.0,5,2,2,1,Alberta,1.0,0.10733823228359303,0,0.0
1.0,155000.0,2,2,4,1,Prince Edward Island,1.0,1.8761696381765677e-05,0,0.0
1.0,70000.0,2,2,4,1,New Brunswick,1.0,0.013290525394528376,0,0.0
1.0,67500.0,2,2,99,2,Prince Edward Island,1.0,0.016304165513428618,0,0.0
2.0,135000.0,2,2,6,1,British Columbia,1.0,0.0006851773721741765,0,0.0
1.0,105000.0,2,2,4,1,Alberta,1.0,0.0036935648925047527,0,0.0
1.0,155000.0,3,2,7,2,British Columbia,1.0,0.00010831685141147032,0,0.0
1.0,24000.0,5,2,1,2,Nova Scotia,1.0,0.37830224240446236,1,0.0
1.0,150000.0,3,2,7,1,Newfoundland and Labrador,1.0,5.997133478283863e-05,0,0.0
2.0,52500.0,6,2,7,2,Ontario,1.0,0.17375423180969476,0,0.0
1.0,185000.0,2,2,7,2,Ontario,1.0,1.1169436682546473e-05,0,0.0
2.0,26000.0,5,2,4,2,British Columbia,2.0,0.6051852130707385,1,1.0
1.0,60000.0,99,9,1,2,Prince Edward Island,1.0,0.04057854177224924,0,0.0
1.0,82500.0,2,2,3,1,Ontario,1.0,0.014470250006906235,0,0.0
2.0,25000.0,5,2,1,1,New Brunswick,1.0,0.3411228141805096,1,0.0
1.0,67500.0,4,1,3,1,Quebec,1.0,0.006150920547346042,0,0.0
2.0,29000.0,5,2,4,2,Manitoba,1.0,0.37396385118938236,1,0.0
2.0,22000.0,5,2,2,2,Ontario,1.0,0.6336606093877205,1,0.0
2.0,62500.0,2,2,4,1,New Brunswick,1.0,0.03518548312175951,0,0.0
2.0,50000.0,5,2,2,2,British Columbia,1.0,0.21813614085598879,0,0.0
1.0,41000.0,3,2,2,1,Saskatchewan,1.0,0.16140684565090166,0,0.0
2.0,46000.0,5,2,7,1,Ontario,2.0,0.2448134754322558,0,0.0
1.0,190000.0,1,1,6,1,Saskatchewan,1.0,5.290861620724683e-06,0,0.0
2.0,24000.0,3,1,2,2,Ontario,1.0,0.5933955758491964,1,0.0
1.0,155000.0,2,2,6,1,Manitoba,1.0,5.0530676419923355e-05,0,0.0
2.0,19500.0,5,2,2,2,Quebec,1.0,0.2301367167731268,0,0.0
1.0,390000.0,1,2,5,1,Newfoundland and Labrador,1.0,2.6301915740337434e-12,0,0.0
2.0,25000.0,5,2,3,2,Ontario,1.0,0.5849032878384857,1,0.0
1.0,16500.0,3,2,4,1,British Columbia,3.0,0.6442146298060002,1,1.0
2.0,49000.0,2,2,4,2,Alberta,1.0,0.23702638979891608,0,0.0
1.0,,99,9,7,1,Newfoundland and Labrador,1.0,0.07340264465753417,0,0.0
2.0,72500.0,2,2,2,1,Ontario,1.0,0.044990375793456654,0,0.0
2.0,39000.0,1,1,2,2,New Brunswick,1.0,0.15814521929014488,0,0.0
1.0,92500.0,4,1,3,1,Nova Scotia,1.0,0.004751032737953617,0,0.0
1.0,240000.0,1,1,7,1,Nova Scotia,1.0,1.4572036731734989e-07,0,0.0
2.0,24000.0,5,2,1,2,New Brunswick,2.0,0.3606319858172706,1,1.0
2.0,23000.0,5,2,3,2,Prince Edward Island,1.0,0.25408408987985587,0,0.0
2.0,25000.0,5,2,4,2,Manitoba,1.0,0.4419084657310421,1,0.0
1.0,26000.0,5,2,1,1,Alberta,3.0,0.4948797481600467,1,1.0
2.0,26000.0,5,2,1,2,Quebec,2.0,0.1581757673700694,0,0.0
2.0,21000.0,5,2,1,2,Ontario,2.0,0.6484099411934185,1,1.0
1.0,140000.0,4,2,2,1,Alberta,1.0,0.0003170219883202236,0,0.0
2.0,57500.0,5,2,4,1,Nova Scotia,1.0,0.08427438276662697,0,0.0
2.0,92500.0,6,2,99,1,Alberta,1.0,0.026449854354454575,0,0.0
1.0,440000.0,2,2,6,1,Saskatchewan,1.0,1.207834221414819e-13,0,0.0
1.0,32000.0,5,2,6,1,Ontario,1.0,0.3511441383906508,1,0.0
2.0,36000.0,2,2,4,1,Newfoundland and Labrador,1.0,0.22254346437489678,0,0.0
2.0,34000.0,5,2,4,2,Quebec,1.0,0.09828189395038095,0,0.0
2.0,31000.0,5,2,1,2,Alberta,2.0,0.5274824116626617,1,1.0
2.0,32000.0,99,9,2,2,New Brunswick,1.0,0.46783090377414405,1,0.0
1.0,60000.0,5,2,1,1,New Brunswick,1.0,0.026807785988532146,0,0.0
2.0,100000.0,2,2,4,2,Nova Scotia,1.0,0.004519711942182464,0,0.0
1.0,62500.0,5,2,4,1,Nova Scotia,2.0,0.038958604742076124,0,0.0
2.0,22000.0,5,2,1,2,New Brunswick,1.0,0.39371859295334183,1,0.0
1.0,270000.0,99,9,6,1,British Columbia,1.0,8.91035959108684e-08,0,0.0
2.0,15500.0,5,2,2,2,Alberta,3.0,0.7700299347270714,1,1.0
2.0,43000.0,1,1,3,1,Ontario,1.0,0.2710154635437947,0,1.0
2.0,67500.0,4,1,5,1,British Columbia,1.0,0.07414042351753285,0,1.0
2.0,,99,9,99,9,Prince Edward Island,2.0,0.10503266238784097,0,0.0
2.0,40000.0,5,2,2,9,New Brunswick,1.0,0.1697954482924515,0,0.0
1.0,30000.0,99,9,2,2,Newfoundland and Labrador,1.0,0.434810302316849,1,0.0
1.0,155000.0,2,2,7,2,Saskatchewan,1.0,6.487976250934348e-05,0,0.0
2.0,40000.0,5,2,2,1,Quebec,1.0,0.06494121247192039,0,0.0
1.0,175000.0,1,2,4,1,Nova Scotia,1.0,1.406441316552776e-05,0,0.0
1.0,180000.0,2,2,4,1,Alberta,1.0,1.8797798560236075e-05,0,0.0
1.0,28000.0,5,2,2,2,Alberta,1.0,0.46509992988459575,1,0.0
2.0,46000.0,2,2,4,2,Nova Scotia,2.0,0.16937139930329384,0,0.0
1.0,140000.0,1,2,3,1,Quebec,1.0,3.665284570446292e-05,0,0.0
1.0,82500.0,5,2,6,1,Nova Scotia,1.0,0.009932557178486257,0,0.0
2.0,31000.0,5,2,4,2,Ontario,1.0,0.48164452651400885,1,0.0
2.0,36000.0,2,2,99,2,Newfoundland and Labrador,1.0,0.34702748264076544,1,0.0
2.0,55000.0,3,1,4,1,Ontario,1.0,0.14080002360813543,0,0.0
1.0,180000.0,1,2,5,1,Alberta,1.0,1.872985545515755e-05,0,0.0
1.0,130000.0,4,1,2,1,Ontario,1.0,0.000518902486483567,0,0.0
2.0,18000.0,5,2,2,2,British Columbia,2.0,0.7267248552813388,1,1.0
1.0,41000.0,2,2,2,2,Quebec,1.0,0.038424239520300454,0,0.0
2.0,90000.0,5,2,2,1,British Columbia,1.0,0.016141888440248307,0,0.0
1.0,115000.0,2,2,1,1,Ontario,2.0,0.001466147771028371,0,0.0
2.0,240000.0,2,2,7,1,British Columbia,1.0,4.226170186122257e-07,0,0.0
1.0,23000.0,5,2,4,2,British Columbia,1.0,0.5426204019078443,1,1.0
2.0,12500.0,5,2,2,1,Nova Scotia,3.0,0.6840026963620797,1,1.0
1.0,21000.0,5,2,1,2,Nova Scotia,2.0,0.4291330824862731,1,1.0
2.0,,99,2,99,1,Prince Edward Island,1.0,0.08885255162760503,0,0.0
1.0,44000.0,5,2,4,1,New Brunswick,2.0,0.07976718798133568,0,0.0
2.0,82500.0,1,1,7,1,Quebec,1.0,0.003406158234426258,0,0.0
1.0,165000.0,2,2,2,1,Saskatchewan,1.0,3.0600510141361905e-05,0,0.0
1.0,60000.0,2,2,6,2,British Columbia,1.0,0.07920222566426571,0,0.0
1.0,115000.0,1,2,6,1,Nova Scotia,1.0,0.0009753767446500051,0,0.0
2.0,,5,2,6,2,Saskatchewan,1.0,0.06695346407329535,0,0.0
1.0,80000.0,2,2,6,2,New Brunswick,1.0,0.0068002364157989945,0,0.0
2.0,24000.0,5,2,2,2,Quebec,1.0,0.17878562255243813,0,0.0
1.0,55000.0,5,2,3,1,Alberta,1.0,0.1139479723141856,0,0.0
2.0,57500.0,2,2,7,1,Quebec,1.0,0.019873696430387253,0,0.0
1.0,50000.0,5,2,1,2,Saskatchewan,1.0,0.09508225454888034,0,0.0
2.0,24000.0,5,2,2,2,Quebec,1.0,0.17878562255243813,0,0.0
2.0,49000.0,6,2,2,1,Ontario,1.0,0.20430016353133007,0,0.0
1.0,23000.0,5,2,2,2,New Brunswick,1.0,0.27619701695985427,0,1.0
2.0,170000.0,3,2,4,1,Ontario,1.0,5.0063514860390986e-05,0,0.0
1.0,140000.0,1,2,6,2,Alberta,1.0,0.00032043295459461185,0,0.0
2.0,28000.0,5,2,4,2,Alberta,2.0,0.5843051436007398,1,1.0
1.0,110000.0,1,2,3,1,Newfoundland and Labrador,1.0,0.0009590020328758841,0,0.0
2.0,75000.0,99,9,2,9,Newfoundland and Labrador,1.0,0.05423202151057729,0,0.0
2.0,17500.0,99,9,99,1,Newfoundland and Labrador,3.0,0.8438432838425473,1,0.0
2.0,28000.0,5,2,1,2,Quebec,1.0,0.14030262330308005,0,0.0
1.0,145000.0,1,1,4,1,Ontario,1.0,0.00017732487080911427,0,0.0
1.0,25000.0,5,2,2,2,Ontario,2.0,0.46729394048633716,1,1.0
1.0,65000.0,5,2,2,1,British Columbia,1.0,0.056453554830319774,0,0.0
2.0,60000.0,3,1,3,1,Quebec,1.0,0.016319572122468255,0,0.0
1.0,36000.0,2,2,4,1,Alberta,3.0,0.32389768937868163,1,1.0
2.0,87500.0,5,2,6,1,Quebec,1.0,0.002501324451686615,0,0.0
1.0,170000.0,1,2,6,1,Ontario,1.0,3.113947544097792e-05,0,0.0
1.0,100000.0,2,2,2,1,Quebec,1.0,0.0006157372976975235,0,0.0
2.0,15500.0,5,2,4,2,Ontario,2.0,0.7347059527646219,1,1.0
2.0,85000.0,5,2,7,1,Nova Scotia,1.0,0.013332192871063953,0,0.0
1.0,37000.0,5,2,1,2,Quebec,1.0,0.05144207246973008,0,0.0
2.0,110000.0,1,1,4,1,Ontario,1.0,0.0033223498572118727,0,0.0
2.0,60000.0,1,1,2,1,Quebec,1.0,0.01590267020109978,0,0.0
2.0,11500.0,5,2,7,2,Ontario,1.0,0.7891018441410231,1,0.0
2.0,46000.0,2,2,4,2,Ontario,1.0,0.23862447681690632,0,0.0
2.0,12000.0,5,2,2,1,Ontario,2.0,0.7750954335210193,1,1.0
1.0,27000.0,5,2,2,2,Alberta,1.0,0.48266433399116654,1,0.0
1.0,70000.0,5,2,4,1,Newfoundland and Labrador,1.0,0.016559129674393793,0,0.0
1.0,420000.0,5,2,7,1,Quebec,1.0,1.0585716515939793e-13,0,0.0
2.0,11500.0,5,2,5,2,New Brunswick,3.0,0.5826121171331885,1,1.0
1.0,165000.0,2,2,6,1,British Columbia,1.0,5.188358997492194e-05,0,0.0
2.0,55000.0,5,2,7,9,Newfoundland and Labrador,1.0,0.0817437023926165,0,0.0
2.0,12000.0,5,2,2,2,Ontario,2.0,0.7777366772583613,1,1.0
1.0,125000.0,1,1,3,1,Alberta,1.0,0.0008823808797701005,0,0.0
2.0,57500.0,2,2,3,1,Manitoba,1.0,0.07077992566961344,0,0.0
1.0,210000.0,2,2,5,1,Newfoundland and Labrador,1.0,8.553997749273158e-07,0,0.0
1.0,48000.0,2,2,6,2,British Columbia,1.0,0.166901263252862,0,0.0
2.0,75000.0,99,9,2,1,Manitoba,1.0,0.0582426746769897,0,0.0
2.0,33000.0,5,2,1,2,Quebec,1.0,0.10293185127490513,0,0.0
2.0,72500.0,1,1,2,1,Ontario,1.0,0.04417917370303976,0,0.0
1.0,135000.0,1,1,6,1,British Columbia,1.0,0.0004212829054551589,0,0.0
2.0,52500.0,5,2,4,1,Quebec,1.0,0.028328887943530306,0,0.0
1.0,90000.0,6,2,2,1,Newfoundland and Labrador,1.0,0.004086400772141097,0,0.0
2.0,75000.0,5,2,7,2,Ontario,1.0,0.04091388095772718,0,0.0
2.0,92500.0,5,2,7,2,New Brunswick,1.0,0.004675093048407471,0,0.0
2.0,72500.0,3,2,6,2,Quebec,1.0,0.007129876204658514,0,0.0
2.0,65000.0,2,2,4,1,Alberta,2.0,0.0901682617204174,0,0.0
1.0,90000.0,5,2,6,1,Quebec,1.0,0.0013155730959946673,0,0.0
2.0,62500.0,5,2,2,1,Prince Edward Island,1.0,0.02020179801640986,0,0.0
1.0,95000.0,1,1,6,1,Alberta,1.0,0.00739720358050549,0,0.0
1.0,155000.0,5,2,2,1,British Columbia,1.0,0.0001054282628367939,0,0.0
1.0,210000.0,5,2,4,1,Prince Edward Island,1.0,4.0116324867288774e-07,0,0.0
2.0,140000.0,99,2,99,1,Prince Edward Island,1.0,0.000414443801416674,0,0.0
1.0,34000.0,5,2,2,1,Saskatchewan,3.0,0.2433042384488567,0,0.0
2.0,26000.0,5,2,2,2,Ontario,2.0,0.5661412380792059,1,1.0
1.0,135000.0,1,2,2,1,Manitoba,1.0,0.00019957458603893496,0,0.0
2.0,28000.0,5,2,2,2,British Columbia,2.0,0.5679511870888474,1,1.0
2.0,130000.0,6,2,2,1,British Columbia,1.0,0.0009884561606042638,0,0.0
1.0,32000.0,5,2,7,2,Prince Edward Island,3.0,0.10402862882647607,0,0.0
1.0,160000.0,2,2,4,1,Ontario,2.0,6.282067965981505e-05,0,0.0
2.0,155000.0,2,2,4,1,Manitoba,1.0,7.963375228263117e-05,0,0.0
2.0,95000.0,1,1,4,1,New Brunswick,1.0,0.0036108125555466605,0,0.0
2.0,100000.0,6,2,7,1,Saskatchewan,1.0,0.005089417320806686,0,0.0
1.0,36000.0,5,2,1,2,Ontario,2.0,0.28651027364814724,0,0.0
2.0,,5,2,99,9,Saskatchewan,1.0,0.1259669756632783,0,0.0
1.0,90000.0,2,2,6,2,Quebec,1.0,0.0012963905735701926,0,0.0
2.0,150000.0,2,2,4,1,Newfoundland and Labrador,1.0,9.298076724605416e-05,0,0.0
1.0,165000.0,4,1,6,1,British Columbia,1.0,5.245106767914993e-05,0,0.0
2.0,45000.0,5,2,2,1,Manitoba,1.0,0.15835943265597965,0,0.0
2.0,28000.0,5,2,1,2,British Columbia,2.0,0.5663915409901313,1,1.0
1.0,190000.0,2,2,4,1,Alberta,1.0,9.292218938686872e-06,0,0.0
2.0,135000.0,1,1,5,1,Quebec,1.0,8.350945228292452e-05,0,0.0
1.0,90000.0,5,2,2,1,British Columbia,1.0,0.010174369190648519,0,0.0
2.0,34000.0,5,2,1,2,Nova Scotia,1.0,0.32437466634045226,1,0.0
1.0,40000.0,2,2,6,1,Prince Edward Island,3.0,0.05905635221106803,0,0.0
1.0,41000.0,5,2,5,2,British Columbia,1.0,0.25143381437141116,0,0.0
1.0,115000.0,2,2,7,1,Ontario,1.0,0.0015230287493079064,0,0.0
2.0,97500.0,1,2,4,1,Ontario,1.0,0.008050241738116314,0,0.0
1.0,85000.0,2,2,6,2,New Brunswick,1.0,0.004790776972118835,0,0.0
2.0,,99,9,2,9,New Brunswick,2.0,0.10235823239294656,0,0.0
1.0,38000.0,2,2,1,2,Newfoundland and Labrador,1.0,0.13432383950908428,0,0.0
1.0,43000.0,5,2,1,2,Alberta,1.0,0.2309350802869868,0,0.0
1.0,52500.0,5,2,4,1,Ontario,1.0,0.11193836931984238,0,0.0
2.0,46000.0,2,2,2,1,Saskatchewan,1.0,0.17617726491526345,0,0.0
2.0,24000.0,5,2,2,2,Ontario,1.0,0.6003776542296325,1,0.0
2.0,,5,2,2,2,Prince Edward Island,3.0,0.02050517153694495,0,1.0
1.0,92500.0,1,1,4,1,Ontario,1.0,0.007115440269145192,0,0.0
2.0,25000.0,5,2,1,2,Prince Edward Island,2.0,0.2260819433294749,0,1.0
1.0,185000.0,1,1,6,1,Ontario,1.0,1.0724909473545439e-05,0,0.0
2.0,36000.0,5,2,1,1,Newfoundland and Labrador,1.0,0.22442863856532985,0,0.0
1.0,140000.0,1,1,7,1,Nova Scotia,1.0,0.00016724938763075184,0,0.0
2.0,31000.0,5,2,99,9,Saskatchewan,1.0,0.5701107642580704,1,0.0
1.0,250000.0,1,1,7,1,British Columbia,1.0,1.284137644569204e-07,0,0.0
1.0,135000.0,2,2,6,1,Quebec,1.0,5.366677258755036e-05,0,0.0
2.0,48000.0,5,2,4,1,Quebec,1.0,0.038491055672254956,0,0.0
2.0,82500.0,2,2,4,1,Alberta,1.0,0.028069983641281604,0,0.0
2.0,36000.0,2,2,6,2,Ontario,2.0,0.3910365522553357,1,1.0
1.0,110000.0,1,2,3,1,Ontario,1.0,0.002089723743115984,0,0.0
2.0,43000.0,2,2,1,2,Newfoundland and Labrador,1.0,0.14830592332600723,0,0.0
2.0,24000.0,5,2,1,2,New Brunswick,2.0,0.3606319858172706,1,1.0
1.0,72500.0,1,2,6,1,Ontario,2.0,0.029101643621646883,0,0.0
2.0,60000.0,5,2,1,1,Alberta,2.0,0.12472430982613048,0,0.0
2.0,22000.0,5,2,2,2,Quebec,1.0,0.20041824683280257,0,0.0
2.0,10500.0,5,2,2,2,Newfoundland and Labrador,2.0,0.640649567443747,1,1.0
2.0,13000.0,5,2,2,2,Ontario,1.0,0.7653194317221197,1,0.0
1.0,185000.0,1,2,4,1,Ontario,1.0,1.068597813412269e-05,0,0.0
1.0,150000.0,1,2,5,2,Ontario,1.0,0.000128558572683077,0,0.0
2.0,72500.0,6,2,6,1,British Columbia,1.0,0.0551131981033267,0,0.0
2.0,75000.0,5,2,3,1,Ontario,1.0,0.039349035410701644,0,0.0
2.0,90000.0,3,2,4,1,Alberta,1.0,0.01690597547893912,0,0.0
1.0,87500.0,5,2,7,1,New Brunswick,1.0,0.004105382892547733,0,0.0
2.0,49000.0,5,2,4,2,Manitoba,1.0,0.12737251619374218,0,0.0
2.0,900000.0,2,2,7,1,British Columbia,1.0,2.694609939171838e-27,0,0.0
2.0,44000.0,2,2,2,1,Ontario,1.0,0.2597548864027253,0,0.0
2.0,145000.0,6,2,4,1,Ontario,1.0,0.00030018379265598814,0,0.0
2.0,65000.0,1,1,6,1,Ontario,2.0,0.07443521037959579,0,1.0
2.0,77500.0,99,9,6,1,Nova Scotia,1.0,0.05835935602175908,0,0.0
1.0,43000.0,5,2,4,2,Manitoba,1.0,0.1224702557417855,0,0.0
2.0,21000.0,5,2,1,2,Manitoba,2.0,0.5073366680432468,1,1.0
1.0,115000.0,3,2,6,1,Ontario,1.0,0.0015285452399210046,0,0.0
2.0,50000.0,5,2,3,1,Newfoundland and Labrador,1.0,0.09852372390515249,0,0.0
1.0,120000.0,1,1,5,1,British Columbia,1.0,0.0012035445609778028,0,0.0
1.0,250000.0,3,2,7,1,Ontario,1.0,1.1397615963391301e-07,0,0.0
2.0,38000.0,5,2,1,2,Alberta,1.0,0.40536502457885215,1,0.0
1.0,410000.0,2,2,7,1,Quebec,1.0,2.0783400736025435e-13,0,0.0
2.0,170000.0,3,2,5,1,Quebec,1.0,7.30130320665644e-06,0,0.0
2.0,52500.0,5,2,4,1,Ontario,1.0,0.16749305642396992,0,0.0
2.0,,3,1,2,9,Alberta,1.0,0.11654943918558673,0,0.0
2.0,50000.0,5,2,99,9,Alberta,1.0,0.3776532654168477,1,0.0
2.0,77500.0,5,2,4,2,Ontario,2.0,0.03390452390704845,0,0.0
2.0,43000.0,5,2,1,2,New Brunswick,1.0,0.12883388655513442,0,0.0
1.0,195000.0,2,2,4,1,Ontario,1.0,5.335273619630809e-06,0,0.0
1.0,95000.0,1,2,4,1,Newfoundland and Labrador,1.0,0.002771899220035346,0,0.0
2.0,60000.0,3,2,4,1,Ontario,1.0,0.10415593974550408,0,0.0
2.0,39000.0,2,2,4,2,Ontario,3.0,0.3391610085352837,1,1.0
1.0,290000.0,1,1,6,1,Ontario,1.0,6.568793205151782e-09,0,0.0
1.0,115000.0,3,2,7,1,Ontario,1.0,0.0015382724032412653,0,0.0
1.0,420000.0,4,1,6,1,Quebec,1.0,1.0320252045210212e-13,0,0.0
2.0,,3,9,2,9,Nova Scotia,3.0,0.07008598676751339,0,1.0
1.0,370000.0,1,9,2,9,Newfoundland and Labrador,1.0,1.2709520110787894e-11,0,0.0
1.0,130000.0,2,2,4,1,Nova Scotia,2.0,0.0003382790873604049,0,0.0
1.0,23000.0,5,2,1,1,Quebec,2.0,0.12528565171195333,0,1.0
2.0,27000.0,5,2,2,2,Newfoundland and Labrador,2.0,0.3579301914984026,1,1.0
2.0,26000.0,5,2,5,2,Alberta,1.0,0.6195737746934953,1,0.0
1.0,42000.0,2,2,4,2,Ontario,1.0,0.20652511169038687,0,0.0
1.0,87500.0,2,2,2,2,Quebec,1.0,0.0015069730007428218,0,0.0
2.0,100000.0,2,2,2,1,New Brunswick,1.0,0.0025575277762593988,0,0.0
2.0,28000.0,5,2,1,2,Quebec,1.0,0.14030262330308005,0,0.0
1.0,90000.0,2,2,4,1,British Columbia,1.0,0.010002439965404702,0,0.0
2.0,21000.0,5,2,3,2,Alberta,1.0,0.6957877381473795,1,0.0
1.0,77500.0,2,2,7,2,New Brunswick,1.0,0.008150612343329408,0,0.0
2.0,24000.0,5,2,1,2,New Brunswick,1.0,0.3606319858172706,1,0.0
1.0,43000.0,5,2,4,1,Quebec,2.0,0.03444347538960648,0,0.0
1.0,49000.0,5,2,3,2,Saskatchewan,1.0,0.10248273603428074,0,0.0
2.0,22000.0,5,2,4,2,Newfoundland and Labrador,2.0,0.4453772174973656,1,1.0
1.0,85000.0,2,2,6,2,Quebec,1.0,0.0018428670393720941,0,0.0
1.0,320000.0,2,2,7,1,Alberta,1.0,9.965729685709894e-10,0,0.0
1.0,220000.0,1,2,3,1,Saskatchewan,1.0,6.327247387332402e-07,0,0.0
1.0,115000.0,4,2,4,1,Nova Scotia,1.0,0.000992297754984272,0,0.0
2.0,40000.0,2,2,1,2,Ontario,1.0,0.3193952819871424,1,0.0
2.0,,99,9,5,9,Newfoundland and Labrador,1.0,0.1235806064738546,0,0.0
1.0,62500.0,3,2,7,1,British Columbia,2.0,0.06734123362419492,0,1.0
1.0,230000.0,99,9,5,1,Saskatchewan,1.0,8.970746330418965e-07,0,0.0
2.0,102500.0,4,2,1,2,Quebec,1.0,0.0008479728102574241,0,0.0
2.0,26000.0,3,2,2,1,Manitoba,2.0,0.4129586776529619,1,1.0
2.0,18500.0,2,2,7,1,British Columbia,3.0,0.716967426269008,1,1.0
1.0,185000.0,1,1,7,1,Ontario,1.0,1.0793263709941159e-05,0,0.0
1.0,120000.0,3,1,7,1,British Columbia,1.0,0.0012434454743087274,0,0.0
2.0,67500.0,2,2,4,1,British Columbia,2.0,0.072966205534117,0,1.0
1.0,155000.0,1,1,6,1,Ontario,1.0,8.878401686246137e-05,0,0.0
2.0,70000.0,3,2,2,1,Manitoba,1.0,0.030713319085227744,0,0.0
2.0,34000.0,5,2,1,2,Quebec,1.0,0.09660565431412384,0,0.0
1.0,110000.0,5,2,7,1,Prince Edward Island,1.0,0.0004691502179862233,0,0.0
1.0,185000.0,5,2,7,1,Ontario,1.0,1.1334925220908641e-05,0,0.0
2.0,26000.0,5,2,5,2,Saskatchewan,2.0,0.48272610110549147,1,1.0
2.0,13500.0,5,2,1,2,Quebec,2.0,0.3119219009573797,1,1.0
1.0,200000.0,99,9,7,1,British Columbia,1.0,1.2433427114099562e-05,0,0.0
2.0,,5,2,7,2,British Columbia,2.0,0.10664200948166964,0,1.0
2.0,65000.0,2,2,3,1,Alberta,1.0,0.08964840919461832,0,0.0
2.0,92500.0,99,9,7,1,Quebec,1.0,0.004804955060336738,0,0.0
2.0,26000.0,5,2,2,2,British Columbia,2.0,0.6021451480816059,1,1.0
1.0,62500.0,5,2,2,1,Newfoundland and Labrador,1.0,0.02742752546418761,0,0.0
1.0,75000.0,2,2,4,2,New Brunswick,1.0,0.009523770873984441,0,0.0
2.0,55000.0,4,1,6,1,Ontario,3.0,0.14356625894168318,0,1.0
1.0,85000.0,1,2,7,1,Nova Scotia,1.0,0.008068856100174892,0,0.0
2.0,27000.0,5,2,1,2,Quebec,1.0,0.1490182925732184,0,0.0
2.0,,5,2,1,2,Prince Edward Island,1.0,0.020377956261810885,0,0.0
1.0,165000.0,2,2,6,1,Nova Scotia,1.0,2.9104283586499066e-05,0,0.0
2.0,60000.0,1,1,3,1,British Columbia,1.0,0.11517245833185792,0,1.0
2.0,25000.0,5,2,1,2,Saskatchewan,2.0,0.49398055870464086,1,1.0
1.0,72500.0,1,1,6,1,Ontario,1.0,0.028846468398798362,0,1.0
1.0,92500.0,5,2,2,2,Newfoundland and Labrador,1.0,0.0034466566278196008,0,0.0
2.0,115000.0,2,2,5,2,Ontario,1.0,0.0024348594335571678,0,0.0
2.0,47000.0,5,2,4,1,Alberta,1.0,0.2663091487655865,0,0.0
1.0,57500.0,5,2,4,1,New Brunswick,1.0,0.03239918007577865,0,0.0
1.0,350000.0,2,2,4,1,British Columbia,1.0,1.1186339612738001e-10,0,0.0
2.0,25000.0,5,2,6,2,British Columbia,2.0,0.6248724584052172,1,1.0
2.0,16000.0,5,2,2,2,Ontario,3.0,0.7252582894319647,1,1.0
2.0,70000.0,5,2,7,1,Ontario,1.0,0.056388956350904136,0,0.0
2.0,27000.0,5,2,1,2,Ontario,1.0,0.5471876744136126,1,0.0
1.0,97500.0,2,2,4,1,Saskatchewan,1.0,0.003590393976056523,0,0.0
2.0,87500.0,1,1,3,1,Newfoundland and Labrador,1.0,0.007356056996763427,0,0.0
2.0,27000.0,5,2,4,2,Quebec,2.0,0.15145149937954974,0,0.0
2.0,30000.0,5,2,4,2,Quebec,1.0,0.12623862200571642,0,0.0
1.0,57500.0,5,2,4,1,Quebec,2.0,0.012679423471901636,0,0.0
1.0,240000.0,1,2,6,1,Ontario,1.0,2.2458612332813225e-07,0,0.0
1.0,150000.0,99,9,7,1,Nova Scotia,1.0,0.00023624850518812288,0,0.0
2.0,125000.0,3,2,6,1,Ontario,1.0,0.0012064234554703276,0,0.0
1.0,180000.0,1,1,6,1,Saskatchewan,1.0,1.070325169015479e-05,0,0.0
2.0,50000.0,5,2,4,1,Quebec,1.0,0.033601929093872634,0,0.0
2.0,80000.0,1,1,7,1,British Columbia,2.0,0.031593733854671756,0,1.0
2.0,85000.0,5,2,6,1,Newfoundland and Labrador,1.0,0.009371390419305682,0,0.0
1.0,105000.0,1,1,4,1,Newfoundland and Labrador,1.0,0.0013597570241207502,0,0.0
1.0,340000.0,2,2,7,1,British Columbia,1.0,2.3065200509199682e-10,0,0.0
2.0,20000.0,5,2,1,2,Quebec,1.0,0.2228522935069105,0,0.0
1.0,67500.0,5,2,3,1,British Columbia,2.0,0.04806158886760399,0,0.0
2.0,33000.0,2,2,99,1,British Columbia,2.0,0.6206571607147784,1,1.0
2.0,,99,9,4,2,Quebec,2.0,0.03829383883775309,0,1.0
2.0,100000.0,99,9,4,1,Ontario,1.0,0.018906832280951035,0,0.0
1.0,150000.0,1,1,4,1,Saskatchewan,1.0,8.748610501213539e-05,0,0.0
1.0,,99,9,99,1,New Brunswick,1.0,0.10486119147314359,0,0.0
1.0,51000.0,3,1,6,1,Manitoba,2.0,0.07146320511458691,0,1.0
1.0,200000.0,2,2,6,1,New Brunswick,1.0,1.435418961874069e-06,0,0.0
1.0,37000.0,5,2,4,2,Ontario,2.0,0.27611980133421093,0,1.0
1.0,190000.0,1,1,5,1,Manitoba,1.0,4.183833423160992e-06,0,0.0
2.0,85000.0,2,2,6,1,Quebec,1.0,0.002894020540994673,0,0.0
1.0,67500.0,2,2,6,2,British Columbia,1.0,0.048261096264060624,0,0.0
2.0,17000.0,5,2,4,1,British Columbia,3.0,0.740009378843794,1,1.0
2.0,60000.0,5,2,4,1,British Columbia,1.0,0.12093115046986223,0,0.0
1.0,115000.0,5,2,7,1,Quebec,1.0,0.00022770248643973036,0,0.0
2.0,28000.0,5,2,1,2,Ontario,2.0,0.5296792944828744,1,1.0
2.0,22000.0,5,2,1,2,British Columbia,2.0,0.6659417411131842,1,1.0
1.0,44000.0,5,2,4,2,Alberta,1.0,0.22193315902301133,0,0.0
2.0,27000.0,5,2,1,2,Saskatchewan,1.0,0.45884499367748255,1,0.0
1.0,38000.0,5,2,2,1,Quebec,1.0,0.04770650048075741,0,0.0
1.0,575000.0,2,2,6,1,Nova Scotia,1.0,8.285341975976382e-18,0,0.0
1.0,280000.0,2,2,7,1,Nova Scotia,1.0,8.867972680686391e-09,0,0.0
1.0,97500.0,5,2,6,2,Prince Edward Island,1.0,0.0011411904304796,0,0.0
1.0,240000.0,2,2,5,1,Manitoba,1.0,1.2586022142151215e-07,0,0.0
1.0,330000.0,6,2,7,1,Ontario,1.0,4.186739276964201e-10,0,0.0
2.0,34000.0,5,2,5,2,Ontario,3.0,0.4308281264283778,1,1.0
2.0,100000.0,5,2,6,1,Nova Scotia,1.0,0.004644746658616327,0,0.0
2.0,55000.0,99,9,6,1,Ontario,2.0,0.3173744749311222,1,1.0
1.0,250000.0,1,2,5,1,Manitoba,1.0,6.159777934655879e-08,0,0.0
1.0,97500.0,5,2,7,1,Quebec,1.0,0.00078093131386358,0,0.0
2.0,62500.0,1,1,5,2,Ontario,1.0,0.08822763390654897,0,0.0
1.0,80000.0,2,2,4,2,British Columbia,1.0,0.020330633715058794,0,0.0
2.0,27000.0,2,2,4,2,Ontario,2.0,0.5444947336509826,1,1.0
1.0,38000.0,2,2,2,2,Manitoba,1.0,0.1598175683301958,0,0.0
1.0,110000.0,3,2,4,1,New Brunswick,1.0,0.0008116433800140629,0,0.0
1.0,185000.0,5,2,2,1,Alberta,2.0,1.3445917455176806e-05,0,0.0
1.0,175000.0,1,1,6,1,Quebec,1.0,3.144053338652742e-06,0,0.0
2.0,26000.0,5,2,2,2,Nova Scotia,1.0,0.45915902278728105,1,0.0
2.0,62500.0,99,2,2,2,Saskatchewan,1.0,0.15157678150459017,0,0.0
2.0,57500.0,3,2,6,2,New Brunswick,1.0,0.051119329447088226,0,0.0
2.0,130000.0,4,1,2,1,Alberta,1.0,0.0010137068524737104,0,0.0
1.0,49000.0,2,2,2,2,Ontario,1.0,0.13564918235625184,0,0.0
1.0,34000.0,5,2,3,1,Prince Edward Island,3.0,0.0882827720168199,0,0.0
2.0,95000.0,2,2,6,2,Manitoba,1.0,0.005581837212699597,0,0.0
1.0,140000.0,5,2,6,1,Alberta,1.0,0.00032843764942845687,0,0.0
1.0,160000.0,2,2,4,1,Quebec,1.0,9.103895259619907e-06,0,0.0
1.0,180000.0,3,2,6,1,Newfoundland and Labrador,1.0,7.1983406454463755e-06,0,0.0
2.0,23000.0,5,2,1,2,New Brunswick,1.0,0.37703201782466905,1,0.0
2.0,57500.0,5,2,1,1,Ontario,1.0,0.1218693975558372,0,0.0
2.0,24000.0,5,2,2,2,Ontario,2.0,0.6003776542296325,1,1.0
2.0,30000.0,5,2,99,9,Quebec,1.0,0.22713356876783952,0,0.0
1.0,48000.0,5,2,3,2,Nova Scotia,1.0,0.10201562920651283,0,0.0
2.0,24000.0,5,2,1,2,Ontario,2.0,0.5988523866544868,1,1.0
1.0,125000.0,1,2,3,1,Alberta,1.0,0.000890413205294644,0,0.0
2.0,50000.0,5,2,4,2,Nova Scotia,1.0,0.1368155503831276,0,0.0
2.0,9750.0,5,2,2,2,Manitoba,3.0,0.6960049624351041,1,1.0
1.0,92500.0,4,2,4,1,Nova Scotia,1.0,0.0048245202313223915,0,0.0
2.0,25000.0,5,2,1,2,Nova Scotia,1.0,0.4751143912015125,1,0.0
1.0,72500.0,2,2,4,1,Quebec,1.0,0.004313018146606555,0,0.0
2.0,20500.0,3,1,3,2,Quebec,1.0,0.2140536627052605,0,1.0
2.0,18500.0,5,2,4,2,Newfoundland and Labrador,3.0,0.5068079678120664,1,1.0
2.0,30000.0,3,1,99,2,Newfoundland and Labrador,2.0,0.4480670929903336,1,1.0
2.0,36000.0,5,2,99,2,Manitoba,1.0,0.40013797505639676,1,0.0
2.0,19500.0,5,2,1,2,Quebec,1.0,0.22901301707494964,0,0.0
1.0,300000.0,1,1,7,1,Quebec,1.0,4.735375050826412e-10,0,0.0
2.0,25000.0,5,2,4,2,Nova Scotia,2.0,0.4798696390708616,1,1.0
2.0,46000.0,2,2,2,1,Ontario,2.0,0.23358866263514255,0,1.0
2.0,115000.0,1,1,99,9,Saskatchewan,1.0,0.0033848069758880524,0,0.0
1.0,260000.0,2,2,7,1,British Columbia,1.0,6.469797565593778e-08,0,0.0
2.0,14000.0,5,2,1,2,Quebec,1.0,0.3044114453960427,1,0.0
2.0,17500.0,5,2,3,1,British Columbia,3.0,0.7319297476478928,1,1.0
2.0,25000.0,5,2,2,2,Quebec,1.0,0.16867403153560903,0,0.0
1.0,105000.0,2,2,4,2,Quebec,1.0,0.0004452459111539288,0,0.0
2.0,125000.0,5,2,2,1,British Columbia,1.0,0.0013913816796698277,0,0.0
2.0,12500.0,5,2,3,1,Ontario,3.0,0.7700218624720964,1,1.0
2.0,29000.0,5,2,1,2,Saskatchewan,2.0,0.4241139392450377,1,1.0
2.0,46000.0,5,2,6,1,Manitoba,2.0,0.15244783974421192,0,0.0
2.0,9750.0,5,2,1,2,New Brunswick,1.0,0.6062061944696289,1,0.0
1.0,34000.0,2,2,1,2,Manitoba,1.0,0.20034963427820068,0,0.0
2.0,42000.0,2,2,1,2,New Brunswick,2.0,0.13345213497409752,0,0.0
1.0,85000.0,5,2,7,2,British Columbia,1.0,0.015091907441125532,0,0.0
2.0,72500.0,5,2,7,1,Quebec,1.0,0.007208789363626477,0,0.0
2.0,97500.0,4,2,2,1,Ontario,1.0,0.0081888927191659,0,0.0
2.0,12000.0,5,2,2,2,Alberta,3.0,0.8107790819340318,1,1.0
1.0,55000.0,5,2,7,1,Nova Scotia,1.0,0.06549585909262123,0,0.0
2.0,130000.0,4,1,6,1,Quebec,1.0,0.00012315974269583475,0,0.0
1.0,300000.0,2,2,4,1,Nova Scotia,1.0,2.1260008289499663e-09,0,0.0
2.0,40000.0,6,2,2,1,Alberta,1.0,0.37215992645501345,1,0.0
2.0,23000.0,5,2,99,1,Saskatchewan,3.0,0.6735398070381765,1,1.0
2.0,55000.0,1,1,3,2,Ontario,1.0,0.13946414699344117,0,0.0
2.0,28000.0,5,2,1,2,British Columbia,2.0,0.5663915409901313,1,1.0
1.0,77500.0,5,2,2,1,Alberta,1.0,0.02551422641546741,0,0.0
2.0,85000.0,5,2,6,1,Nova Scotia,1.0,0.013248877233393866,0,0.0
1.0,60000.0,5,2,6,1,Saskatchewan,1.0,0.05015776740658119,0,0.0
2.0,85000.0,3,1,4,1,Ontario,2.0,0.01940979571421918,0,0.0
1.0,200000.0,1,1,6,1,British Columbia,1.0,4.323236575247796e-06,0,0.0
1.0,41000.0,5,2,3,2,British Columbia,1.0,0.24904982283614013,0,0.0
1.0,31000.0,1,9,99,9,Alberta,2.0,0.5975253538478741,1,1.0
2.0,65000.0,5,2,4,1,Quebec,1.0,0.011939989657084574,0,0.0
1.0,50000.0,5,2,1,1,Newfoundland and Labrador,1.0,0.06332620294328904,0,0.0
2.0,82500.0,4,2,4,1,Ontario,1.0,0.02349505970367191,0,0.0
2.0,60000.0,3,1,3,1,Nova Scotia,1.0,0.06932184042022518,0,0.0
1.0,120000.0,1,2,6,2,New Brunswick,1.0,0.0004045881302274449,0,0.0
1.0,160000.0,1,2,6,1,Saskatchewan,1.0,4.420013099812979e-05,0,0.0
1.0,230000.0,4,2,4,1,New Brunswick,1.0,1.7464226667587945e-07,0,0.0
1.0,120000.0,2,2,1,2,Alberta,1.0,0.001281853917143194,0,0.0
2.0,17000.0,5,2,4,2,Ontario,2.0,0.7136025754392651,1,1.0
1.0,270000.0,1,2,7,1,Manitoba,1.0,1.524403966286469e-08,0,0.0
1.0,80000.0,1,1,2,1,Saskatchewan,1.0,0.011836662085043328,0,0.0
2.0,45000.0,2,2,1,2,Quebec,1.0,0.04563053152408786,0,0.0
2.0,31000.0,5,2,6,1,Alberta,3.0,0.5316057103555891,1,1.0
2.0,62500.0,5,2,5,1,Alberta,1.0,0.10917819087344909,0,0.0
2.0,28000.0,5,2,1,2,Ontario,1.0,0.5296792944828744,1,0.0
2.0,27000.0,5,2,3,2,Prince Edward Island,2.0,0.20443924851221582,0,1.0
1.0,52500.0,2,2,2,2,Saskatchewan,1.0,0.07923298990531108,0,0.0
1.0,31000.0,2,2,2,2,Nova Scotia,1.0,0.2662894891529665,0,0.0
2.0,92500.0,99,9,2,1,Saskatchewan,1.0,0.02214544605970732,0,0.0
2.0,11500.0,5,2,1,2,New Brunswick,2.0,0.5764196342822561,1,1.0
2.0,67500.0,3,1,2,1,Ontario,1.0,0.06285058668846165,0,1.0
2.0,120000.0,1,1,4,1,Ontario,1.0,0.001645068270166339,0,0.0
2.0,26000.0,5,2,1,2,British Columbia,1.0,0.6006221390334044,1,0.0
2.0,30000.0,5,2,3,2,British Columbia,1.0,0.5346781788906282,1,0.0
1.0,210000.0,1,2,7,1,Manitoba,1.0,1.044839871993835e-06,0,0.0
2.0,26000.0,5,2,2,2,Saskatchewan,2.0,0.47796855875071553,1,1.0
2.0,70000.0,3,1,3,1,Quebec,1.0,0.008134220829469123,0,0.0
2.0,47000.0,6,2,2,9,British Columbia,1.0,0.2791445102833764,0,0.0
2.0,24000.0,5,2,2,2,Nova Scotia,2.0,0.4942966699837317,1,1.0
2.0,27000.0,5,2,1,2,Quebec,1.0,0.1490182925732184,0,0.0
1.0,130000.0,1,1,6,1,Manitoba,1.0,0.0002885095431465956,0,0.0
2.0,11000.0,5,2,99,9,New Brunswick,2.0,0.7450618761916472,1,1.0
2.0,115000.0,5,2,4,1,British Columbia,1.0,0.0028465774619483328,0,0.0
2.0,57500.0,5,2,4,1,Ontario,1.0,0.12392386509337897,0,0.0
2.0,62500.0,1,1,6,1,Ontario,1.0,0.08751734511370797,0,1.0
1.0,85000.0,5,2,4,1,Nova Scotia,1.0,0.008237354450746038,0,0.0
2.0,65000.0,3,1,2,1,Quebec,1.0,0.011457635391451377,0,0.0
1.0,135000.0,2,2,6,2,Quebec,1.0,5.44895214922555e-05,0,0.0
2.0,26000.0,5,2,1,2,Nova Scotia,3.0,0.457581721183854,1,1.0
2.0,,5,2,99,9,Saskatchewan,2.0,0.1259669756632783,0,1.0
1.0,190000.0,1,1,2,1,British Columbia,1.0,8.52632986615301e-06,0,0.0
2.0,37000.0,5,2,2,2,Manitoba,2.0,0.2513146619158554,0,0.0
2.0,75000.0,2,2,4,1,British Columbia,1.0,0.04434391771855841,0,1.0
2.0,22000.0,5,2,3,2,Nova Scotia,1.0,0.5310732341563096,1,0.0
1.0,65000.0,5,2,6,1,Quebec,1.0,0.007609367795730721,0,0.0
2.0,,5,2,3,2,Saskatchewan,1.0,0.06577257015248107,0,0.0
2.0,30000.0,5,2,2,1,Alberta,1.0,0.542803923180754,1,0.0
2.0,30000.0,5,2,4,1,Quebec,1.0,0.1245698716906411,0,0.0
2.0,65000.0,2,2,6,2,Ontario,1.0,0.07683017813619267,0,0.0
2.0,22000.0,5,2,1,2,Nova Scotia,2.0,0.5279076689754427,1,1.0
2.0,11000.0,5,2,1,2,Nova Scotia,2.0,0.7082243835962612,1,1.0
2.0,45000.0,5,2,4,1,Ontario,1.0,0.2544399651760601,0,0.0
2.0,60000.0,2,2,4,2,Quebec,1.0,0.016654633723831195,0,0.0
1.0,67500.0,6,2,6,2,Ontario,1.0,0.04351936396636473,0,0.0
1.0,150000.0,4,2,5,1,Ontario,1.0,0.00013046309449692077,0,0.0
1.0,42000.0,3,2,4,1,Alberta,1.0,0.24072925120738667,0,0.0
1.0,160000.0,1,2,6,1,Ontario,1.0,6.299254339974866e-05,0,0.0
2.0,52500.0,2,2,2,1,Quebec,1.0,0.02717875643723295,0,0.0
1.0,24000.0,5,2,4,1,Nova Scotia,3.0,0.37920686762198935,1,1.0
1.0,140000.0,3,1,5,1,Saskatchewan,1.0,0.00018168228844611165,0,0.0
2.0,35000.0,5,2,2,2,Alberta,2.0,0.45873533236954284,1,0.0
1.0,70000.0,2,2,4,1,Newfoundland and Labrador,1.0,0.01607882205795797,0,0.0
2.0,18000.0,5,2,1,2,British Columbia,1.0,0.7254613098055863,1,0.0
1.0,110000.0,4,1,5,1,New Brunswick,1.0,0.0008175506140719083,0,0.0
1.0,135000.0,2,2,7,1,Ontario,1.0,0.000372584544424496,0,0.0
1.0,240000.0,1,1,4,1,Quebec,1.0,3.184395004404007e-08,0,0.0
2.0,22000.0,5,2,6,2,Nova Scotia,2.0,0.5358168180328806,1,1.0
2.0,72500.0,2,2,7,1,Quebec,1.0,0.00699776421240833,0,0.0
2.0,16500.0,5,2,2,9,Nova Scotia,1.0,0.6484244651176075,1,0.0
2.0,115000.0,2,2,7,1,Manitoba,1.0,0.0013576444201162058,0,0.0
1.0,27000.0,5,2,1,2,Quebec,1.0,0.09886368135553635,0,0.0
2.0,30000.0,5,2,2,2,Ontario,2.0,0.49607402540765894,1,1.0
2.0,420000.0,4,2,5,1,Quebec,1.0,1.651745718211572e-13,0,0.0
2.0,33000.0,6,2,2,1,Alberta,2.0,0.4925601800244743,1,0.0
2.0,97500.0,5,2,4,1,British Columbia,2.0,0.009700918334780142,0,0.0
2.0,90000.0,2,2,7,1,British Columbia,1.0,0.01617119028201468,0,0.0
1.0,33000.0,2,2,2,2,Newfoundland and Labrador,1.0,0.18173776157500102,0,0.0
1.0,210000.0,1,1,7,1,Quebec,1.0,2.6870728243480516e-07,0,0.0
1.0,100000.0,5,2,3,1,Ontario,1.0,0.004389405352541833,0,0.0
1.0,150000.0,1,2,2,1,New Brunswick,1.0,4.694062148678198e-05,0,0.0
2.0,30000.0,5,2,2,2,Prince Edward Island,2.0,0.17129157155177888,0,0.0
2.0,105000.0,1,2,4,1,British Columbia,1.0,0.005518515897913897,0,0.0
2.0,150000.0,3,2,4,1,Ontario,1.0,0.0002048507116191622,0,0.0
2.0,26000.0,5,2,1,2,Newfoundland and Labrador,1.0,0.37279257862680926,1,0.0
2.0,,6,2,2,1,New Brunswick,3.0,0.036120293599892134,0,0.0
2.0,77500.0,99,9,2,9,Prince Edward Island,1.0,0.021549043023607516,0,0.0
1.0,97500.0,4,2,3,1,Newfoundland and Labrador,1.0,0.002380597891412814,0,0.0
1.0,150000.0,2,2,7,1,Quebec,1.0,1.8771210858972132e-05,0,0.0
2.0,70000.0,2,2,6,2,British Columbia,1.0,0.0635532274214154,0,0.0
2.0,,4,2,7,1,Saskatchewan,1.0,0.0657863069998352,0,0.0
2.0,,1,9,4,1,Newfoundland and Labrador,1.0,0.044595322374741196,0,0.0
1.0,82500.0,5,2,1,1,Newfoundland and Labrador,1.0,0.006800775992913397,0,0.0
2.0,41000.0,5,2,2,2,Nova Scotia,2.0,0.22783324872826555,0,0.0
2.0,19000.0,5,2,1,2,Saskatchewan,3.0,0.5983666794564126,1,1.0
1.0,90000.0,2,2,1,1,Quebec,1.0,0.0012369664420394263,0,0.0
2.0,26000.0,5,2,3,2,New Brunswick,1.0,0.3316282153311844,1,0.0
1.0,60000.0,5,2,2,1,British Columbia,1.0,0.07842500198471045,0,0.0
2.0,21000.0,5,2,1,2,Saskatchewan,2.0,0.5640830697358342,1,1.0
1.0,46000.0,5,2,4,2,Quebec,1.0,0.02848327428877423,0,0.0
2.0,90000.0,2,2,4,1,Alberta,1.0,0.01674099751283378,0,0.0
1.0,165000.0,2,2,6,1,Newfoundland and Labrador,1.0,2.0506066715016808e-05,0,0.0
1.0,85000.0,1,1,7,1,Manitoba,1.0,0.006870889748206191,0,0.0
2.0,21000.0,5,2,2,2,Nova Scotia,1.0,0.5470001441480685,1,0.0
2.0,8500.0,5,2,1,2,New Brunswick,1.0,0.6270224777180607,1,0.0
2.0,29000.0,5,2,2,2,Saskatchewan,2.0,0.42566640937247663,1,1.0
2.0,50000.0,5,2,2,2,Saskatchewan,1.0,0.14440745510018282,0,0.0
2.0,35000.0,5,2,2,2,Newfoundland and Labrador,2.0,0.24085154972036263,0,1.0
2.0,26000.0,5,2,4,2,Alberta,2.0,0.6180751660582819,1,1.0
1.0,145000.0,2,2,6,2,Ontario,1.0,0.00018585016896687417,0,0.0
2.0,38000.0,2,2,3,2,Ontario,3.0,0.35367333500866804,1,0.0
1.0,280000.0,1,1,6,1,Saskatchewan,1.0,9.324027058063106e-09,0,0.0
2.0,40000.0,3,2,1,2,New Brunswick,1.0,0.1518858730073845,0,0.0
1.0,160000.0,2,2,4,1,Saskatchewan,1.0,4.4079536689929744e-05,0,0.0
1.0,55000.0,2,2,3,2,Prince Edward Island,2.0,0.02126718211545209,0,0.0
1.0,185000.0,1,1,6,1,Saskatchewan,1.0,7.52525594387698e-06,0,0.0
2.0,80000.0,99,9,7,1,Prince Edward Island,1.0,0.01659797225653264,0,0.0
2.0,30000.0,5,2,2,2,Nova Scotia,3.0,0.39041754074494883,1,1.0
1.0,110000.0,2,2,2,1,Quebec,1.0,0.00030446615394558207,0,0.0
1.0,115000.0,5,2,4,2,Ontario,1.0,0.0015632062530623774,0,0.0
2.0,72500.0,5,2,3,1,Nova Scotia,1.0,0.0308031753363326,0,0.0
1.0,75000.0,3,1,3,1,Saskatchewan,1.0,0.017190497317270174,0,0.0
1.0,130000.0,3,1,7,1,Manitoba,1.0,0.00029619626810127597,0,0.0
2.0,47000.0,2,2,1,2,Manitoba,1.0,0.1379453580690213,0,0.0
2.0,82500.0,5,2,4,1,New Brunswick,1.0,0.009098340938361245,0,0.0
2.0,26000.0,5,2,2,2,Saskatchewan,1.0,0.47796855875071553,1,0.0
1.0,135000.0,1,1,7,1,Ontario,2.0,0.0003655586924155181,0,0.0
2.0,70000.0,3,1,6,1,Alberta,1.0,0.06597315862452788,0,0.0
1.0,40000.0,2,2,2,2,Newfoundland and Labrador,1.0,0.11943216444206987,0,0.0
2.0,17500.0,5,2,2,2,Quebec,1.0,0.2560454430562143,0,0.0
1.0,29000.0,5,2,2,2,Ontario,1.0,0.3982313229791728,1,0.0
2.0,67500.0,2,2,2,2,Nova Scotia,2.0,0.04238607080446749,0,0.0
1.0,420000.0,1,2,7,1,Quebec,1.0,1.0171690752489124e-13,0,0.0
2.0,72500.0,6,2,6,1,Ontario,2.0,0.04788139206632888,0,0.0
1.0,180000.0,2,2,5,1,Ontario,1.0,1.544895172856111e-05,0,0.0
1.0,180000.0,2,2,5,1,British Columbia,1.0,1.7918351778938695e-05,0,0.0
1.0,180000.0,5,2,6,1,Alberta,1.0,1.961644636098707e-05,0,0.0
1.0,55000.0,3,2,6,1,New Brunswick,2.0,0.03813338638551273,0,0.0
1.0,300000.0,1,1,7,1,Prince Edward Island,1.0,6.86131857158398e-10,0,0.0
1.0,200000.0,3,2,4,1,Ontario,1.0,3.788726920345902e-06,0,0.0
2.0,52500.0,6,2,6,1,Alberta,1.0,0.20128800880983488,0,0.0
1.0,38000.0,2,2,2,2,Nova Scotia,1.0,0.18142378567421177,0,0.0
1.0,195000.0,1,1,3,1,Ontario,1.0,5.201478404303296e-06,0,0.0
2.0,185000.0,2,2,6,1,Quebec,1.0,2.528379924267146e-06,0,0.0
1.0,100000.0,2,2,2,2,Alberta,1.0,0.00525833748518653,0,0.0
2.0,80000.0,2,2,3,2,Manitoba,1.0,0.015598766179462015,0,0.0
1.0,95000.0,2,2,3,1,Nova Scotia,1.0,0.003943825014401188,0,0.0
1.0,62500.0,1,1,7,1,Saskatchewan,1.0,0.04070376808732012,0,0.0
1.0,115000.0,1,1,4,1,Manitoba,1.0,0.0008192165833876718,0,0.0
2.0,95000.0,3,2,2,1,New Brunswick,1.0,0.003669976980483027,0,0.0
1.0,100000.0,2,2,3,1,Manitoba,1.0,0.002383512307654389,0,0.0
2.0,27000.0,5,2,2,2,Quebec,1.0,0.14982575814504215,0,0.0
2.0,62500.0,5,2,4,1,Quebec,1.0,0.01420706124001706,0,0.0
1.0,25000.0,5,2,1,2,Manitoba,1.0,0.327376905528046,1,0.0
2.0,24000.0,5,2,2,2,Quebec,1.0,0.17878562255243813,0,0.0
2.0,135000.0,1,1,7,1,Ontario,1.0,0.0005833585329141868,0,0.0
2.0,100000.0,2,2,6,1,Nova Scotia,1.0,0.004508438681772535,0,0.0
1.0,115000.0,2,2,4,1,British Columbia,1.0,0.0017327640631261646,0,0.0
1.0,110000.0,1,1,4,1,British Columbia,1.0,0.002416389780506204,0,0.0
1.0,100000.0,2,2,4,1,Ontario,1.0,0.00428759687396052,0,0.0
1.0,110000.0,4,1,7,1,Alberta,1.0,0.0026785159650242097,0,0.0
2.0,48000.0,2,2,1,1,Quebec,1.0,0.0367186547429789,0,0.0
2.0,13000.0,5,2,4,2,Ontario,1.0,0.7675938929768978,1,0.0
2.0,525000.0,2,2,6,1,Ontario,1.0,6.886916612699742e-16,0,0.0
2.0,18000.0,5,2,6,1,Nova Scotia,1.0,0.6011182467748891,1,0.0
2.0,20000.0,5,2,1,2,Quebec,1.0,0.2228522935069105,0,0.0
2.0,150000.0,2,2,4,1,Ontario,1.0,0.00020281804027659812,0,0.0
1.0,175000.0,2,2,2,1,British Columbia,1.0,2.5004217934741593e-05,0,0.0
1.0,38000.0,2,2,4,2,Saskatchewan,2.0,0.19490021367732593,0,1.0
2.0,170000.0,6,2,7,1,British Columbia,1.0,6.098030509199583e-05,0,0.0
1.0,39000.0,2,2,2,2,Saskatchewan,1.0,0.18218072010670405,0,0.0
1.0,12500.0,5,2,1,2,New Brunswick,1.0,0.44276261726335153,1,0.0
2.0,52500.0,5,2,2,2,Alberta,1.0,0.1980644488629082,0,0.0
2.0,60000.0,4,1,6,1,British Columbia,3.0,0.12025903192779545,0,1.0
1.0,220000.0,1,1,7,1,Manitoba,1.0,5.118223991549063e-07,0,0.0
2.0,87500.0,5,2,6,2,Alberta,1.0,0.02106145274718517,0,0.0
2.0,14000.0,5,2,1,2,Nova Scotia,3.0,0.6627122211676013,1,1.0
2.0,125000.0,2,2,3,1,Quebec,1.0,0.0001699973541635831,0,0.0
1.0,52500.0,5,2,6,2,Newfoundland and Labrador,1.0,0.05608342829922709,0,0.0
1.0,140000.0,2,2,7,1,Prince Edward Island,1.0,5.5020107324378e-05,0,0.0
2.0,49000.0,1,1,4,2,Alberta,1.0,0.2335996165620555,0,0.0
1.0,155000.0,1,2,5,1,Manitoba,1.0,4.971237438250473e-05,0,0.0
2.0,155000.0,5,2,6,1,New Brunswick,1.0,5.623230338648932e-05,0,0.0
2.0,105000.0,1,9,4,1,Alberta,1.0,0.006203893712003323,0,0.0
1.0,82500.0,5,2,6,1,Alberta,1.0,0.018532068815569895,0,0.0
2.0,26000.0,5,2,1,2,New Brunswick,1.0,0.3288178565408144,1,0.0
1.0,90000.0,3,2,3,2,New Brunswick,1.0,0.003342687714481716,0,0.0
2.0,25000.0,5,2,4,1,British Columbia,2.0,0.6183049490662024,1,1.0
2.0,55000.0,2,2,4,2,Saskatchewan,1.0,0.10445672142368198,0,0.0
2.0,34000.0,3,1,2,1,New Brunswick,2.0,0.21163893923633012,0,1.0
2.0,72500.0,1,1,6,1,Saskatchewan,1.0,0.03219525210411014,0,0.0
2.0,12500.0,5,2,1,2,Quebec,2.0,0.3272405477691063,1,1.0
2.0,60000.0,5,2,7,1,British Columbia,2.0,0.12297201606611853,0,0.0
2.0,28000.0,6,2,2,2,Ontario,1.0,0.5337447369104762,1,0.0
1.0,220000.0,1,1,6,1,Ontario,1.0,9.1080833708795e-07,0,0.0
2.0,52500.0,5,2,1,2,Alberta,1.0,0.19705726581388192,0,0.0
1.0,67500.0,2,2,6,2,Saskatchewan,1.0,0.02976344049363605,0,0.0
1.0,155000.0,2,2,6,1,New Brunswick,1.0,3.419219946920533e-05,0,0.0
2.0,33000.0,99,9,2,9,Saskatchewan,1.0,0.6285952727765864,1,0.0
1.0,42000.0,5,2,2,2,New Brunswick,1.0,0.09094990099154256,0,0.0
2.0,14500.0,5,2,2,2,Ontario,3.0,0.7458087407499892,1,1.0
1.0,90000.0,6,2,4,1,British Columbia,1.0,0.010405340195270313,0,0.0
2.0,32000.0,5,2,2,2,New Brunswick,2.0,0.24417467192884612,0,1.0
2.0,34000.0,5,2,7,1,Prince Edward Island,2.0,0.13684104592144672,0,0.0
1.0,,2,2,6,9,Newfoundland and Labrador,1.0,0.0307335147813982,0,0.0
2.0,26000.0,5,2,1,2,Nova Scotia,1.0,0.457581721183854,1,0.0
2.0,65000.0,3,2,3,1,Quebec,1.0,0.011633645939312267,0,0.0
2.0,24000.0,5,2,4,2,Newfoundland and Labrador,3.0,0.4108915485008853,1,1.0
2.0,77500.0,5,2,6,1,Ontario,1.0,0.033822447980700845,0,0.0
1.0,165000.0,2,2,2,1,Ontario,1.0,4.361107231506541e-05,0,0.0
2.0,14500.0,5,2,2,2,Quebec,2.0,0.29833199009374933,0,1.0
1.0,175000.0,1,2,7,1,Ontario,1.0,2.203325127093455e-05,0,0.0
2.0,11500.0,5,2,4,2,Ontario,1.0,0.785912438823922,1,0.0
1.0,92500.0,1,1,4,1,Ontario,1.0,0.007115440269145192,0,0.0
2.0,40000.0,2,2,2,2,New Brunswick,1.0,0.151420011635444,0,0.0
1.0,160000.0,2,2,6,1,Saskatchewan,1.0,4.464318200179693e-05,0,0.0
2.0,37000.0,5,2,1,2,Nova Scotia,2.0,0.2798690963706973,0,1.0
2.0,55000.0,2,2,6,2,Quebec,1.0,0.02381632560224565,0,0.0
1.0,145000.0,1,1,4,1,Manitoba,1.0,9.902311813198698e-05,0,0.0
1.0,85000.0,5,2,3,1,British Columbia,1.0,0.014499751557037272,0,0.0
2.0,52500.0,5,2,4,1,Ontario,1.0,0.16749305642396992,0,0.0
2.0,20500.0,5,2,1,2,Quebec,1.0,0.21681069528346983,0,0.0
1.0,105000.0,3,1,6,1,Alberta,2.0,0.0037439918988551564,0,0.0
2.0,12000.0,3,1,2,2,Quebec,2.0,0.3300124130390997,1,1.0
2.0,135000.0,3,2,2,1,New Brunswick,1.0,0.00021988614939760058,0,0.0
1.0,250000.0,1,1,7,1,Ontario,1.0,1.1071627619254481e-07,0,0.0
2.0,80000.0,2,2,2,2,Saskatchewan,1.0,0.019401856957985235,0,0.0
1.0,195000.0,1,1,4,1,Newfoundland and Labrador,1.0,2.399529171530641e-06,0,0.0
1.0,40000.0,5,2,2,2,Ontario,1.0,0.23364025361710558,0,0.0
2.0,50000.0,99,9,4,2,Nova Scotia,1.0,0.30134050122984385,1,0.0
2.0,180000.0,1,1,3,1,Manitoba,1.0,1.3338801289939249e-05,0,0.0
2.0,90000.0,2,2,2,1,New Brunswick,1.0,0.005160327720875327,0,0.0
2.0,44000.0,5,2,1,2,Saskatchewan,1.0,0.20379119924612454,0,0.0
1.0,115000.0,2,2,6,1,Ontario,1.0,0.0015133978321157755,0,0.0
1.0,32000.0,5,2,3,2,Manitoba,1.0,0.231374395799139,0,0.0
2.0,20000.0,5,2,4,2,Ontario,3.0,0.6685366955774282,1,1.0
2.0,120000.0,1,1,3,1,Saskatchewan,1.0,0.0011475387778088967,0,0.0
2.0,23000.0,5,2,2,2,Alberta,2.0,0.6637501514652872,1,1.0
2.0,57500.0,5,2,6,1,Nova Scotia,1.0,0.08526016602615638,0,0.0
2.0,57500.0,5,2,6,1,Ontario,1.0,0.1253099741185346,0,0.0
2.0,120000.0,99,9,7,1,Saskatchewan,1.0,0.0033563623964503048,0,0.0
1.0,50000.0,5,2,4,1,Newfoundland and Labrador,1.0,0.06446620516572818,0,0.0
2.0,19000.0,5,2,4,2,Quebec,1.0,0.23873919505885066,0,0.0
1.0,33000.0,2,2,1,2,Newfoundland and Labrador,1.0,0.18079488437103056,0,0.0
2.0,92500.0,2,2,1,1,Quebec,1.0,0.0016548221859867033,0,0.0
1.0,200000.0,1,1,6,1,Ontario,1.0,3.7274269892425717e-06,0,0.0
1.0,60000.0,1,2,1,2,Quebec,1.0,0.010202182825575999,0,0.0
2.0,97500.0,99,2,2,1,Prince Edward Island,1.0,0.004451761764396955,0,0.0
2.0,28000.0,5,2,1,2,British Columbia,2.0,0.5663915409901313,1,0.0
1.0,67500.0,5,2,6,2,Alberta,1.0,0.05227859205582738,0,0.0
2.0,38000.0,2,2,3,1,Ontario,3.0,0.35020311050325853,1,1.0
2.0,24000.0,5,2,2,2,Quebec,1.0,0.17878562255243813,0,0.0
2.0,35000.0,5,2,4,2,Alberta,1.0,0.4618919353261013,1,0.0
1.0,150000.0,2,2,6,1,Prince Edward Island,2.0,2.7026059142111793e-05,0,0.0
1.0,180000.0,2,2,7,2,Saskatchewan,1.0,1.1146881235011446e-05,0,0.0
2.0,67500.0,5,2,6,1,Ontario,2.0,0.06613393646400376,0,0.0
2.0,20000.0,5,2,99,2,Ontario,1.0,0.7866976308523155,1,0.0
2.0,120000.0,2,2,7,1,Manitoba,1.0,0.0009549162881476079,0,0.0
2.0,23000.0,5,2,7,2,British Columbia,1.0,0.6587096165082212,1,0.0
1.0,92500.0,2,2,4,1,Prince Edward Island,1.0,0.0015313086611605214,0,0.0
2.0,21000.0,5,2,1,2,New Brunswick,2.0,0.41065685648814243,1,1.0
2.0,,5,2,2,2,Saskatchewan,3.0,0.06538326004983584,0,0.0
1.0,70000.0,5,2,3,2,Manitoba,1.0,0.02027387357723261,0,0.0
2.0,46000.0,5,2,6,2,Saskatchewan,1.0,0.18665192434967437,0,0.0
2.0,15000.0,5,2,1,2,Nova Scotia,3.0,0.6467873170380688,1,1.0
2.0,105000.0,1,2,2,1,Quebec,1.0,0.0006840868012385874,0,0.0
2.0,24000.0,5,2,1,2,New Brunswick,1.0,0.3606319858172706,1,0.0
2.0,11000.0,5,2,2,1,Ontario,1.0,0.7871392857743468,1,0.0
2.0,82500.0,6,2,6,1,Ontario,1.0,0.024256040056671067,0,0.0
1.0,62500.0,4,2,7,2,Ontario,2.0,0.06000966671009963,0,1.0
2.0,39000.0,2,2,1,2,Saskatchewan,1.0,0.2610723499603834,0,0.0
1.0,36000.0,5,2,2,2,British Columbia,1.0,0.3191341726286516,1,0.0
1.0,140000.0,2,2,7,1,Ontario,1.0,0.0002619853704360947,0,0.0
2.0,27000.0,5,2,2,2,Quebec,1.0,0.14982575814504215,0,0.0
1.0,190000.0,1,1,5,1,Nova Scotia,1.0,4.874816432997034e-06,0,0.0
2.0,38000.0,5,2,1,2,Prince Edward Island,2.0,0.10465761873054227,0,0.0
1.0,77500.0,2,2,4,1,Quebec,1.0,0.003036281039200483,0,0.0
2.0,28000.0,5,2,4,2,Alberta,3.0,0.5843051436007398,1,1.0
2.0,46000.0,2,2,1,2,Quebec,1.0,0.0426586059953178,0,0.0
2.0,31000.0,5,2,1,9,New Brunswick,1.0,0.2770151240036508,0,0.0
1.0,210000.0,5,2,6,2,British Columbia,1.0,2.278726395865444e-06,0,0.0
2.0,120000.0,5,2,7,1,Manitoba,1.0,0.00098389337903606,0,0.0
1.0,34000.0,5,2,4,1,Saskatchewan,2.0,0.24565122246644663,0,0.0
2.0,145000.0,2,2,4,1,Nova Scotia,1.0,0.000187683509361539,0,0.0
2.0,41000.0,5,2,3,1,Quebec,1.0,0.061155451899593025,0,0.0
1.0,115000.0,1,1,7,1,New Brunswick,1.0,0.0005651341310787163,0,0.0
1.0,115000.0,3,2,5,1,Ontario,1.0,0.0015188794921028078,0,0.0
1.0,135000.0,4,2,4,1,Quebec,1.0,5.40568206591326e-05,0,0.0
2.0,46000.0,2,2,2,1,Ontario,1.0,0.23358866263514255,0,0.0
1.0,47000.0,5,2,2,2,Ontario,1.0,0.15695390489359942,0,0.0
1.0,470000.0,1,2,7,1,Manitoba,1.0,1.1568215281076413e-14,0,0.0
1.0,115000.0,4,2,4,1,Manitoba,1.0,0.0008517632868057231,0,0.0
1.0,250000.0,1,1,6,1,Manitoba,1.0,6.143066883941774e-08,0,0.0
2.0,95000.0,1,1,4,1,British Columbia,1.0,0.011002051614211066,0,0.0
2.0,30000.0,5,2,6,1,British Columbia,2.0,0.5356345693000183,1,1.0
2.0,82500.0,1,9,99,9,Quebec,1.0,0.007391699197488349,0,0.0
2.0,280000.0,2,2,6,1,Quebec,1.0,3.1327260293391423e-09,0,0.0
1.0,,1,9,2,1,Saskatchewan,1.0,0.0423267831211876,0,0.0
2.0,50000.0,3,1,1,2,British Columbia,1.0,0.21216356916763854,0,0.0
2.0,55000.0,2,2,3,2,Newfoundland and Labrador,1.0,0.07038895053647488,0,0.0
2.0,23000.0,5,2,3,2,British Columbia,1.0,0.6529736590242514,1,0.0
2.0,60000.0,5,2,99,9,Ontario,1.0,0.1967632914447429,0,0.0
1.0,145000.0,1,1,6,1,Nova Scotia,1.0,0.00011685072238435056,0,0.0
1.0,92500.0,6,2,7,1,British Columbia,1.0,0.008906217957541197,0,0.0
2.0,49000.0,5,2,7,1,Newfoundland and Labrador,2.0,0.10737241475335431,0,0.0
2.0,27000.0,5,2,1,2,Quebec,1.0,0.1490182925732184,0,0.0
1.0,350000.0,4,1,6,1,British Columbia,1.0,1.1453307655433669e-10,0,0.0
2.0,52500.0,2,2,5,1,Ontario,1.0,0.16423223688273467,0,0.0
2.0,135000.0,3,2,6,1,Quebec,1.0,8.651592647342922e-05,0,0.0
2.0,31000.0,5,2,4,2,Ontario,1.0,0.48164452651400885,1,1.0
2.0,43000.0,99,9,99,9,Saskatchewan,3.0,0.6077558824199191,1,1.0
1.0,75000.0,1,1,5,1,Alberta,3.0,0.029413750204804953,0,0.0
2.0,92500.0,5,2,7,1,Quebec,1.0,0.0017711329616685078,0,0.0
2.0,180000.0,1,1,4,1,Saskatchewan,1.0,1.686816221325532e-05,0,0.0
2.0,27000.0,5,2,2,2,Ontario,2.0,0.5487613640051658,1,1.0
2.0,,99,2,2,9,Saskatchewan,1.0,0.1657875500938186,0,0.0
2.0,18500.0,5,2,2,2,Saskatchewan,2.0,0.6083176593831744,1,1.0
2.0,41000.0,2,2,2,2,Ontario,2.0,0.305624391781553,1,1.0
1.0,82500.0,5,2,6,1,Quebec,2.0,0.00222951871024005,0,0.0
1.0,52500.0,5,2,4,2,Saskatchewan,2.0,0.08239933605802073,0,0.0
1.0,65000.0,5,2,4,2,Ontario,1.0,0.05037403240600578,0,0.0
2.0,43000.0,2,2,6,2,Nova Scotia,1.0,0.20326513331848345,0,0.0
2.0,18000.0,5,2,6,2,British Columbia,2.0,0.731742592884784,1,1.0
1.0,240000.0,1,2,4,1,Ontario,1.0,2.2175047268867196e-07,0,0.0
2.0,26000.0,5,2,2,2,Nova Scotia,2.0,0.45915902278728105,1,1.0
2.0,49000.0,3,2,4,1,Manitoba,2.0,0.12351504927371726,0,0.0
2.0,26000.0,5,2,2,2,Alberta,2.0,0.6150712238430434,1,1.0
1.0,55000.0,5,2,2,1,Saskatchewan,1.0,0.0682269530846278,0,0.0
1.0,175000.0,1,1,4,1,British Columbia,1.0,2.4846254939486906e-05,0,0.0
2.0,,99,2,2,1,Manitoba,1.0,0.12282956965990229,0,0.0
2.0,39000.0,6,2,1,2,Ontario,2.0,0.34384684444971425,1,1.0
1.0,120000.0,2,2,6,1,Saskatchewan,1.0,0.0007471652457296706,0,0.0
2.0,23000.0,5,2,1,2,Nova Scotia,1.0,0.5103209404023548,1,0.0
2.0,25000.0,5,2,3,2,Prince Edward Island,1.0,0.22831292176490972,0,0.0
2.0,48000.0,5,2,2,1,Quebec,1.0,0.03802354216026584,0,0.0
2.0,165000.0,1,9,1,9,Alberta,1.0,0.00010091565639579173,0,0.0
1.0,80000.0,1,1,4,1,Manitoba,1.0,0.009562089787544059,0,0.0
2.0,38000.0,6,2,2,2,Ontario,1.0,0.3613781797491324,1,0.0
2.0,14500.0,3,2,4,2,New Brunswick,3.0,0.5239397519278669,1,1.0
2.0,97500.0,1,1,4,1,Ontario,1.0,0.007978137090910543,0,0.0
2.0,220000.0,1,2,4,1,Ontario,1.0,1.4485065609833591e-06,0,0.0
2.0,24000.0,5,2,1,2,Ontario,1.0,0.5988523866544868,1,0.0
2.0,25000.0,5,2,4,2,Ontario,1.0,0.5864449665028731,1,0.0
2.0,75000.0,2,2,7,1,Quebec,1.0,0.005874250736311364,0,0.0
1.0,135000.0,1,2,4,1,Ontario,1.0,0.0003619262972140134,0,0.0
2.0,37000.0,5,2,4,2,Quebec,3.0,0.08107471364273196,0,0.0
2.0,25000.0,5,2,1,2,Newfoundland and Labrador,1.0,0.38940880950792256,1,0.0
2.0,220000.0,1,1,6,1,British Columbia,1.0,1.6861641410310638e-06,0,0.0
1.0,62500.0,5,2,2,9,Nova Scotia,2.0,0.04325174148912595,0,0.0
1.0,75000.0,5,2,2,1,Ontario,1.0,0.024865697440027472,0,0.0
2.0,18500.0,5,2,1,2,Manitoba,2.0,0.5511929216648364,1,1.0
1.0,170000.0,4,2,6,1,British Columbia,1.0,3.721380715223315e-05,0,0.0
1.0,165000.0,1,1,7,1,Newfoundland and Labrador,1.0,2.0247475792667375e-05,0,0.0
1.0,185000.0,2,2,7,1,Ontario,1.0,1.1000779780241366e-05,0,0.0
2.0,25000.0,5,2,1,2,Quebec,1.0,0.16778503298482783,0,0.0
1.0,340000.0,4,2,5,1,British Columbia,1.0,2.323284657572958e-10,0,0.0
1.0,44000.0,2,2,2,2,Saskatchewan,1.0,0.13541234444082123,0,0.0
1.0,82500.0,1,1,6,1,Alberta,1.0,0.01766210977632671,0,0.0
2.0,25000.0,5,2,2,2,Alberta,2.0,0.6316116254939885,1,1.0
2.0,25000.0,5,2,4,2,Prince Edward Island,1.0,0.22943420855375163,0,0.0
1.0,135000.0,99,9,99,2,Prince Edward Island,1.0,0.00039955422148328494,0,0.0
1.0,72500.0,2,2,4,2,Quebec,1.0,0.004378853761628188,0,0.0
2.0,95000.0,2,2,5,1,British Columbia,1.0,0.01128186100120607,0,0.0
2.0,42000.0,1,1,2,2,Ontario,2.0,0.2869676061885122,0,1.0
1.0,175000.0,4,1,7,1,Manitoba,1.0,1.2562381384240225e-05,0,0.0
1.0,100000.0,6,2,6,1,Quebec,1.0,0.0006572661360320376,0,0.0
2.0,50000.0,99,9,2,2,Manitoba,2.0,0.2676684282215067,0,0.0
2.0,16000.0,5,2,1,2,Newfoundland and Labrador,3.0,0.5459491809260829,1,1.0
1.0,100000.0,99,9,5,2,Manitoba,1.0,0.006841541770818137,0,0.0
2.0,82500.0,6,2,4,1,British Columbia,1.0,0.027680552291269995,0,0.0
2.0,20000.0,5,2,2,1,Ontario,2.0,0.6623205282408392,1,1.0
1.0,95000.0,3,1,4,1,Quebec,1.0,0.0008875326220917943,0,0.0
1.0,87500.0,5,2,7,1,Ontario,1.0,0.010792693245106675,0,0.0
2.0,50000.0,3,1,4,1,Nova Scotia,1.0,0.13167510752464448,0,0.0
1.0,200000.0,5,2,7,2,Ontario,1.0,3.999836040774855e-06,0,0.0
1.0,80000.0,3,2,7,2,Nova Scotia,1.0,0.011841974403941342,0,0.0
2.0,47500.0,5,2,4,2,Newfoundland and Labrador,1.0,0.11753064668077791,0,0.0
2.0,100000.0,5,2,7,1,British Columbia,1.0,0.008302432383748051,0,0.0
2.0,30000.0,5,2,1,2,New Brunswick,1.0,0.2698536263297466,0,0.0
1.0,33000.0,2,2,1,2,New Brunswick,1.0,0.15391064071770394,0,0.0
1.0,155000.0,4,2,2,1,Manitoba,1.0,5.0255321531697025e-05,0,0.0
2.0,8500.0,5,2,1,2,New Brunswick,1.0,0.6270224777180607,1,0.0
2.0,46000.0,3,2,1,1,Prince Edward Island,2.0,0.06035075380834916,0,0.0
2.0,23000.0,5,2,2,2,Ontario,2.0,0.6171564423139158,1,1.0
2.0,21000.0,5,2,2,1,Quebec,2.0,0.20941746404250272,0,1.0
2.0,110000.0,2,2,4,1,Saskatchewan,1.0,0.0023782285354266067,0,0.0
1.0,77500.0,3,1,7,1,New Brunswick,3.0,0.008035732050920898,0,0.0
1.0,37000.0,2,2,2,2,New Brunswick,1.0,0.12134780369935066,0,0.0
2.0,45000.0,6,2,2,1,Newfoundland and Labrador,1.0,0.13495625672304631,0,0.0
1.0,230000.0,2,2,7,1,Ontario,1.0,4.6181226412118515e-07,0,0.0
1.0,77500.0,3,2,4,1,Ontario,2.0,0.020785990181200444,0,1.0
1.0,180000.0,2,2,5,1,Saskatchewan,1.0,1.0839949741265646e-05,0,0.0
2.0,24000.0,5,2,3,2,Prince Edward Island,1.0,0.24096342841206972,0,0.0
2.0,65000.0,2,2,4,2,Saskatchewan,1.0,0.0545146146306311,0,0.0
1.0,41000.0,2,2,4,2,Alberta,1.0,0.25483536401177714,0,0.0
2.0,20000.0,5,2,3,2,Quebec,1.0,0.2250606698073205,0,0.0
2.0,27000.0,5,2,4,2,Ontario,1.0,0.5519057881880568,1,0.0
1.0,185000.0,1,1,7,1,New Brunswick,1.0,4.0780586738499614e-06,0,0.0
1.0,,4,9,2,2,British Columbia,3.0,0.07100491443374914,0,0.0
1.0,155000.0,2,2,3,1,Saskatchewan,1.0,6.229680433650018e-05,0,0.0
1.0,87500.0,5,2,4,2,Ontario,1.0,0.010751724908574742,0,0.0
2.0,67500.0,2,2,4,1,Ontario,1.0,0.06354933130922855,0,0.0
2.0,26000.0,5,2,1,2,Alberta,1.0,0.61356594100125,1,0.0
2.0,175000.0,1,1,7,1,Ontario,1.0,3.485034643276465e-05,0,0.0
2.0,41000.0,5,2,1,2,Ontario,1.0,0.3106490770722505,1,0.0
2.0,40000.0,5,2,4,2,Ontario,2.0,0.33013609004186123,1,0.0
1.0,165000.0,2,2,7,1,Newfoundland and Labrador,1.0,2.063675898218207e-05,0,0.0
1.0,210000.0,1,1,7,1,Quebec,1.0,2.6870728243480516e-07,0,0.0
2.0,21000.0,5,2,7,2,Ontario,3.0,0.6570502917343651,1,1.0
1.0,115000.0,2,2,3,1,British Columbia,1.0,0.0017218091655572163,0,0.0
2.0,,5,2,2,2,New Brunswick,1.0,0.03630320312484692,0,0.0
2.0,57500.0,5,2,2,1,Nova Scotia,1.0,0.08329895928590873,0,0.0
1.0,110000.0,2,2,4,1,Ontario,1.0,0.0021240507948209805,0,0.0
1.0,105000.0,2,2,4,2,Quebec,1.0,0.0004452459111539288,0,0.0
1.0,175000.0,1,1,6,1,Nova Scotia,1.0,1.4115652703850525e-05,0,0.0
2.0,18000.0,5,2,4,2,Manitoba,2.0,0.5645822363631963,1,1.0
2.0,40000.0,2,2,2,2,Alberta,1.0,0.36641124696672506,1,0.0
2.0,27000.0,5,2,99,2,Newfoundland and Labrador,2.0,0.5079759488890656,1,1.0
2.0,27000.0,5,2,2,2,British Columbia,3.0,0.5851506981466139,1,1.0
2.0,20000.0,5,2,4,2,Quebec,3.0,0.22617066547700415,0,1.0
1.0,145000.0,1,1,4,1,Manitoba,1.0,9.902311813198698e-05,0,0.0
1.0,97500.0,1,2,5,1,British Columbia,2.0,0.005899777602215658,0,0.0
1.0,92500.0,6,2,2,1,Ontario,1.0,0.007449636659977804,0,0.0
1.0,60000.0,5,2,7,2,Nova Scotia,1.0,0.047647735140924116,0,0.0
1.0,170000.0,1,1,5,1,Ontario,1.0,3.066290671188185e-05,0,0.0
1.0,87500.0,2,2,4,1,Ontario,1.0,0.010282082131537954,0,0.0
2.0,190000.0,2,2,6,1,British Columbia,1.0,1.4227881262173495e-05,0,0.0
2.0,120000.0,1,2,7,1,British Columbia,1.0,0.001961836294367563,0,0.0
2.0,18000.0,5,2,4,2,Ontario,3.0,0.6989890761498071,1,1.0
2.0,67500.0,5,2,2,1,Alberta,1.0,0.07795165728956623,0,0.0
1.0,150000.0,99,9,99,9,Saskatchewan,1.0,0.000516136304203177,0,0.0
2.0,13500.0,5,2,2,2,Saskatchewan,2.0,0.6883747419909612,1,1.0
2.0,21000.0,5,2,4,2,Prince Edward Island,2.0,0.2829896469747158,0,1.0
1.0,49000.0,5,2,3,1,Newfoundland and Labrador,1.0,0.06844197346331339,0,0.0
1.0,77500.0,5,2,4,1,New Brunswick,1.0,0.008115504487456036,0,0.0
2.0,210000.0,99,1,7,1,Prince Edward Island,1.0,1.6516550304945846e-06,0,0.0
2.0,,5,2,6,1,Saskatchewan,1.0,0.06600920041288062,0,0.0
2.0,7750.0,5,2,4,2,New Brunswick,2.0,0.643678711214919,1,1.0
1.0,145000.0,5,2,7,2,British Columbia,1.0,0.00022351219923725992,0,0.0
2.0,26000.0,5,2,4,2,Ontario,1.0,0.5692596152949436,1,0.0
1.0,67500.0,2,2,4,2,British Columbia,1.0,0.047680800201019606,0,0.0
1.0,260000.0,1,1,7,1,Nova Scotia,1.0,3.5607127008100686e-08,0,0.0
2.0,95000.0,5,2,6,1,Saskatchewan,1.0,0.007107081707827356,0,0.0
1.0,95000.0,2,2,7,2,Ontario,1.0,0.006298213284839404,0,0.0
1.0,52500.0,2,2,2,2,Saskatchewan,1.0,0.07923298990531108,0,0.0
2.0,35000.0,5,2,2,1,British Columbia,1.0,0.44153895591539905,1,0.0
2.0,105000.0,1,2,3,1,Saskatchewan,1.0,0.003324652554901807,0,0.0
1.0,155000.0,1,1,4,1,Newfoundland and Labrador,1.0,4.018614677773235e-05,0,0.0
2.0,97500.0,99,9,5,1,Ontario,1.0,0.02260658863799647,0,0.0
2.0,39000.0,2,2,3,1,Ontario,2.0,0.3343437537673953,1,1.0
1.0,52500.0,2,2,4,2,British Columbia,1.0,0.1259212650876465,0,0.0
2.0,39000.0,2,2,2,2,Alberta,1.0,0.3829166950397442,1,1.0
1.0,26000.0,5,2,2,2,Ontario,1.0,0.44980255229812177,1,0.0
2.0,25000.0,5,2,4,2,Prince Edward Island,1.0,0.22943420855375163,0,0.0
2.0,36000.0,2,2,4,1,Quebec,1.0,0.0829811494478806,0,0.0
2.0,87500.0,99,9,2,1,New Brunswick,1.0,0.01704940460573995,0,0.0
2.0,18000.0,5,2,4,2,British Columbia,2.0,0.7292410319498946,1,1.0
2.0,38000.0,5,2,2,1,Prince Edward Island,1.0,0.10383012082358112,0,0.0
2.0,28000.0,5,2,4,2,Saskatchewan,2.0,0.4461124254090881,1,0.0
1.0,100000.0,1,1,4,1,Ontario,1.0,0.004207056073508543,0,0.0
2.0,37000.0,5,2,2,2,Nova Scotia,2.0,0.28115133514154517,0,0.0
1.0,100000.0,2,2,6,2,Ontario,1.0,0.0044084656616297044,0,0.0
2.0,57500.0,5,2,4,1,Quebec,1.0,0.020086403200104803,0,0.0
1.0,82500.0,2,2,7,1,New Brunswick,1.0,0.005658176613247238,0,0.0
2.0,29000.0,99,9,4,9,Newfoundland and Labrador,1.0,0.5974885274907319,1,1.0
1.0,52500.0,5,2,2,2,Ontario,1.0,0.11218799582466521,0,0.0
1.0,190000.0,2,2,6,1,Ontario,1.0,7.685460325681073e-06,0,0.0
2.0,52500.0,3,2,5,1,British Columbia,3.0,0.18712382275362313,0,1.0
1.0,165000.0,1,1,6,1,Prince Edward Island,1.0,9.215781228064984e-06,0,0.0
2.0,49000.0,3,1,4,1,Newfoundland and Labrador,1.0,0.10285065497913835,0,0.0
2.0,,5,2,99,1,Newfoundland and Labrador,1.0,0.07694919255206302,0,0.0
1.0,44000.0,5,2,1,2,New Brunswick,1.0,0.07948543524546242,0,0.0
2.0,21000.0,5,2,1,2,New Brunswick,1.0,0.41065685648814243,1,0.0
2.0,80000.0,4,1,4,1,Ontario,1.0,0.02764928918156774,0,0.0
1.0,41000.0,2,2,3,1,Nova Scotia,2.0,0.1509762833675273,0,0.0
2.0,26000.0,5,2,6,2,Alberta,1.0,0.6210701081313657,1,0.0
1.0,57500.0,5,2,4,1,Ontario,1.0,0.08140724240012276,0,0.0
2.0,22000.0,5,2,6,2,Nova Scotia,3.0,0.5358168180328806,1,1.0
2.0,47000.0,2,2,3,2,Newfoundland and Labrador,2.0,0.11742204436303554,0,0.0
1.0,30000.0,5,2,1,2,Saskatchewan,1.0,0.30070185819399026,1,0.0
2.0,9000.0,5,2,2,2,New Brunswick,1.0,0.6202451505052278,1,0.0
2.0,90000.0,5,2,6,1,Ontario,1.0,0.014302181424835548,0,0.0
2.0,38000.0,5,2,2,1,Ontario,2.0,0.35558538536760737,1,0.0
1.0,140000.0,2,2,7,2,Prince Edward Island,1.0,5.586360263163008e-05,0,0.0
1.0,115000.0,2,2,3,1,Saskatchewan,1.0,0.0010423333950698931,0,0.0
2.0,97500.0,1,1,7,1,Manitoba,1.0,0.004556249090745276,0,0.0
2.0,160000.0,1,1,3,1,British Columbia,1.0,0.00011337672442796242,0,0.0
2.0,21000.0,5,2,1,2,New Brunswick,2.0,0.41065685648814243,1,0.0
2.0,25000.0,5,2,4,2,Ontario,1.0,0.5864449665028731,1,0.0
1.0,65000.0,2,2,2,1,Saskatchewan,1.0,0.03393630657753846,0,0.0
2.0,26000.0,5,2,1,2,Newfoundland and Labrador,1.0,0.37279257862680926,1,0.0
2.0,57500.0,99,2,4,1,Quebec,1.0,0.049744155500002975,0,0.0
1.0,145000.0,2,2,3,1,British Columbia,1.0,0.0002082897536624831,0,0.0
1.0,87500.0,1,1,6,1,Nova Scotia,1.0,0.006671557236583044,0,0.0
2.0,18500.0,5,2,2,2,Saskatchewan,3.0,0.6083176593831744,1,1.0
2.0,25000.0,5,2,3,2,Quebec,1.0,0.16956678064865618,0,0.0
1.0,165000.0,1,1,6,1,Saskatchewan,1.0,3.0796016266105265e-05,0,0.0
1.0,260000.0,1,2,6,1,Ontario,1.0,5.487817002792262e-08,0,0.0
2.0,41000.0,5,2,6,2,Quebec,1.0,0.06315321755002709,0,0.0
2.0,57500.0,2,2,4,2,New Brunswick,2.0,0.050030305616257285,0,0.0
1.0,100000.0,3,2,6,1,Ontario,1.0,0.004385522820128232,0,0.0
1.0,67500.0,2,2,5,1,Prince Edward Island,1.0,0.008903944257398322,0,0.0
2.0,120000.0,1,2,5,1,Alberta,1.0,0.002044921968814964,0,0.0
2.0,,2,2,2,9,British Columbia,1.0,0.11098760341526392,0,0.0
2.0,,3,2,4,1,Newfoundland and Labrador,1.0,0.042776560441618,0,0.0
2.0,105000.0,5,2,6,1,Alberta,1.0,0.006137140032071226,0,0.0
2.0,24000.0,5,2,1,2,Nova Scotia,2.0,0.492708626216116,1,0.0
1.0,77500.0,2,2,7,2,New Brunswick,1.0,0.008150612343329408,0,0.0
2.0,37000.0,5,2,2,1,Alberta,1.0,0.420294509415361,1,0.0
2.0,23000.0,5,2,2,2,Alberta,3.0,0.6637501514652872,1,1.0
2.0,26000.0,5,2,2,1,Saskatchewan,2.0,0.47417349188800917,1,1.0
2.0,60000.0,2,2,6,1,New Brunswick,1.0,0.04219054134282989,0,0.0
2.0,,99,9,99,9,Manitoba,1.0,0.23786374418259212,0,0.0
2.0,135000.0,1,1,6,1,Quebec,1.0,8.404165320582403e-05,0,0.0
2.0,29000.0,5,2,2,2,Saskatchewan,1.0,0.42566640937247663,1,0.0
1.0,26000.0,5,2,1,2,Nova Scotia,1.0,0.34577230363387695,1,1.0
1.0,45000.0,2,2,2,2,Ontario,1.0,0.17220527874690275,0,0.0
2.0,23000.0,5,2,1,2,Newfoundland and Labrador,1.0,0.4233872731164338,1,0.0
2.0,13000.0,2,2,4,2,New Brunswick,1.0,0.5477400727097232,1,0.0
1.0,115000.0,2,2,7,1,Newfoundland and Labrador,1.0,0.0006987234604032447,0,0.0
2.0,65000.0,3,2,2,2,Ontario,1.0,0.07574228003917316,0,0.0
2.0,31000.0,5,2,2,1,Manitoba,1.0,0.33535017200636646,1,1.0
1.0,57500.0,2,2,99,9,Newfoundland and Labrador,1.0,0.07529595358266623,0,0.0
1.0,160000.0,2,2,7,1,Quebec,1.0,9.279075852511742e-06,0,0.0
1.0,290000.0,2,2,7,2,Ontario,1.0,6.841060296302404e-09,0,0.0
1.0,120000.0,2,2,2,1,Nova Scotia,1.0,0.000675463612985868,0,0.0
2.0,67500.0,1,1,6,1,Ontario,3.0,0.06317321413891734,0,1.0
2.0,135000.0,2,2,6,1,Quebec,1.0,8.565735463395013e-05,0,0.0
2.0,110000.0,99,9,3,1,Alberta,1.0,0.011458327893861059,0,0.0
2.0,110000.0,99,9,2,1,Nova Scotia,2.0,0.006082274566307722,0,0.0
2.0,52500.0,6,2,6,1,Nova Scotia,2.0,0.11808696596864905,0,1.0
1.0,48000.0,5,2,2,2,Newfoundland and Labrador,1.0,0.07367558311278201,0,0.0
1.0,,99,9,2,1,Newfoundland and Labrador,1.0,0.07127113588306118,0,0.0
1.0,260000.0,1,2,6,1,Alberta,1.0,6.719983828638872e-08,0,0.0
1.0,210000.0,4,1,6,1,Alberta,1.0,2.324780825346051e-06,0,0.0
1.0,110000.0,2,2,6,2,Ontario,1.0,0.002184062277962847,0,0.0
1.0,195000.0,1,2,4,1,Saskatchewan,1.0,3.7063965028431967e-06,0,0.0
1.0,140000.0,1,2,2,1,Manitoba,1.0,0.00014032502568652548,0,0.0
2.0,30000.0,5,2,2,2,Saskatchewan,1.0,0.4085382132014409,1,0.0
2.0,110000.0,3,2,4,1,Quebec,1.0,0.0004970253931539365,0,0.0
1.0,135000.0,4,2,2,1,Newfoundland and Labrador,1.0,0.00016881841960335252,0,0.0
2.0,24000.0,5,2,6,2,Saskatchewan,2.0,0.5195261962829172,1,1.0
2.0,,99,9,6,1,Alberta,2.0,0.251291190159102,0,1.0
1.0,155000.0,6,2,6,1,British Columbia,1.0,0.00010922546706858396,0,0.0
2.0,31000.0,3,2,2,2,New Brunswick,1.0,0.25361619911605404,0,1.0
1.0,85000.0,4,2,4,1,Ontario,1.0,0.012481771674378672,0,0.0
2.0,33000.0,5,2,1,2,Manitoba,2.0,0.30658417719990505,1,1.0
1.0,57500.0,5,2,4,1,New Brunswick,1.0,0.03239918007577865,0,0.0
2.0,77500.0,2,2,6,1,Ontario,1.0,0.03285813752110967,0,0.0
1.0,290000.0,4,2,7,1,Ontario,1.0,6.8735184229949506e-09,0,0.0
2.0,45000.0,3,1,4,1,New Brunswick,2.0,0.11131319632273183,0,1.0
2.0,41000.0,2,2,3,2,Quebec,1.0,0.0603164345862431,0,0.0
2.0,155000.0,2,2,6,1,Nova Scotia,1.0,9.397092458514443e-05,0,0.0
1.0,180000.0,1,1,2,1,Alberta,1.0,1.8210342249581757e-05,0,0.0
2.0,24000.0,5,2,3,2,Nova Scotia,1.0,0.495884828839709,1,0.0
2.0,9000.0,5,2,6,2,Manitoba,2.0,0.7123041840860371,1,1.0
2.0,52500.0,1,2,2,1,Nova Scotia,1.0,0.1104692822784095,0,0.0
2.0,55000.0,3,2,5,2,Ontario,1.0,0.1445474535518675,0,0.0
2.0,,1,2,6,1,British Columbia,1.0,0.10092620974964586,0,0.0
2.0,130000.0,2,2,6,2,Ontario,1.0,0.0008529698602686418,0,0.0
1.0,75000.0,1,1,4,1,Newfoundland and Labrador,1.0,0.011147026377499756,0,0.0
1.0,47000.0,2,2,7,2,Quebec,1.0,0.026317229138430463,0,0.0
2.0,92500.0,1,1,4,1,Ontario,2.0,0.01130932106851785,0,0.0
2.0,31000.0,5,2,5,2,Ontario,2.0,0.4832308789239416,1,1.0
2.0,25000.0,5,2,1,2,Newfoundland and Labrador,1.0,0.38940880950792256,1,0.0
2.0,38000.0,5,2,2,2,Saskatchewan,1.0,0.28218091927326727,0,0.0
2.0,47000.0,2,2,4,1,Alberta,2.0,0.2605035928448083,0,0.0
1.0,44000.0,3,1,2,1,New Brunswick,1.0,0.07675760092797693,0,0.0
2.0,26000.0,5,2,1,2,Saskatchewan,1.0,0.47638355639704333,1,0.0
1.0,155000.0,2,2,2,2,Newfoundland and Labrador,1.0,4.1061637622526195e-05,0,0.0
1.0,145000.0,2,2,6,2,Ontario,1.0,0.00018585016896687417,0,0.0
2.0,65000.0,5,2,7,1,Quebec,1.0,0.012166950153151465,0,0.0
2.0,17000.0,5,2,2,2,Newfoundland and Labrador,1.0,0.5300170683235574,1,0.0
2.0,62500.0,2,2,1,2,British Columbia,1.0,0.1003309955294279,0,0.0
1.0,23000.0,5,2,6,2,Alberta,1.0,0.5591889983423592,1,0.0
2.0,160000.0,4,1,6,1,British Columbia,1.0,0.0001190677963079729,0,0.0
1.0,43000.0,5,2,6,2,New Brunswick,2.0,0.0872937222790459,0,0.0
2.0,24000.0,5,2,1,2,Ontario,1.0,0.5988523866544868,1,0.0
2.0,20000.0,5,2,2,2,Alberta,1.0,0.7091837195101793,1,0.0
2.0,62500.0,3,1,3,1,Ontario,1.0,0.08758835015133935,0,1.0
2.0,135000.0,5,2,4,1,Manitoba,1.0,0.0003357102869113317,0,0.0
1.0,145000.0,2,2,6,1,Prince Edward Island,1.0,3.843913524321888e-05,0,0.0
1.0,165000.0,1,1,6,1,Quebec,1.0,6.360337980212484e-06,0,0.0
2.0,39000.0,5,2,4,1,Nova Scotia,1.0,0.25309353595600775,0,0.0
1.0,34000.0,5,2,3,2,Alberta,1.0,0.364423098320871,1,0.0
2.0,22000.0,3,2,99,9,Ontario,3.0,0.7774342675862496,1,1.0
1.0,220000.0,99,9,2,1,Ontario,1.0,2.5375566715387012e-06,0,0.0
2.0,67500.0,5,2,2,1,New Brunswick,1.0,0.025422439468580867,0,0.0
1.0,115000.0,3,2,3,1,Nova Scotia,1.0,0.0009762432124304198,0,0.0
1.0,200000.0,2,2,5,2,Quebec,1.0,5.554324871420253e-07,0,0.0
1.0,55000.0,5,2,5,2,British Columbia,1.0,0.1113148355092203,0,0.0
1.0,92500.0,2,2,1,2,British Columbia,1.0,0.0083686323393188,0,0.0
1.0,97500.0,1,1,4,1,Nova Scotia,1.0,0.0032674048888333427,0,0.0
2.0,18500.0,5,2,4,2,British Columbia,1.0,0.7222292965297524,1,0.0
1.0,140000.0,1,1,6,1,Nova Scotia,1.0,0.00016619035422301085,0,0.0
2.0,18000.0,5,2,2,2,British Columbia,1.0,0.7267248552813388,1,0.0
2.0,23000.0,5,2,6,2,Nova Scotia,2.0,0.5182558543830345,1,1.0
2.0,,3,1,2,9,Newfoundland and Labrador,1.0,0.04706121784829315,0,0.0
2.0,270000.0,1,1,2,1,Alberta,1.0,5.122404811553926e-08,0,0.0
1.0,270000.0,1,2,5,1,Ontario,1.0,2.6955585186706377e-08,0,0.0
2.0,120000.0,1,9,7,1,Saskatchewan,1.0,0.0012655076215414463,0,0.0
1.0,40000.0,2,2,3,2,Newfoundland and Labrador,1.0,0.1201019413203259,0,0.0
1.0,21000.0,5,2,3,2,Alberta,2.0,0.5889740853995955,1,1.0
2.0,24000.0,5,2,1,2,Manitoba,2.0,0.45461953005744654,1,1.0
2.0,62500.0,5,2,4,1,Saskatchewan,1.0,0.06523012574960958,0,0.0
2.0,11500.0,5,2,4,2,Nova Scotia,1.0,0.7048719998080905,1,0.0
1.0,90000.0,2,2,2,1,Nova Scotia,1.0,0.005564766786479766,0,0.0
2.0,85000.0,5,2,6,1,Alberta,1.0,0.024648145925916236,0,0.0
1.0,65000.0,5,2,4,1,Quebec,1.0,0.00751401292959589,0,0.0
2.0,29000.0,5,2,2,1,Quebec,1.0,0.13100545538575895,0,0.0
2.0,,3,9,4,1,Newfoundland and Labrador,1.0,0.04545302641354186,0,0.0
1.0,100000.0,3,2,7,1,Newfoundland and Labrador,1.0,0.002027900253921855,0,0.0
2.0,32000.0,5,2,2,2,Quebec,1.0,0.11024369762034043,0,0.0
2.0,72500.0,5,2,6,1,Saskatchewan,1.0,0.03375645212511385,0,0.0
2.0,24000.0,5,2,2,2,Quebec,1.0,0.17878562255243813,0,0.0
2.0,60000.0,2,2,6,1,Nova Scotia,1.0,0.07050235455582306,0,0.0
1.0,110000.0,2,2,5,1,Ontario,2.0,0.0021375594483455333,0,0.0
2.0,9500.0,5,2,2,2,Alberta,1.0,0.8363371602957702,1,1.0
1.0,175000.0,1,1,7,1,Quebec,1.0,3.1640918299126744e-06,0,0.0
2.0,29000.0,5,2,2,2,British Columbia,1.0,0.5505862620439015,1,0.0
1.0,200000.0,1,1,7,1,Ontario,1.0,3.7511835738960615e-06,0,0.0
1.0,180000.0,2,2,6,2,Newfoundland and Labrador,1.0,7.236165205621766e-06,0,0.0
1.0,250000.0,2,2,6,1,Nova Scotia,1.0,7.295250231633762e-08,0,0.0
2.0,26000.0,5,2,1,2,Alberta,2.0,0.61356594100125,1,1.0
1.0,92500.0,2,2,4,1,Quebec,1.0,0.0010573423904504508,0,0.0
2.0,100000.0,2,2,2,1,Quebec,1.0,0.0009824470381935514,0,0.0
1.0,125000.0,2,2,6,2,Ontario,1.0,0.000760145625129726,0,0.0
1.0,65000.0,5,2,2,1,Saskatchewan,2.0,0.03493111597540652,0,0.0
2.0,60000.0,5,2,6,1,New Brunswick,1.0,0.04341644122009614,0,0.0
2.0,75000.0,3,2,7,1,Ontario,2.0,0.039556115701725805,0,0.0
2.0,27000.0,5,2,1,2,New Brunswick,2.0,0.31345977607448283,1,1.0
2.0,25000.0,5,2,1,2,Prince Edward Island,1.0,0.2260819433294749,0,0.0
2.0,,5,2,6,1,Prince Edward Island,1.0,0.020710996512662214,0,0.0
1.0,55000.0,99,2,2,2,Nova Scotia,1.0,0.14969474516268796,0,0.0
1.0,180000.0,1,1,6,1,New Brunswick,1.0,5.7635411470836354e-06,0,0.0
2.0,37000.0,2,2,5,2,British Columbia,1.0,0.4081832313759934,1,0.0
2.0,23000.0,5,2,2,2,Saskatchewan,2.0,0.5307582881331662,1,1.0
1.0,,3,9,4,1,New Brunswick,1.0,0.02399945704204342,0,0.0
2.0,,3,2,6,9,Nova Scotia,1.0,0.06764467623531167,0,0.0
1.0,200000.0,1,1,6,1,Quebec,1.0,5.401468176752596e-07,0,0.0
2.0,38000.0,5,2,2,1,Alberta,2.0,0.40323070989331605,1,0.0
1.0,110000.0,3,1,7,1,Nova Scotia,1.0,0.0014107909318779427,0,0.0
2.0,45000.0,2,2,2,2,Alberta,2.0,0.28906494255119314,0,1.0
1.0,55000.0,2,2,2,2,Alberta,1.0,0.1118388073915087,0,0.0
2.0,45000.0,5,2,4,2,British Columbia,2.0,0.2866789172014058,0,1.0
2.0,230000.0,2,2,7,1,Alberta,1.0,9.026241660350071e-07,0,0.0
2.0,26000.0,5,2,1,2,Saskatchewan,2.0,0.47638355639704333,1,1.0
2.0,20000.0,5,2,1,2,British Columbia,3.0,0.6965243051197632,1,1.0
2.0,35000.0,5,2,2,2,Quebec,2.0,0.09115395454651412,0,0.0
2.0,27000.0,5,2,2,2,British Columbia,1.0,0.5851506981466139,1,1.0
1.0,120000.0,3,1,6,1,Newfoundland and Labrador,1.0,0.000488691013493057,0,0.0
1.0,60000.0,5,2,4,2,Ontario,1.0,0.07015528678755345,0,0.0
1.0,135000.0,1,2,6,1,Alberta,1.0,0.00044881706998717665,0,0.0
1.0,170000.0,1,2,6,1,Nova Scotia,1.0,2.0259705773603097e-05,0,0.0
1.0,,1,9,6,1,Saskatchewan,1.0,0.04336897080480421,0,0.0
1.0,125000.0,2,2,4,2,Ontario,1.0,0.0007505551390991897,0,0.0
1.0,160000.0,2,2,4,1,Alberta,1.0,7.692457711595218e-05,0,0.0
1.0,260000.0,4,2,7,1,Ontario,1.0,5.6905485963458153e-08,0,0.0
1.0,60000.0,2,2,6,1,Nova Scotia,1.0,0.0453648695025451,0,0.0
1.0,90000.0,2,2,99,9,Nova Scotia,1.0,0.011569650889035728,0,0.0
1.0,575000.0,2,2,5,1,Nova Scotia,1.0,8.232869960721601e-18,0,0.0
2.0,9500.0,5,2,99,2,Manitoba,2.0,0.8118727887799627,1,1.0
1.0,120000.0,1,2,7,1,Alberta,1.0,0.0012985142982288123,0,0.0
2.0,70000.0,5,2,2,1,Alberta,1.0,0.06619567584730743,0,0.0
2.0,87500.0,99,9,3,1,Quebec,1.0,0.006650317714615351,0,0.0
2.0,25000.0,5,2,1,2,Prince Edward Island,1.0,0.2260819433294749,0,0.0
2.0,22000.0,5,2,1,2,Nova Scotia,2.0,0.5279076689754427,1,1.0
1.0,120000.0,1,1,3,1,British Columbia,1.0,0.0011883665218622972,0,0.0
2.0,17500.0,5,2,1,2,Ontario,1.0,0.7023800690283254,1,0.0
1.0,220000.0,2,2,7,1,British Columbia,1.0,1.0835700500673477e-06,0,0.0
1.0,190000.0,2,2,6,1,Alberta,1.0,9.411042786940917e-06,0,0.0
1.0,210000.0,3,2,6,1,Ontario,1.0,1.8967967872987753e-06,0,0.0
2.0,52500.0,5,2,6,2,Manitoba,1.0,0.10355942324048936,0,0.0
1.0,60000.0,6,2,1,2,Quebec,2.0,0.010718289415654897,0,0.0
1.0,950000.0,5,2,7,1,Prince Edward Island,1.0,9.294245041033049e-30,0,0.0
2.0,15500.0,5,2,2,2,British Columbia,3.0,0.7602793728395834,1,1.0
1.0,16500.0,5,2,4,2,Ontario,3.0,0.6178851332835881,1,1.0
2.0,31000.0,5,2,2,2,Ontario,1.0,0.478472963401698,1,0.0
2.0,48000.0,5,2,4,1,Prince Edward Island,1.0,0.054824198427177305,0,0.0
2.0,27000.0,5,2,1,2,Manitoba,2.0,0.4029004458986487,1,1.0
2.0,42000.0,5,2,3,2,Saskatchewan,2.0,0.22985243167338165,0,0.0
1.0,85000.0,5,2,1,1,Alberta,1.0,0.015105793296789667,0,0.0
1.0,52500.0,1,1,2,1,Quebec,2.0,0.016883316259745314,0,0.0
2.0,105000.0,5,2,3,1,Ontario,1.0,0.004923228565052692,0,0.0
2.0,55000.0,3,2,4,9,British Columbia,1.0,0.17805471316102034,0,0.0
2.0,26000.0,5,2,1,2,Quebec,1.0,0.1581757673700694,0,0.0
2.0,45000.0,3,1,2,1,Newfoundland and Labrador,1.0,0.13046857215164914,0,0.0
2.0,52500.0,2,2,5,2,Ontario,2.0,0.1663313574020207,0,0.0
1.0,330000.0,4,2,5,1,Ontario,1.0,4.0522291400166707e-10,0,0.0
2.0,97500.0,2,2,4,1,Ontario,2.0,0.008130282849414914,0,0.0
2.0,52500.0,5,2,2,2,Ontario,2.0,0.16784315690193638,0,0.0
2.0,42000.0,2,2,5,1,Prince Edward Island,2.0,0.07958011286297713,0,0.0
1.0,57500.0,5,2,3,1,Alberta,1.0,0.09733642149686184,0,0.0
1.0,120000.0,2,2,4,1,Ontario,1.0,0.001051090073185834,0,0.0
1.0,26000.0,5,2,2,2,Prince Edward Island,1.0,0.14650683492673736,0,0.0
1.0,72500.0,5,2,3,1,Saskatchewan,1.0,0.021022875095384815,0,0.0
1.0,380000.0,1,1,7,1,Newfoundland and Labrador,1.0,5.3402112665315586e-12,0,0.0
1.0,97500.0,3,2,5,1,Manitoba,1.0,0.0029062824909884804,0,0.0
1.0,130000.0,2,2,4,2,Newfoundland and Labrador,1.0,0.00024201738249713187,0,0.0
1.0,38000.0,2,2,7,1,Newfoundland and Labrador,1.0,0.137009553588613,0,0.0
1.0,55000.0,2,2,4,2,Prince Edward Island,1.0,0.02139982737275413,0,0.0
2.0,11000.0,5,2,2,2,Quebec,1.0,0.3523664637333238,1,0.0
1.0,43000.0,1,1,6,1,Quebec,2.0,0.03325770240379193,0,0.0
2.0,22000.0,5,2,2,2,Saskatchewan,2.0,0.5482607576424804,1,1.0
2.0,52500.0,2,2,5,2,Ontario,1.0,0.1663313574020207,0,0.0
1.0,35000.0,5,2,2,2,British Columbia,1.0,0.3346347596448939,1,0.0
2.0,52500.0,5,2,6,1,Alberta,1.0,0.19968920801278534,0,0.0
2.0,27000.0,5,2,1,2,Quebec,1.0,0.1490182925732184,0,0.0
2.0,145000.0,2,2,4,1,Alberta,1.0,0.00035318781693416407,0,0.0
1.0,95000.0,1,2,5,1,Quebec,1.0,0.0008835287524773642,0,0.0
2.0,47000.0,99,9,2,9,Newfoundland and Labrador,2.0,0.2919515969181157,0,0.0
1.0,87500.0,2,2,2,1,Manitoba,1.0,0.005695131689740278,0,0.0
2.0,92500.0,3,1,5,1,Nova Scotia,1.0,0.007582464372893263,0,0.0
1.0,19000.0,5,2,6,2,Ontario,2.0,0.578628271362683,1,1.0
2.0,18500.0,5,2,2,2,Nova Scotia,3.0,0.59017774966186,1,1.0
2.0,29000.0,5,2,2,2,Quebec,1.0,0.13274734455529572,0,0.0
2.0,29000.0,5,2,1,2,Saskatchewan,1.0,0.4241139392450377,1,1.0
2.0,44000.0,5,2,3,1,Nova Scotia,1.0,0.19141839365793878,0,0.0
2.0,24000.0,5,2,1,2,Quebec,1.0,0.17785473235303173,0,0.0
1.0,39000.0,5,2,1,2,Prince Edward Island,1.0,0.06389047659879149,0,0.0
1.0,100000.0,2,2,6,2,Alberta,1.0,0.005392950236054024,0,0.0
2.0,87500.0,4,1,2,1,Ontario,1.0,0.0162824341807272,0,0.0
2.0,30000.0,5,2,2,2,Manitoba,2.0,0.3547069331142085,1,1.0
1.0,195000.0,99,9,4,1,Nova Scotia,1.0,9.732565198836752e-06,0,0.0
2.0,47000.0,5,2,2,2,Quebec,1.0,0.04128430764837926,0,0.0
2.0,26000.0,5,2,1,2,Nova Scotia,2.0,0.457581721183854,1,1.0
1.0,65000.0,2,2,1,2,Ontario,1.0,0.04808181747921398,0,0.0
1.0,20000.0,5,2,1,2,Quebec,1.0,0.15229487043720327,0,0.0
2.0,32000.0,5,2,4,1,Ontario,2.0,0.4603019117607471,1,0.0
1.0,165000.0,2,2,7,2,Quebec,1.0,6.623963155732984e-06,0,0.0
2.0,31000.0,5,2,2,2,Ontario,2.0,0.478472963401698,1,1.0
2.0,33000.0,5,2,2,1,Saskatchewan,2.0,0.3551223157678282,1,0.0
1.0,41000.0,5,2,6,2,British Columbia,2.0,0.2526314783127018,0,1.0
2.0,85000.0,2,2,3,2,Ontario,1.0,0.01956183226945274,0,0.0
1.0,165000.0,1,1,7,1,Alberta,1.0,5.408613771116589e-05,0,0.0
2.0,,5,2,2,2,New Brunswick,1.0,0.03630320312484692,0,0.0
2.0,65000.0,5,2,7,1,British Columbia,2.0,0.08973555982332655,0,0.0
1.0,195000.0,1,1,7,1,Newfoundland and Labrador,1.0,2.4457021341344835e-06,0,0.0
2.0,27000.0,5,2,1,2,Quebec,1.0,0.1490182925732184,0,0.0
2.0,18500.0,5,2,2,2,Ontario,3.0,0.6888082089354147,1,1.0
1.0,41000.0,5,2,2,2,Ontario,1.0,0.22126213852278845,0,0.0
2.0,20000.0,5,2,3,2,Quebec,1.0,0.2250606698073205,0,0.0
1.0,27000.0,5,2,3,2,New Brunswick,1.0,0.22463094650655713,0,0.0
2.0,25000.0,5,2,3,2,Saskatchewan,2.0,0.49715692513232485,1,1.0
2.0,85000.0,1,1,6,1,New Brunswick,1.0,0.007370099352893494,0,0.0
2.0,35000.0,5,2,4,1,Ontario,1.0,0.40842048696263744,1,0.0
2.0,44000.0,5,2,7,2,New Brunswick,1.0,0.12524780003550706,0,0.0
2.0,23000.0,5,2,2,2,British Columbia,2.0,0.6515326221460543,1,1.0
1.0,95000.0,2,2,4,1,Manitoba,1.0,0.0034082081627103034,0,0.0
2.0,16500.0,5,2,1,2,Quebec,1.0,0.26844603642807746,0,0.0
2.0,220000.0,4,1,4,1,British Columbia,1.0,1.7154450235048974e-06,0,0.0
1.0,175000.0,2,2,2,1,Manitoba,1.0,1.203792759531572e-05,0,0.0
2.0,,99,9,6,9,Manitoba,1.0,0.1473824853348491,0,0.0
2.0,125000.0,3,1,5,1,Saskatchewan,1.0,0.0008338536143974743,0,0.0
1.0,47000.0,5,2,2,2,Quebec,1.0,0.026270033794196138,0,0.0
2.0,105000.0,2,2,2,1,Alberta,1.0,0.005808680285775273,0,0.0
2.0,23000.0,3,2,1,2,Ontario,1.0,0.6109231465081798,1,0.0
2.0,160000.0,6,2,6,2,Ontario,1.0,0.00010730247386202961,0,0.0
1.0,45000.0,2,2,2,1,Alberta,3.0,0.20056963606545938,0,1.0
2.0,27000.0,5,2,2,2,Quebec,1.0,0.14982575814504215,0,0.0
2.0,34000.0,5,2,1,2,Quebec,1.0,0.09660565431412384,0,0.0
1.0,105000.0,1,1,3,1,Alberta,1.0,0.0036012726831822295,0,1.0
1.0,140000.0,1,1,6,1,Quebec,1.0,3.702082498264541e-05,0,0.0
2.0,23000.0,5,2,2,2,Alberta,1.0,0.6637501514652872,1,0.0
2.0,13000.0,5,2,3,2,Quebec,3.0,0.32230164166658815,1,1.0
1.0,75000.0,2,2,2,1,Manitoba,1.0,0.01363055138432588,0,0.0
1.0,85000.0,2,2,4,1,Quebec,1.0,0.001792213739594375,0,0.0
2.0,27000.0,3,1,4,2,New Brunswick,1.0,0.31132063120072606,1,0.0
1.0,36000.0,2,2,1,2,New Brunswick,1.0,0.128350301047446,0,0.0
1.0,55000.0,3,1,2,2,Manitoba,1.0,0.05434866487272131,0,0.0
1.0,62500.0,5,2,6,1,Quebec,1.0,0.009061716036517873,0,0.0
2.0,29000.0,3,1,4,2,Ontario,1.0,0.5096090741576814,1,0.0
2.0,92500.0,6,2,6,1,Ontario,1.0,0.01213914558583576,0,0.0
2.0,62500.0,5,2,5,1,Ontario,1.0,0.09098075151036547,0,0.0
1.0,170000.0,1,1,2,1,Alberta,1.0,3.683848009621355e-05,0,0.0
1.0,60000.0,6,2,2,2,British Columbia,2.0,0.080265001498085,0,1.0
2.0,62500.0,1,1,2,1,Ontario,1.0,0.08550907088391747,0,0.0
2.0,72500.0,1,1,7,2,Quebec,1.0,0.006971207658609719,0,0.0
1.0,82500.0,2,2,4,2,Alberta,1.0,0.018039968511823986,0,0.0
2.0,82500.0,1,2,3,2,Quebec,1.0,0.0034023314803986607,0,0.0
2.0,10000.0,5,2,99,9,Ontario,1.0,0.8924688904871432,1,1.0
2.0,34000.0,5,2,4,2,Newfoundland and Labrador,2.0,0.25638315548242024,0,0.0
2.0,,1,1,4,1,Saskatchewan,2.0,0.0623071661157376,0,1.0
2.0,57500.0,5,2,4,1,Quebec,1.0,0.020086403200104803,0,0.0
1.0,140000.0,1,2,7,1,Ontario,1.0,0.00025938591632516277,0,0.0
2.0,49000.0,5,2,7,2,New Brunswick,2.0,0.0914603971288573,0,0.0
2.0,155000.0,4,1,7,1,Quebec,1.0,2.1295752146989895e-05,0,0.0
2.0,44000.0,1,2,2,1,Alberta,1.0,0.29845581285041356,0,1.0
2.0,22000.0,5,2,2,2,Newfoundland and Labrador,1.0,0.4422407217560421,1,0.0
1.0,85000.0,3,1,2,1,Quebec,1.0,0.0017712234445777847,0,0.0
2.0,72500.0,1,1,4,1,Nova Scotia,1.0,0.029556092670221246,0,0.0
1.0,165000.0,1,1,2,1,Saskatchewan,1.0,3.0023280560662522e-05,0,0.0
1.0,105000.0,3,2,6,1,Alberta,2.0,0.003777975009158906,0,0.0
2.0,92500.0,5,2,3,1,Manitoba,1.0,0.006621111149767786,0,0.0
2.0,,99,2,2,9,Prince Edward Island,1.0,0.05613251683684131,0,0.0
1.0,72500.0,2,2,4,2,Saskatchewan,1.0,0.020851619815656728,0,0.0
2.0,19000.0,5,2,3,2,Ontario,3.0,0.6825852427069468,1,1.0
2.0,125000.0,6,2,4,1,Ontario,1.0,0.0012273477811883505,0,0.0
2.0,28000.0,5,2,4,1,Alberta,2.0,0.5806048108435408,1,1.0
1.0,87500.0,3,2,6,1,British Columbia,1.0,0.012175856769018533,0,0.0
1.0,52500.0,5,2,2,1,Ontario,1.0,0.11068145340105555,0,0.0
2.0,,99,9,2,1,Alberta,1.0,0.2465401703075048,0,0.0
2.0,27000.0,5,2,2,2,British Columbia,2.0,0.5851506981466139,1,0.0
2.0,24000.0,5,2,1,2,British Columbia,2.0,0.6338971486217,1,1.0
2.0,22000.0,5,2,2,2,Nova Scotia,2.0,0.5294907481184928,1,1.0
1.0,135000.0,4,1,6,1,British Columbia,1.0,0.0004340738398587965,0,0.0
1.0,125000.0,3,1,6,1,Ontario,1.0,0.0007493529152103144,0,0.0
1.0,100000.0,2,2,6,2,Ontario,1.0,0.0044084656616297044,0,0.0
2.0,97500.0,1,1,6,1,British Columbia,1.0,0.009358692219516643,0,0.0
2.0,67500.0,5,2,4,1,Ontario,1.0,0.06535349261463945,0,0.0
1.0,52500.0,2,2,4,1,Ontario,2.0,0.10899815330996315,0,1.0
1.0,155000.0,2,2,4,1,British Columbia,1.0,0.0001036288942588497,0,0.0
2.0,57500.0,5,2,7,2,Ontario,3.0,0.12769320237021625,0,0.0
2.0,32000.0,5,2,6,2,Alberta,2.0,0.5178298438042134,1,1.0
2.0,33000.0,2,2,2,2,Nova Scotia,1.0,0.33473375466836724,1,0.0
2.0,22000.0,5,2,2,1,Ontario,2.0,0.6301215046176527,1,1.0
2.0,57500.0,3,2,5,2,Ontario,1.0,0.12409983611938724,0,1.0
2.0,110000.0,1,2,4,1,Quebec,1.0,0.000487213468187679,0,0.0
1.0,60000.0,3,1,5,1,Newfoundland and Labrador,2.0,0.0322263676524952,0,0.0
1.0,420000.0,5,2,6,1,Quebec,1.0,1.0518675966483009e-13,0,0.0
1.0,,5,2,2,2,Saskatchewan,1.0,0.04198852816363366,0,0.0
1.0,27000.0,5,2,1,2,Newfoundland and Labrador,1.0,0.25763343810482225,0,0.0
2.0,21000.0,5,2,2,2,Newfoundland and Labrador,1.0,0.45968373448357763,1,0.0
2.0,38000.0,5,2,4,2,Ontario,2.0,0.36200897074279226,1,0.0
2.0,32000.0,5,2,3,1,Quebec,1.0,0.10937742780673651,0,0.0
1.0,165000.0,4,1,4,1,Saskatchewan,1.0,3.133078497917863e-05,0,0.0
2.0,70000.0,3,1,6,1,Alberta,1.0,0.06597315862452788,0,0.0
1.0,67500.0,2,2,1,1,Newfoundland and Labrador,1.0,0.01876240358197844,0,0.0
2.0,57500.0,5,2,2,2,Ontario,2.0,0.12419648172214247,0,0.0
1.0,80000.0,2,2,6,2,Nova Scotia,1.0,0.011652428707505567,0,0.0
1.0,82500.0,5,2,7,2,Ontario,1.0,0.01551160844105431,0,0.0
1.0,130000.0,2,2,7,1,Alberta,1.0,0.000648737940219413,0,0.0
1.0,170000.0,1,1,4,1,Ontario,1.0,3.0468720944906246e-05,0,0.0
1.0,160000.0,2,2,4,1,Manitoba,1.0,3.507903310212688e-05,0,0.0
2.0,70000.0,2,2,4,2,Nova Scotia,2.0,0.03622664090134095,0,0.0
1.0,57500.0,2,2,4,2,Alberta,1.0,0.09660485049958707,0,0.0
1.0,250000.0,1,2,7,1,Saskatchewan,1.0,7.839289988153703e-08,0,0.0
2.0,130000.0,2,2,6,1,Alberta,1.0,0.0010285327083945424,0,0.0
2.0,50000.0,2,2,6,1,Alberta,1.0,0.22408494813868107,0,0.0
2.0,60000.0,6,2,3,1,Quebec,1.0,0.01695748212938669,0,0.0
1.0,160000.0,2,2,4,1,Ontario,1.0,6.282067965981505e-05,0,0.0
2.0,11500.0,5,2,4,2,Nova Scotia,3.0,0.7048719998080905,1,1.0
1.0,270000.0,2,2,7,1,Prince Edward Island,1.0,5.789664685063116e-09,0,0.0
2.0,46000.0,5,2,4,1,Ontario,1.0,0.24130687170101595,0,0.0
2.0,44000.0,3,1,3,2,Quebec,1.0,0.04943463088695077,0,1.0
2.0,37000.0,3,1,4,1,Newfoundland and Labrador,1.0,0.21074209020855955,0,0.0
1.0,65000.0,99,2,3,9,Newfoundland and Labrador,1.0,0.0642309984472428,0,0.0
1.0,145000.0,3,2,4,1,Quebec,1.0,2.645690406519813e-05,0,0.0
2.0,60000.0,5,2,6,2,Saskatchewan,1.0,0.07883266317742449,0,0.0
2.0,35000.0,5,2,6,2,Prince Edward Island,2.0,0.12972706794591252,0,0.0
2.0,80000.0,3,2,4,1,New Brunswick,1.0,0.010620111952634369,0,0.0
1.0,165000.0,2,2,4,1,British Columbia,1.0,5.1228535118462255e-05,0,0.0
2.0,22000.0,5,2,1,2,Ontario,2.0,0.6321845494787132,1,1.0
2.0,25000.0,5,2,1,2,Newfoundland and Labrador,2.0,0.38940880950792256,1,1.0
1.0,100000.0,2,2,7,2,Saskatchewan,1.0,0.0031169934785766082,0,0.0
1.0,95000.0,1,1,4,1,Alberta,1.0,0.007304487827301173,0,0.0
2.0,37000.0,5,2,3,2,Nova Scotia,1.0,0.28243714451706525,0,0.0
2.0,33000.0,5,2,7,2,British Columbia,1.0,0.4882464709526004,1,0.0
1.0,38000.0,2,2,6,2,Quebec,1.0,0.04819521210555977,0,0.0
2.0,72500.0,5,2,1,2,Alberta,1.0,0.05657590042714254,0,0.0
2.0,30000.0,5,2,4,2,Ontario,1.0,0.49925057190300637,1,0.0
1.0,160000.0,2,2,1,1,Saskatchewan,1.0,4.324738316083092e-05,0,0.0
1.0,80000.0,3,1,4,1,Alberta,1.0,0.021141924786382337,0,0.0
2.0,25000.0,5,2,2,2,Quebec,1.0,0.16867403153560903,0,0.0
1.0,185000.0,2,2,4,1,New Brunswick,1.0,4.077995049667948e-06,0,0.0
1.0,220000.0,2,2,6,1,Newfoundland and Labrador,1.0,4.255364982420959e-07,0,0.0
2.0,32000.0,5,2,7,1,Quebec,1.0,0.11187769655600054,0,0.0
2.0,12500.0,5,2,2,2,Nova Scotia,2.0,0.6872821088186704,1,1.0
1.0,87500.0,3,2,2,1,Ontario,1.0,0.010254315251533402,0,0.0
1.0,120000.0,3,2,4,1,Prince Edward Island,1.0,0.0002230930447680723,0,0.0
2.0,165000.0,6,2,6,1,British Columbia,1.0,8.618174973367065e-05,0,0.0
1.0,125000.0,5,2,2,1,British Columbia,1.0,0.0008721656038903493,0,0.0
2.0,28000.0,2,2,2,2,Newfoundland and Labrador,2.0,0.3352044037585551,1,1.0
1.0,100000.0,1,2,6,1,British Columbia,1.0,0.004983072437257618,0,0.0
2.0,22000.0,5,2,2,2,British Columbia,2.0,0.6673536137957071,1,1.0
2.0,45000.0,2,2,2,2,Ontario,2.0,0.2492745841324191,0,1.0
1.0,210000.0,3,1,2,1,British Columbia,1.0,2.1254216240903243e-06,0,0.0
2.0,24000.0,5,2,1,2,Quebec,1.0,0.17785473235303173,0,0.0
2.0,38000.0,3,1,1,1,Quebec,1.0,0.07165208721080181,0,1.0
1.0,30000.0,5,2,2,2,Saskatchewan,1.0,0.3020395111033022,1,0.0
2.0,210000.0,1,2,4,1,Ontario,1.0,2.9302961120787635e-06,0,0.0
2.0,24000.0,5,2,2,2,British Columbia,2.0,0.6353702998323351,1,1.0
2.0,46000.0,5,2,2,1,Ontario,2.0,0.23898824434183133,0,0.0
1.0,110000.0,2,2,6,1,Saskatchewan,1.0,0.0015103462736458953,0,0.0
1.0,115000.0,1,2,3,1,Quebec,1.0,0.00021330949246138432,0,0.0
2.0,13000.0,5,2,2,2,Nova Scotia,3.0,0.679661095707016,1,1.0
2.0,70000.0,2,2,1,2,Nova Scotia,1.0,0.035567033782890216,0,0.0
1.0,110000.0,1,1,4,1,New Brunswick,1.0,0.0007884475029808722,0,0.0
2.0,23000.0,5,2,4,2,Quebec,1.0,0.19132353092366666,0,0.0
1.0,47000.0,2,2,6,2,British Columbia,1.0,0.17692919905023632,0,0.0
2.0,125000.0,5,2,3,1,New Brunswick,1.0,0.00045657220812506984,0,0.0
2.0,60000.0,5,2,4,2,Quebec,1.0,0.017151842179179193,0,0.0
2.0,,2,2,4,2,New Brunswick,1.0,0.03570566908816637,0,0.0
2.0,26000.0,5,2,4,2,Saskatchewan,1.0,0.4811398629453672,1,0.0
1.0,410000.0,2,2,4,2,Quebec,1.0,2.0703650898546382e-13,0,0.0
1.0,67500.0,2,2,4,2,Quebec,1.0,0.0062166140298575085,0,0.0
2.0,155000.0,1,1,6,1,Alberta,1.0,0.00017351605796630062,0,0.0
2.0,87500.0,5,2,7,1,Nova Scotia,1.0,0.011203140598635862,0,0.0
2.0,23000.0,5,2,6,1,Ontario,3.0,0.6195630304349503,1,0.0
1.0,145000.0,1,1,6,1,Alberta,1.0,0.00021990653394980244,0,0.0
2.0,75000.0,5,2,5,1,Quebec,1.0,0.005975649943770934,0,0.0
2.0,95000.0,5,2,2,1,New Brunswick,1.0,0.003743646067351874,0,0.0
2.0,39000.0,3,1,4,2,Quebec,1.0,0.06928230146206625,0,0.0
1.0,175000.0,2,2,7,1,Saskatchewan,1.0,1.5614907050118388e-05,0,0.0
1.0,92500.0,6,2,2,1,Alberta,1.0,0.009107053505728236,0,0.0
2.0,23000.0,3,2,2,2,Ontario,2.0,0.612432221187945,1,1.0
1.0,210000.0,1,1,3,1,Ontario,1.0,1.8077598850707642e-06,0,0.0
2.0,36000.0,5,2,5,2,British Columbia,1.0,0.4326368570925876,1,0.0
2.0,41000.0,5,2,1,2,Quebec,3.0,0.06129964778484807,0,0.0
2.0,30000.0,5,2,4,2,Manitoba,2.0,0.3576206644582746,1,1.0
2.0,85000.0,2,2,6,2,British Columbia,1.0,0.02304317694654256,0,0.0
2.0,160000.0,5,2,6,2,Alberta,1.0,0.00013008783097518233,0,0.0
1.0,130000.0,1,1,6,1,Alberta,1.0,0.0006324794328191179,0,0.0
1.0,575000.0,1,1,5,1,Ontario,1.0,1.2415475768556081e-17,0,0.0
2.0,,5,2,1,2,New Brunswick,1.0,0.036081586402307984,0,0.0
1.0,55000.0,5,2,2,2,Manitoba,1.0,0.055859496820641535,0,0.0
1.0,87500.0,99,9,4,9,Newfoundland and Labrador,1.0,0.014856832324224026,0,0.0
1.0,120000.0,3,1,5,1,Alberta,1.0,0.0012961461112546138,0,0.0
1.0,175000.0,2,2,6,1,Newfoundland and Labrador,1.0,1.0136667093210825e-05,0,0.0
1.0,92500.0,1,1,7,1,British Columbia,1.0,0.008400727223025494,0,0.0
1.0,60000.0,5,2,4,1,Ontario,2.0,0.06916921446465034,0,0.0
1.0,52500.0,5,2,4,1,Quebec,1.0,0.01793808309663499,0,0.0
2.0,30000.0,5,2,2,2,Nova Scotia,2.0,0.39041754074494883,1,1.0
1.0,100000.0,1,1,2,1,New Brunswick,1.0,0.0015736374961261557,0,0.0
1.0,140000.0,1,1,6,1,Quebec,1.0,3.702082498264541e-05,0,0.0
1.0,130000.0,1,1,6,1,Quebec,2.0,7.488956898641665e-05,0,0.0
2.0,28000.0,5,2,1,2,Quebec,2.0,0.14030262330308005,0,0.0
1.0,77500.0,2,2,3,1,Quebec,1.0,0.00301710994159703,0,0.0
2.0,87500.0,5,2,6,1,Quebec,1.0,0.002501324451686615,0,0.0
2.0,55000.0,5,2,2,1,Saskatchewan,1.0,0.10464406968862584,0,0.0
2.0,24000.0,5,2,4,2,Ontario,2.0,0.6034223299450114,1,1.0
2.0,23000.0,5,2,1,2,Alberta,1.0,0.662330723077472,1,0.0
2.0,67500.0,99,2,3,2,Newfoundland and Labrador,1.0,0.07628417340694071,0,0.0
1.0,82500.0,6,2,2,1,New Brunswick,1.0,0.005704106632090778,0,0.0
2.0,17500.0,5,2,5,2,Alberta,3.0,0.7477457717797577,1,1.0
1.0,130000.0,1,1,4,1,British Columbia,1.0,0.0005915307679720787,0,0.0
2.0,26000.0,5,2,2,2,Alberta,2.0,0.6150712238430434,1,1.0
2.0,90000.0,3,1,2,1,Alberta,1.0,0.01654783038187513,0,0.0
2.0,20000.0,5,2,4,2,Quebec,2.0,0.22617066547700415,0,1.0
1.0,120000.0,2,2,5,2,Newfoundland and Labrador,1.0,0.0004925933724601565,0,0.0
1.0,77500.0,2,2,4,1,New Brunswick,1.0,0.007878147404652262,0,0.0
2.0,44000.0,3,2,2,2,Quebec,1.0,0.04956244341501063,0,0.0
1.0,,5,2,7,1,Newfoundland and Labrador,1.0,0.028287739842189248,0,0.0
2.0,31000.0,5,2,5,2,Manitoba,3.0,0.3430323315574765,1,0.0
1.0,,99,9,4,1,New Brunswick,1.0,0.06020533910140753,0,0.0
2.0,23000.0,5,2,1,2,Ontario,1.0,0.6156542183305252,1,1.0
2.0,50000.0,5,2,2,1,Saskatchewan,1.0,0.1425377105753575,0,0.0
2.0,28000.0,2,2,2,2,Ontario,3.0,0.5238038158808824,1,1.0
1.0,230000.0,1,1,4,1,British Columbia,1.0,5.156051331500494e-07,0,0.0
1.0,115000.0,5,2,7,1,British Columbia,1.0,0.0018195941732049212,0,0.0
2.0,22000.0,5,2,1,2,New Brunswick,1.0,0.39371859295334183,1,0.0
1.0,350000.0,1,1,7,1,Ontario,1.0,9.644831865055726e-11,0,0.0
1.0,55000.0,2,2,5,1,Saskatchewan,3.0,0.06753959433061077,0,0.0
2.0,102500.0,6,2,7,1,Alberta,1.0,0.007430013317247095,0,0.0
1.0,240000.0,2,2,7,1,Ontario,1.0,2.2828316112974907e-07,0,0.0
2.0,23000.0,5,2,1,2,Quebec,1.0,0.18839196309544642,0,0.0
1.0,57500.0,5,2,5,1,New Brunswick,1.0,0.032598944002019875,0,0.0
2.0,80000.0,3,1,3,1,Quebec,1.0,0.004037516827808207,0,0.0
1.0,82500.0,1,1,6,1,New Brunswick,1.0,0.005517065902677936,0,0.0
2.0,65000.0,3,2,2,1,Nova Scotia,1.0,0.049891628051446354,0,0.0
2.0,25000.0,5,2,4,2,New Brunswick,1.0,0.34886780183325317,1,0.0
1.0,,99,9,99,9,Nova Scotia,1.0,0.185553551211976,0,0.0
1.0,92500.0,5,2,5,1,New Brunswick,1.0,0.0028535469567712575,0,0.0
1.0,27000.0,2,2,3,1,Alberta,1.0,0.47298750961385655,1,0.0
2.0,28000.0,5,2,1,2,Quebec,1.0,0.14030262330308005,0,1.0
1.0,145000.0,2,2,2,2,British Columbia,1.0,0.0002101434177444284,0,0.0
1.0,120000.0,1,1,7,1,British Columbia,1.0,0.0012189162202667421,0,0.0
2.0,80000.0,1,1,7,1,Ontario,1.0,0.027358730567572365,0,0.0
1.0,190000.0,1,1,4,1,Alberta,1.0,9.116932456316979e-06,0,0.0
2.0,21000.0,5,2,2,2,New Brunswick,1.0,0.4121953249673296,1,0.0
2.0,27000.0,5,2,1,2,British Columbia,2.0,0.5836076204076521,1,1.0
1.0,57500.0,5,2,2,2,British Columbia,1.0,0.0934192042950209,0,0.0
2.0,175000.0,99,9,2,1,Saskatchewan,1.0,6.769387301859228e-05,0,0.0
2.0,49000.0,5,2,4,2,New Brunswick,1.0,0.08988890317952959,0,0.0
1.0,170000.0,2,2,6,2,Ontario,1.0,3.1933799798893544e-05,0,0.0
1.0,150000.0,1,1,6,1,British Columbia,1.0,0.00014645550419430244,0,0.0
2.0,,6,2,7,1,Alberta,1.0,0.11140371861825653,0,0.0
1.0,270000.0,4,1,6,1,Manitoba,1.0,1.5466684477643905e-08,0,0.0
1.0,95000.0,1,2,6,2,British Columbia,1.0,0.0071802711637924,0,0.0
2.0,14500.0,5,2,1,2,Manitoba,3.0,0.6194750101010734,1,1.0
2.0,11000.0,5,2,2,2,Newfoundland and Labrador,3.0,0.632499783009998,1,1.0
2.0,75000.0,2,2,6,1,Ontario,1.0,0.03894045129359737,0,0.0
2.0,34000.0,99,9,99,2,Prince Edward Island,1.0,0.4400418330963641,1,0.0
2.0,9500.0,5,2,3,2,Nova Scotia,3.0,0.7320734922681154,1,1.0
2.0,47000.0,5,2,6,1,Ontario,1.0,0.23089248214591435,0,0.0
1.0,120000.0,1,1,4,1,Quebec,1.0,0.00014957610213592394,0,0.0
1.0,36000.0,3,2,2,2,Ontario,1.0,0.2837391747499809,0,0.0
1.0,165000.0,2,2,7,1,Quebec,1.0,6.523941808188138e-06,0,0.0
2.0,25000.0,5,2,1,2,Quebec,1.0,0.16778503298482783,0,0.0
2.0,155000.0,2,2,7,1,Ontario,1.0,0.0001453494023291353,0,0.0
2.0,47500.0,2,2,4,1,New Brunswick,1.0,0.09496678507365772,0,0.0
1.0,72500.0,5,2,3,2,Newfoundland and Labrador,1.0,0.014044214777509851,0,0.0
2.0,210000.0,4,2,6,1,Saskatchewan,1.0,2.1456150148586105e-06,0,0.0
1.0,105000.0,4,2,6,1,Ontario,1.0,0.0031182415652496664,0,0.0
2.0,36000.0,5,2,3,2,Saskatchewan,2.0,0.312941857717507,1,0.0
2.0,80000.0,3,1,2,1,Saskatchewan,1.0,0.01913145279534832,0,0.0
1.0,130000.0,5,2,3,1,Nova Scotia,1.0,0.0003463441027646143,0,0.0
1.0,33000.0,5,2,6,2,Ontario,1.0,0.3386634976888383,1,0.0
2.0,29000.0,5,2,1,1,Alberta,2.0,0.5586635097914291,1,1.0
1.0,125000.0,3,2,2,1,Saskatchewan,1.0,0.0005173872482745381,0,0.0
2.0,8500.0,5,2,1,2,New Brunswick,1.0,0.6270224777180607,1,0.0
2.0,75000.0,5,2,6,1,Alberta,1.0,0.04863637205419258,0,0.0
1.0,240000.0,2,2,7,1,Ontario,1.0,2.2828316112974907e-07,0,0.0
2.0,24000.0,5,2,4,2,Ontario,2.0,0.6034223299450114,1,1.0
2.0,3700.0,5,2,4,2,New Brunswick,3.0,0.7061417530118357,1,1.0
2.0,20000.0,5,2,2,2,Nova Scotia,3.0,0.5643940058980657,1,1.0
2.0,27000.0,5,2,6,2,Quebec,3.0,0.15309170475411985,0,0.0
1.0,145000.0,2,2,4,1,British Columbia,3.0,0.00020961700554416644,0,0.0
1.0,47000.0,2,2,3,2,British Columbia,1.0,0.17417068610168182,0,0.0
1.0,80000.0,2,2,4,2,Quebec,1.0,0.0025861158407399962,0,0.0
2.0,45000.0,5,2,5,2,Quebec,1.0,0.04810182453145527,0,0.0
2.0,30000.0,5,2,2,2,Saskatchewan,1.0,0.4085382132014409,1,0.0
2.0,38000.0,5,2,2,1,Quebec,1.0,0.07404088877584498,0,0.0
1.0,62500.0,2,2,2,2,Saskatchewan,1.0,0.040801226916552254,0,0.0
2.0,42000.0,5,2,4,1,New Brunswick,1.0,0.1374056491476129,0,0.0
1.0,230000.0,1,1,7,1,Quebec,1.0,6.565928565092705e-08,0,0.0
2.0,34000.0,5,2,7,1,New Brunswick,2.0,0.22195844310946727,0,0.0
2.0,34000.0,5,2,6,1,Quebec,1.0,0.0980597919527002,0,0.0
2.0,140000.0,1,2,2,1,British Columbia,1.0,0.0004650871056153468,0,0.0
2.0,24000.0,5,2,1,2,Prince Edward Island,2.0,0.23864706304957622,0,1.0
1.0,82500.0,1,2,4,1,Ontario,2.0,0.014418701626776088,0,0.0
2.0,22000.0,5,2,2,2,Quebec,1.0,0.20041824683280257,0,0.0
2.0,41000.0,6,2,2,1,Newfoundland and Labrador,2.0,0.17136263820823233,0,0.0
1.0,525000.0,1,1,7,1,Ontario,1.0,4.2602997918950567e-16,0,0.0
1.0,,99,2,3,1,Manitoba,1.0,0.08112616413598525,0,0.0
1.0,290000.0,1,1,7,1,Ontario,1.0,6.610659263601863e-09,0,0.0
2.0,48000.0,1,1,5,1,British Columbia,1.0,0.23491389582672526,0,1.0
2.0,46000.0,5,2,7,2,New Brunswick,2.0,0.11060650612222327,0,0.0
2.0,28000.0,5,2,1,2,Alberta,1.0,0.5796683580069509,1,0.0
1.0,24000.0,5,2,7,2,New Brunswick,1.0,0.26852957835754526,0,0.0
1.0,210000.0,1,1,7,1,Manitoba,1.0,1.0354061651013914e-06,0,0.0
1.0,95000.0,2,2,4,2,Manitoba,1.0,0.0034602803984926564,0,0.0
1.0,135000.0,1,1,6,1,Quebec,1.0,5.265445784494197e-05,0,0.0
2.0,39000.0,2,2,2,2,Newfoundland and Labrador,1.0,0.18850278149039482,0,0.0
2.0,27000.0,5,2,4,2,Ontario,3.0,0.5519057881880568,1,1.0
2.0,13000.0,5,2,2,2,Saskatchewan,2.0,0.6958812118770502,1,1.0
1.0,92500.0,4,1,2,1,Manitoba,2.0,0.0040546040641032816,0,0.0
2.0,100000.0,2,2,4,1,British Columbia,1.0,0.00790869560203197,0,0.0
2.0,90000.0,6,2,2,1,Quebec,1.0,0.0020661249923539736,0,0.0
1.0,72500.0,2,2,3,2,Ontario,1.0,0.02927533799621862,0,0.0
1.0,42000.0,2,2,4,1,Newfoundland and Labrador,1.0,0.1051525145565609,0,0.0
1.0,80000.0,1,1,4,1,Ontario,2.0,0.01699604577983199,0,0.0
2.0,90000.0,1,1,3,1,Manitoba,1.0,0.007512299617009257,0,0.0
2.0,170000.0,1,1,4,1,Manitoba,1.0,2.7155741797750836e-05,0,0.0
1.0,62500.0,2,2,4,2,New Brunswick,1.0,0.022672254942722965,0,0.0
2.0,8500.0,5,2,1,2,New Brunswick,1.0,0.6270224777180607,1,0.0
2.0,30000.0,5,2,4,2,Alberta,2.0,0.5497244690316776,1,1.0
1.0,185000.0,1,1,6,1,Ontario,1.0,1.0724909473545439e-05,0,0.0
2.0,130000.0,3,2,3,1,Quebec,1.0,0.00012072563506422056,0,0.0
1.0,92500.0,1,2,2,1,Manitoba,1.0,0.003971261209752862,0,0.0
2.0,12000.0,5,2,2,2,Quebec,2.0,0.33645986512617243,1,1.0
2.0,41000.0,5,2,7,1,Ontario,2.0,0.3155751014724162,1,1.0
1.0,145000.0,2,2,4,1,Quebec,1.0,2.619433387097538e-05,0,0.0
1.0,140000.0,1,1,6,1,Ontario,1.0,0.0002554170815631631,0,0.0
2.0,23000.0,5,2,3,2,Quebec,2.0,0.19034249018708108,0,0.0
1.0,105000.0,2,2,4,1,Quebec,1.0,0.00043852563568659163,0,0.0
2.0,28000.0,5,2,3,2,Alberta,2.0,0.582761163350329,1,1.0
2.0,72500.0,99,9,1,1,Nova Scotia,1.0,0.0786752216913003,0,0.0
1.0,140000.0,5,2,6,2,Saskatchewan,1.0,0.0001911076639337698,0,0.0
1.0,21000.0,5,2,4,2,Manitoba,1.0,0.3967119100129325,1,0.0
2.0,100000.0,3,2,6,1,Saskatchewan,1.0,0.0049089917088817854,0,0.0
1.0,72500.0,2,2,4,2,Saskatchewan,1.0,0.020851619815656728,0,0.0
2.0,22000.0,5,2,2,2,Ontario,3.0,0.6336606093877205,1,1.0
2.0,65000.0,5,2,6,1,Ontario,1.0,0.07787986778936314,0,0.0
2.0,23000.0,5,2,2,2,Nova Scotia,2.0,0.5119084675157992,1,1.0
1.0,75000.0,2,2,4,1,Ontario,1.0,0.024451642914080345,0,0.0
2.0,49000.0,5,2,3,1,Quebec,1.0,0.035746963558008646,0,0.0
2.0,22000.0,5,2,2,2,New Brunswick,1.0,0.3952361611896752,1,0.0
2.0,62500.0,2,2,3,2,Ontario,2.0,0.08873878912526273,0,0.0
1.0,62500.0,5,2,2,2,Ontario,1.0,0.05879213590132189,0,0.0
2.0,52500.0,5,2,1,9,Manitoba,1.0,0.11070634371878572,0,0.0
2.0,22000.0,5,2,2,1,Ontario,2.0,0.6301215046176527,1,1.0
2.0,25000.0,5,2,2,2,Quebec,1.0,0.16867403153560903,0,0.0
2.0,,6,2,6,9,Newfoundland and Labrador,1.0,0.05003531957906896,0,0.0
1.0,135000.0,1,1,4,1,Quebec,1.0,5.1989670923139765e-05,0,0.0
2.0,75000.0,5,2,2,2,Ontario,1.0,0.039685393616620705,0,0.0
1.0,49000.0,5,2,1,2,Ontario,1.0,0.13843649040836434,0,0.0
1.0,72500.0,1,1,1,1,Ontario,3.0,0.02796975245515585,0,0.0
1.0,75000.0,3,2,4,1,Ontario,1.0,0.024690699089787948,0,0.0
2.0,36000.0,99,9,2,9,Saskatchewan,1.0,0.5780622227720976,1,0.0
2.0,8750.0,5,2,1,2,Alberta,1.0,0.8426014592220094,1,0.0
2.0,16500.0,5,2,2,2,British Columbia,1.0,0.7472038450150672,1,0.0
1.0,75000.0,2,2,4,2,Quebec,1.0,0.0036742589341668777,0,0.0
1.0,,2,2,1,2,Prince Edward Island,1.0,0.012490361624339367,0,1.0
2.0,,3,1,2,9,Saskatchewan,1.0,0.07028090218443095,0,0.0
2.0,40000.0,2,2,7,2,Nova Scotia,2.0,0.24080230318194723,0,1.0
2.0,39000.0,2,2,3,1,British Columbia,2.0,0.36811384783310136,1,1.0
2.0,57500.0,5,2,2,1,Quebec,1.0,0.01983782100551236,0,0.0
1.0,41000.0,5,2,2,2,British Columbia,2.0,0.2478635073401695,0,1.0
2.0,26000.0,5,2,6,2,Quebec,1.0,0.16245171318078142,0,0.0
1.0,150000.0,1,1,7,1,Ontario,2.0,0.00012707882267014908,0,0.0
1.0,190000.0,4,2,6,1,Ontario,1.0,7.840312505172987e-06,0,0.0
2.0,38000.0,5,2,1,2,Nova Scotia,3.0,0.26589155707741663,0,1.0
1.0,92500.0,2,2,3,1,Alberta,1.0,0.008809280717715024,0,0.0
1.0,62500.0,5,2,7,2,Saskatchewan,1.0,0.04328509699912891,0,0.0
1.0,,99,9,6,2,Prince Edward Island,1.0,0.03531588771596496,0,0.0
2.0,50000.0,5,2,4,1,Quebec,1.0,0.033601929093872634,0,0.0
2.0,85000.0,2,2,3,1,Quebec,1.0,0.0028395386867656122,0,0.0
2.0,44000.0,5,2,5,1,British Columbia,1.0,0.2994384042437318,0,0.0
2.0,,6,2,4,1,New Brunswick,1.0,0.03656529545839868,0,0.0
2.0,25000.0,5,2,1,2,Ontario,2.0,0.5818149667347269,1,1.0
2.0,52500.0,5,2,2,2,Alberta,1.0,0.1980644488629082,0,0.0
2.0,,2,2,4,2,Newfoundland and Labrador,1.0,0.04299167322125679,0,0.0
2.0,14000.0,5,2,7,2,Alberta,3.0,0.7934638119072641,1,1.0
2.0,57500.0,5,2,7,1,New Brunswick,1.0,0.05165978356787836,0,0.0
2.0,260000.0,2,2,7,1,Ontario,1.0,8.90355899166483e-08,0,0.0
2.0,50000.0,5,2,5,2,Manitoba,1.0,0.12041599497930708,0,0.0
2.0,,5,2,5,1,British Columbia,1.0,0.10401099166695708,0,0.0
2.0,120000.0,1,1,6,1,Ontario,1.0,0.0016660696594087408,0,0.0
1.0,115000.0,3,1,4,1,Quebec,1.0,0.00021701628060637364,0,0.0
1.0,185000.0,3,1,6,1,Ontario,1.0,1.0941001989395467e-05,0,0.0
2.0,,99,9,7,1,Manitoba,1.0,0.13346674246760204,0,0.0
2.0,95000.0,2,2,7,2,Ontario,1.0,0.010015274581998235,0,0.0
2.0,17000.0,5,2,6,2,Saskatchewan,3.0,0.6390734350124903,1,1.0
1.0,120000.0,1,1,6,1,British Columbia,3.0,0.001211206034836369,0,0.0
1.0,170000.0,1,1,6,1,Prince Edward Island,1.0,6.479440439393007e-06,0,0.0
1.0,155000.0,5,2,4,1,New Brunswick,1.0,3.478594039887885e-05,0,0.0
1.0,160000.0,1,1,3,1,Newfoundland and Labrador,1.0,2.8075441873071747e-05,0,0.0
2.0,29000.0,5,2,1,2,Nova Scotia,2.0,0.405776376045397,1,0.0
1.0,95000.0,1,2,4,1,Alberta,1.0,0.007370549415679573,0,0.0
1.0,44000.0,2,2,3,1,Ontario,2.0,0.18116376530703118,0,0.0
2.0,22000.0,5,2,6,1,Alberta,3.0,0.6815070666543677,1,1.0
1.0,120000.0,1,1,6,1,Ontario,1.0,0.0010444566306539729,0,0.0
1.0,330000.0,4,2,6,1,Alberta,1.0,4.99369243619115e-10,0,0.0
2.0,15000.0,3,2,2,2,Ontario,3.0,0.7352072612990581,1,1.0
1.0,110000.0,2,2,1,1,Manitoba,1.0,0.0011647630481710822,0,0.0
1.0,170000.0,2,2,7,1,Nova Scotia,1.0,2.059320533107088e-05,0,0.0
1.0,240000.0,2,2,2,1,Ontario,1.0,2.211454288313574e-07,0,0.0
2.0,27000.0,2,2,1,2,Quebec,1.0,0.14526343451525564,0,0.0
2.0,125000.0,1,2,3,1,Ontario,1.0,0.0011603224981616086,0,0.0
2.0,26000.0,5,2,2,2,Ontario,2.0,0.5661412380792059,1,1.0
2.0,52500.0,5,2,2,1,Quebec,1.0,0.02798121244438503,0,0.0
1.0,44000.0,5,2,1,1,Saskatchewan,2.0,0.13639342760615475,0,0.0
2.0,32000.0,5,2,2,2,British Columbia,1.0,0.49791704815928595,1,0.0
2.0,40000.0,5,2,4,2,Saskatchewan,2.0,0.25695091907633855,0,0.0
1.0,70000.0,5,2,6,1,Alberta,1.0,0.043570290503996134,0,0.0
1.0,62500.0,2,2,3,2,Saskatchewan,1.0,0.041050597604874665,0,0.0
2.0,30000.0,5,2,3,2,Quebec,2.0,0.12553950519505175,0,0.0
2.0,70000.0,3,2,5,1,Ontario,1.0,0.05467636529643016,0,0.0
2.0,25000.0,5,2,1,2,Quebec,1.0,0.16778503298482783,0,0.0
2.0,29000.0,5,2,2,2,Manitoba,2.0,0.3709938651633891,1,1.0
2.0,55000.0,5,2,3,1,Quebec,1.0,0.023715352851874864,0,0.0
2.0,22000.0,5,2,4,1,British Columbia,3.0,0.6667964706277645,1,1.0
2.0,37000.0,6,2,2,2,Ontario,3.0,0.3777920946189617,1,0.0
1.0,55000.0,2,2,2,2,Manitoba,1.0,0.054302201224812545,0,0.0
2.0,72500.0,99,9,4,2,Manitoba,1.0,0.070497999409807,0,0.0
1.0,25000.0,5,2,7,1,Alberta,3.0,0.5220095140680124,1,1.0
1.0,49000.0,5,2,1,1,Manitoba,1.0,0.08119197840529191,0,0.0
1.0,55000.0,5,2,1,2,New Brunswick,1.0,0.03825819973323605,0,0.0
2.0,24000.0,5,2,3,2,Saskatchewan,2.0,0.5147668961459159,1,1.0
2.0,34000.0,6,2,2,1,Quebec,1.0,0.09670277606220447,0,0.0
1.0,43000.0,5,2,6,2,Quebec,1.0,0.035384238642387815,0,0.0
1.0,47000.0,99,2,2,2,Saskatchewan,1.0,0.25015348283612204,0,0.0
1.0,175000.0,1,1,6,1,Alberta,1.0,2.6567277545955275e-05,0,0.0
2.0,23000.0,5,2,1,2,Ontario,2.0,0.6156542183305252,1,1.0
1.0,72500.0,2,2,2,1,New Brunswick,1.0,0.01102859776764566,0,0.0
2.0,24000.0,5,2,1,2,British Columbia,3.0,0.6338971486217,1,1.0
1.0,120000.0,5,2,6,1,Alberta,1.0,0.0013427508244580832,0,0.0
2.0,24000.0,5,2,2,2,Manitoba,2.0,0.4561952085495002,1,1.0
2.0,97500.0,3,1,6,1,Alberta,1.0,0.010072428777586469,0,0.0
1.0,43000.0,2,2,3,1,Ontario,3.0,0.1918512952773962,0,1.0
2.0,82500.0,2,2,4,1,Alberta,1.0,0.028069983641281604,0,0.0
1.0,97500.0,5,2,2,2,Newfoundland and Labrador,1.0,0.0024257545467485718,0,0.0
1.0,165000.0,2,2,6,1,Ontario,1.0,4.473351338064516e-05,0,0.0
2.0,23000.0,5,2,2,2,Quebec,1.0,0.18936530192523993,0,0.0
2.0,26000.0,5,2,4,2,Ontario,3.0,0.5692596152949436,1,1.0
2.0,160000.0,1,2,6,1,Ontario,1.0,0.00010054162701145395,0,0.0
1.0,115000.0,4,1,7,1,Ontario,1.0,0.001539662128322818,0,0.0
2.0,21000.0,5,2,2,2,Alberta,3.0,0.6944412927674798,1,1.0
2.0,120000.0,1,1,7,1,Quebec,1.0,0.00024331681038826017,0,0.0
1.0,200000.0,1,1,7,1,New Brunswick,1.0,1.417317328435235e-06,0,0.0
2.0,150000.0,5,2,6,1,New Brunswick,1.0,7.99781589856628e-05,0,0.0
2.0,62500.0,2,2,3,2,New Brunswick,2.0,0.035487565750269144,0,0.0
2.0,29000.0,5,2,2,2,Nova Scotia,1.0,0.4073091970244425,1,0.0
2.0,62500.0,5,2,2,1,Quebec,1.0,0.014030197922390136,0,0.0
2.0,25000.0,5,2,2,1,Quebec,2.0,0.16655125269533427,0,0.0
2.0,28000.0,5,2,2,2,Quebec,1.0,0.14107069135679,0,0.0
2.0,27000.0,5,2,2,2,Saskatchewan,3.0,0.4604229535415592,1,1.0
2.0,50000.0,5,2,1,2,Ontario,1.0,0.19291158260283459,0,0.0
2.0,26000.0,5,2,2,2,Alberta,2.0,0.6150712238430434,1,1.0
2.0,27000.0,5,2,1,2,Newfoundland and Labrador,2.0,0.35647143276523,1,1.0
2.0,36000.0,5,2,1,2,Manitoba,2.0,0.26356730925133387,0,1.0
1.0,230000.0,3,1,3,1,British Columbia,1.0,5.226628138403579e-07,0,0.0
1.0,110000.0,2,2,3,2,Ontario,1.0,0.0021429171342982477,0,0.0
1.0,97500.0,1,1,2,1,Manitoba,1.0,0.0027702373363875476,0,0.0
2.0,34000.0,3,1,1,2,Alberta,1.0,0.4674586972771447,1,1.0
1.0,105000.0,1,2,7,2,British Columbia,1.0,0.0035849098608508193,0,0.0
2.0,160000.0,2,2,6,2,Nova Scotia,1.0,6.708373086646226e-05,0,0.0
1.0,32000.0,5,2,1,2,New Brunswick,1.0,0.1674410404253865,0,0.0
2.0,26000.0,5,2,2,2,Prince Edward Island,1.0,0.215063005361317,0,0.0
2.0,26000.0,5,2,1,2,Quebec,1.0,0.1581757673700694,0,0.0
1.0,70000.0,5,2,6,2,Nova Scotia,1.0,0.023985568351916942,0,0.0
2.0,29000.0,5,2,1,2,Quebec,2.0,0.1320176282460274,0,0.0
2.0,97500.0,1,1,3,1,Quebec,1.0,0.0011566973012282272,0,0.0
1.0,85000.0,3,2,4,1,Newfoundland and Labrador,1.0,0.0057036649835232895,0,0.0
2.0,24000.0,5,2,2,2,Saskatchewan,2.0,0.5131798246768502,1,1.0
2.0,25000.0,5,2,2,2,Quebec,1.0,0.16867403153560903,0,0.0
2.0,220000.0,2,2,6,1,Ontario,1.0,1.4817351921341102e-06,0,0.0
2.0,135000.0,2,2,2,2,Nova Scotia,1.0,0.00038056033377161067,0,0.0
2.0,110000.0,5,2,4,1,British Columbia,1.0,0.00404386896502277,0,0.0
2.0,82500.0,2,2,5,1,Alberta,1.0,0.02824383414481743,0,0.0
1.0,125000.0,3,2,4,1,Ontario,1.0,0.0007466347717641934,0,0.0
1.0,320000.0,1,2,3,1,British Columbia,1.0,9.111126916573928e-10,0,0.0
1.0,50000.0,3,1,6,2,Nova Scotia,1.0,0.0890005536636992,0,0.0
2.0,105000.0,2,2,2,2,Alberta,1.0,0.005897211060542783,0,0.0
2.0,36000.0,3,1,5,1,Ontario,2.0,0.3861271191539084,1,1.0
1.0,220000.0,2,2,4,1,Alberta,1.0,1.1224006895237994e-06,0,0.0
1.0,230000.0,1,2,6,1,Manitoba,1.0,2.536924406491682e-07,0,0.0
2.0,120000.0,1,1,5,1,Ontario,1.0,0.0016555357185600082,0,0.0
2.0,41000.0,2,2,3,2,Quebec,1.0,0.0603164345862431,0,0.0
2.0,24000.0,5,2,2,2,Alberta,2.0,0.6478482122884488,1,1.0
2.0,30000.0,99,9,2,2,New Brunswick,1.0,0.503014964419389,1,0.0
2.0,62500.0,3,1,6,1,British Columbia,1.0,0.10191763892453598,0,0.0
2.0,46000.0,5,2,4,2,Quebec,1.0,0.04470442074904087,0,0.0
1.0,130000.0,1,1,6,1,Newfoundland and Labrador,1.0,0.00023685825242889157,0,0.0
2.0,80000.0,1,2,2,1,Nova Scotia,1.0,0.017575298914388943,0,0.0
1.0,195000.0,4,2,3,1,Nova Scotia,1.0,3.518673541730251e-06,0,0.0
2.0,37000.0,5,2,4,2,Prince Edward Island,1.0,0.11334748168568164,0,0.0
2.0,48000.0,5,2,6,1,New Brunswick,1.0,0.09560477694312465,0,0.0
1.0,37000.0,2,2,5,2,Ontario,1.0,0.2714337076338917,0,0.0
1.0,43000.0,5,2,2,2,New Brunswick,1.0,0.08529009991345748,0,0.0
1.0,240000.0,1,1,7,1,Ontario,1.0,2.239768368365761e-07,0,0.0
2.0,36000.0,3,1,1,2,Ontario,1.0,0.3837127235237201,1,0.0
1.0,160000.0,1,1,3,1,Newfoundland and Labrador,1.0,2.8075441873071747e-05,0,0.0
1.0,115000.0,3,1,4,1,Quebec,1.0,0.00021701628060637364,0,0.0
1.0,50000.0,5,2,4,1,Ontario,2.0,0.13068113433267795,0,0.0
2.0,20000.0,5,2,2,2,Nova Scotia,2.0,0.5643940058980657,1,1.0
1.0,155000.0,2,2,6,1,Saskatchewan,1.0,6.34954779952239e-05,0,0.0
2.0,57500.0,2,2,4,1,New Brunswick,1.0,0.04931210007971021,0,0.0
2.0,105000.0,2,2,4,1,British Columbia,1.0,0.005573526263679522,0,0.0
1.0,,99,2,4,1,Manitoba,1.0,0.08160102766899811,0,0.0
1.0,55000.0,2,2,5,2,Quebec,1.0,0.014961127756591646,0,0.0
1.0,65000.0,2,2,3,1,Nova Scotia,1.0,0.031739570521303266,0,0.0
2.0,165000.0,2,2,5,1,British Columbia,1.0,8.228690059527329e-05,0,0.0
1.0,175000.0,1,1,5,1,British Columbia,1.0,2.5004608038113965e-05,0,0.0
2.0,57500.0,3,2,2,1,New Brunswick,1.0,0.0491841701091498,0,0.0
2.0,34000.0,99,9,2,9,Manitoba,1.0,0.5565907291460277,1,0.0
1.0,125000.0,3,1,4,1,Saskatchewan,1.0,0.0005192712438038692,0,0.0
2.0,87500.0,3,1,2,1,Quebec,1.0,0.002369126767192297,0,0.0
1.0,47000.0,3,2,2,2,Quebec,1.0,0.025764544631761577,0,0.0
2.0,190000.0,1,1,3,1,Alberta,1.0,1.4459734134529223e-05,0,0.0
2.0,9500.0,5,2,2,2,New Brunswick,3.0,0.6119129343012443,1,1.0
2.0,57500.0,3,1,4,1,British Columbia,3.0,0.13746370458678833,0,1.0
1.0,115000.0,1,1,4,1,Quebec,1.0,0.0002127309216594923,0,0.0
2.0,11500.0,5,2,2,2,New Brunswick,1.0,0.5779700868637319,1,0.0
2.0,45000.0,5,2,2,1,Saskatchewan,1.0,0.1912227356145146,0,0.0
1.0,180000.0,1,1,4,1,British Columbia,1.0,1.746901019024331e-05,0,0.0
1.0,100000.0,2,2,2,1,Quebec,1.0,0.0006157372976975235,0,0.0
2.0,105000.0,3,2,4,1,Ontario,1.0,0.004857071521755098,0,0.0
2.0,10500.0,5,2,1,2,New Brunswick,1.0,0.5935232980219209,1,1.0
2.0,40000.0,5,2,6,1,New Brunswick,1.0,0.15664760642559156,0,0.0
2.0,29000.0,5,2,2,1,Ontario,1.0,0.5098831571872084,1,0.0
1.0,42000.0,3,2,2,2,Manitoba,1.0,0.12659121846614305,0,0.0
1.0,43000.0,2,2,6,2,Alberta,1.0,0.2312626388366558,0,0.0
2.0,72500.0,3,2,3,1,Nova Scotia,1.0,0.030213165763094994,0,0.0
1.0,125000.0,4,1,4,1,New Brunswick,1.0,0.0002824882837975037,0,0.0
1.0,,99,9,99,9,Prince Edward Island,1.0,0.06849065666231084,0,0.0
1.0,210000.0,1,1,7,1,Saskatchewan,1.0,1.3010798384400074e-06,0,0.0
1.0,25000.0,5,2,3,2,Newfoundland and Labrador,1.0,0.288088790996974,0,0.0
2.0,36000.0,3,1,2,1,Ontario,1.0,0.38161924805965364,1,0.0
1.0,110000.0,2,2,4,2,Nova Scotia,1.0,0.0014041163736128385,0,0.0
2.0,65000.0,6,2,5,1,British Columbia,2.0,0.08951263373350579,0,0.0
2.0,60000.0,5,2,4,1,Prince Edward Island,1.0,0.02429889205133913,0,0.0
2.0,140000.0,1,1,3,1,Ontario,1.0,0.0003999288021044636,0,0.0
2.0,,5,2,4,1,Manitoba,1.0,0.052611226498586044,0,0.0
2.0,75000.0,4,2,5,1,Manitoba,1.0,0.02242023667735904,0,0.0
1.0,77500.0,2,2,2,1,Saskatchewan,1.0,0.014351303811994287,0,0.0
2.0,24000.0,5,2,2,1,New Brunswick,1.0,0.35859116491762527,1,0.0
2.0,27000.0,5,2,1,2,Quebec,1.0,0.1490182925732184,0,0.0
2.0,30000.0,5,2,7,1,Ontario,2.0,0.5002117138129611,1,1.0
1.0,110000.0,99,9,4,1,Nova Scotia,1.0,0.0038679228464837167,0,0.0
1.0,185000.0,2,2,2,1,Saskatchewan,1.0,7.477481334492597e-06,0,0.0
2.0,27000.0,5,2,4,2,British Columbia,1.0,0.5882318193153445,1,0.0
1.0,52500.0,5,2,1,2,Alberta,1.0,0.13326633967207085,0,0.0
1.0,400000.0,1,2,7,1,New Brunswick,1.0,1.0853579525411244e-12,0,0.0
2.0,43000.0,3,2,2,1,Saskatchewan,2.0,0.21063220641392372,0,0.0
2.0,14500.0,5,2,2,2,Quebec,1.0,0.29833199009374933,0,0.0
2.0,12000.0,99,9,99,2,Ontario,1.0,0.9463363830023943,1,1.0
1.0,65000.0,5,2,2,2,Alberta,1.0,0.060270819267555835,0,0.0
2.0,27000.0,5,2,2,2,Saskatchewan,2.0,0.4604229535415592,1,1.0
1.0,115000.0,1,1,4,1,Newfoundland and Labrador,1.0,0.0006726177897132127,0,0.0
1.0,60000.0,2,2,4,2,Quebec,1.0,0.010499579820578924,0,0.0
1.0,130000.0,1,1,3,1,Quebec,1.0,7.347581240232572e-05,0,0.0
1.0,145000.0,1,1,6,1,British Columbia,2.0,0.00020829300269999186,0,0.0
1.0,110000.0,1,1,2,1,Manitoba,1.0,0.0011500914467152442,0,0.0
1.0,55000.0,2,2,3,2,Quebec,1.0,0.014775017782688969,0,0.0
2.0,87500.0,2,2,5,2,Ontario,1.0,0.016661451372525872,0,0.0
2.0,37000.0,5,2,4,1,Saskatchewan,2.0,0.2961455290793196,0,1.0
1.0,26000.0,5,2,6,2,British Columbia,1.0,0.4930582614399988,1,0.0
2.0,25000.0,5,2,6,1,Ontario,3.0,0.585836410741217,1,1.0
2.0,42000.0,5,2,6,1,Alberta,1.0,0.34334173951750246,1,0.0
1.0,65000.0,3,2,2,1,Newfoundland and Labrador,1.0,0.02265433746160541,0,0.0
2.0,14000.0,5,2,1,2,Nova Scotia,3.0,0.6627122211676013,1,1.0
1.0,175000.0,2,2,7,2,Newfoundland and Labrador,1.0,1.0357671751027492e-05,0,0.0
2.0,34000.0,5,2,4,1,New Brunswick,1.0,0.21868440762514157,0,0.0
1.0,41000.0,2,2,6,1,Quebec,1.0,0.038802805483183656,0,0.0
1.0,145000.0,2,2,6,2,Ontario,1.0,0.00018585016896687417,0,0.0
2.0,50000.0,5,2,2,1,Alberta,1.0,0.22487005509783267,0,0.0
2.0,20000.0,5,2,1,2,Prince Edward Island,2.0,0.2935338059535481,0,1.0
2.0,57500.0,2,2,3,1,Quebec,1.0,0.01938467622241999,0,0.0
2.0,62500.0,2,2,3,1,New Brunswick,1.0,0.0349704420381796,0,0.0
1.0,36000.0,5,2,6,1,Ontario,1.0,0.2899055998790977,0,0.0
2.0,62500.0,5,2,1,2,Nova Scotia,1.0,0.06055317261770207,0,0.0
2.0,26000.0,5,2,1,1,Nova Scotia,1.0,0.4538078090830486,1,0.0
2.0,26000.0,5,2,7,2,British Columbia,1.0,0.6097300281202677,1,0.0
1.0,165000.0,4,1,6,1,Quebec,1.0,6.553532293847619e-06,0,0.0
1.0,43000.0,5,2,6,1,Alberta,3.0,0.2338877003460667,0,0.0
2.0,52500.0,5,2,6,1,Quebec,1.0,0.028680755954821037,0,0.0
1.0,72500.0,5,2,4,2,Saskatchewan,1.0,0.02147138948360046,0,0.0
2.0,23000.0,5,2,1,2,Ontario,3.0,0.6156542183305252,1,1.0
2.0,33000.0,5,2,1,1,Alberta,3.0,0.48847978497719985,1,1.0
2.0,26000.0,5,2,2,2,Quebec,1.0,0.15902358073199846,0,0.0
2.0,31000.0,5,2,2,2,Ontario,1.0,0.478472963401698,1,0.0
1.0,82500.0,5,2,2,1,Manitoba,1.0,0.008324249240335098,0,0.0
1.0,280000.0,1,2,6,1,Quebec,1.0,1.943200280503872e-09,0,0.0
2.0,26000.0,5,2,2,1,New Brunswick,2.0,0.3268650318479805,1,0.0
2.0,52500.0,5,2,2,2,Nova Scotia,1.0,0.1160023240429291,0,0.0
1.0,115000.0,2,2,4,1,New Brunswick,1.0,0.0005651253190368891,0,0.0
2.0,23000.0,5,2,3,2,New Brunswick,1.0,0.3800211380398639,1,0.0
2.0,25000.0,5,2,6,2,Quebec,2.0,0.1722675873705515,0,0.0
2.0,110000.0,5,2,4,1,Ontario,1.0,0.0034885027047514483,0,0.0
1.0,31000.0,1,2,7,1,Nova Scotia,1.0,0.26757643174643175,0,0.0
1.0,97500.0,99,9,7,1,Ontario,1.0,0.014463835767024846,0,0.0
2.0,27000.0,5,2,2,2,Newfoundland and Labrador,1.0,0.3579301914984026,1,0.0
2.0,67500.0,5,2,7,1,Ontario,2.0,0.06652739814025616,0,0.0
1.0,32000.0,3,2,4,1,Newfoundland and Labrador,2.0,0.19361411717606802,0,1.0
1.0,120000.0,4,2,7,1,Ontario,1.0,0.0010928558481119702,0,0.0
2.0,55000.0,3,1,6,9,Newfoundland and Labrador,1.0,0.07912761987991657,0,0.0
1.0,130000.0,2,2,2,2,Manitoba,1.0,0.000291072371365383,0,0.0
2.0,135000.0,2,2,6,1,Prince Edward Island,1.0,0.0001241083951083105,0,0.0
2.0,29000.0,5,2,2,2,British Columbia,1.0,0.5505862620439015,1,0.0
2.0,41000.0,2,2,4,2,British Columbia,3.0,0.3408153370127109,1,1.0
2.0,,6,9,99,1,Manitoba,1.0,0.09852183954520215,0,0.0
1.0,28000.0,5,2,3,1,Nova Scotia,2.0,0.31408328239841965,1,1.0
2.0,36000.0,5,2,4,1,Alberta,2.0,0.4406804797277037,1,1.0
2.0,62500.0,5,2,6,1,Saskatchewan,1.0,0.06600920041288062,0,0.0
1.0,80000.0,5,2,7,1,Manitoba,1.0,0.01022831845267111,0,0.0
2.0,150000.0,6,2,2,1,Ontario,1.0,0.0002084072869741659,0,0.0
2.0,57500.0,2,2,4,2,Ontario,2.0,0.12233591302296686,0,0.0
2.0,31000.0,5,2,2,2,Newfoundland and Labrador,2.0,0.29604815605884294,0,0.0
1.0,175000.0,1,2,6,1,Saskatchewan,1.0,1.5362028005167192e-05,0,0.0
1.0,62500.0,99,2,1,2,Prince Edward Island,1.0,0.032210468627241175,0,0.0
2.0,36000.0,3,1,2,1,British Columbia,2.0,0.4171718206101082,1,1.0
2.0,57500.0,2,9,2,2,Nova Scotia,1.0,0.0871004405650086,0,0.0
2.0,180000.0,1,1,7,1,Alberta,1.0,3.000419462088094e-05,0,0.0
2.0,25000.0,5,2,1,2,Quebec,1.0,0.16778503298482783,0,0.0
1.0,100000.0,5,2,6,1,Quebec,1.0,0.0006507472058749187,0,0.0
2.0,21000.0,5,2,4,2,Alberta,1.0,0.6971308380425297,1,0.0
2.0,130000.0,6,2,6,1,British Columbia,1.0,0.0010138719193989634,0,0.0
1.0,72500.0,6,2,4,1,Manitoba,1.0,0.0170741065273741,0,0.0
1.0,65000.0,5,2,1,2,Alberta,1.0,0.05991198582128864,0,0.0
1.0,50000.0,1,1,7,1,Alberta,1.0,0.15157491875638068,0,0.0
1.0,22000.0,3,2,2,1,Newfoundland and Labrador,2.0,0.32413573272367463,1,1.0
1.0,87500.0,1,1,4,1,Ontario,1.0,0.010090078387687655,0,0.0
1.0,155000.0,1,1,4,1,Ontario,1.0,8.766311751135174e-05,0,0.0
2.0,21000.0,5,2,4,2,Prince Edward Island,2.0,0.2829896469747158,0,1.0
1.0,140000.0,1,1,6,1,British Columbia,1.0,0.00029623223989505625,0,0.0
2.0,28000.0,5,2,1,2,Manitoba,1.0,0.3860725284576111,1,0.0
1.0,130000.0,5,2,7,1,Manitoba,1.0,0.00030491468817415,0,0.0
1.0,125000.0,2,2,2,1,Newfoundland and Labrador,1.0,0.00033471555378862403,0,0.0
1.0,160000.0,2,2,7,1,Alberta,1.0,7.840468657665072e-05,0,0.0
1.0,240000.0,1,1,4,1,Prince Edward Island,1.0,4.6140269864043564e-08,0,0.0
1.0,150000.0,99,9,4,9,Prince Edward Island,1.0,8.450021165318817e-05,0,0.0
2.0,20000.0,5,2,2,2,Saskatchewan,3.0,0.5828685457464925,1,1.0
2.0,27000.0,5,2,1,2,Quebec,1.0,0.1490182925732184,0,0.0
1.0,100000.0,2,2,6,2,Manitoba,1.0,0.0024664182607201284,0,0.0
2.0,34000.0,5,2,2,1,Quebec,1.0,0.09583500650724226,0,0.0
1.0,145000.0,2,2,6,1,New Brunswick,1.0,6.916773171386823e-05,0,0.0
2.0,18000.0,5,2,1,2,Quebec,2.0,0.24820533623668659,0,0.0
1.0,170000.0,1,1,6,1,Ontario,1.0,3.08583300414226e-05,0,0.0
2.0,38000.0,99,2,2,9,British Columbia,1.0,0.6486281045356809,1,0.0
2.0,24000.0,5,2,6,2,Ontario,3.0,0.6064590140309953,1,1.0
2.0,26000.0,5,2,4,2,Quebec,1.0,0.16073025783085274,0,0.0
2.0,28000.0,5,2,5,2,New Brunswick,1.0,0.30384852967628684,1,0.0
2.0,25000.0,5,2,2,2,Alberta,1.0,0.6316116254939885,1,0.0
1.0,220000.0,1,2,4,1,Manitoba,1.0,5.067348073711924e-07,0,0.0
1.0,60000.0,5,2,4,2,Saskatchewan,1.0,0.05027742097842395,0,0.0
2.0,85000.0,5,2,6,1,Manitoba,1.0,0.011392295873294083,0,0.0
1.0,75000.0,5,2,2,1,Nova Scotia,1.0,0.01631951999527747,0,0.0
1.0,37000.0,2,2,6,1,Alberta,2.0,0.311381750004103,1,1.0
2.0,67500.0,5,2,2,1,British Columbia,1.0,0.07413935256258695,0,0.0
2.0,90000.0,3,2,6,2,Nova Scotia,1.0,0.009308046762941832,0,0.0
1.0,72500.0,99,2,6,9,Newfoundland and Labrador,1.0,0.039610226826549744,0,0.0
2.0,20000.0,5,2,2,2,Nova Scotia,2.0,0.5643940058980657,1,1.0
2.0,92500.0,99,2,2,9,Manitoba,1.0,0.01874514026044344,0,0.0
2.0,,2,2,3,2,Prince Edward Island,1.0,0.020037094447082356,0,0.0
2.0,65000.0,6,2,4,1,Manitoba,1.0,0.04491842458267263,0,0.0
1.0,62500.0,99,9,99,2,Prince Edward Island,1.0,0.06200002046693578,0,0.0
2.0,110000.0,2,2,4,2,Saskatchewan,1.0,0.002414602376812171,0,0.0
1.0,120000.0,2,2,4,1,Prince Edward Island,1.0,0.00022087940028908874,0,0.0
2.0,18500.0,5,2,2,2,New Brunswick,1.0,0.45543001430526103,1,0.0
1.0,135000.0,1,1,4,1,Quebec,1.0,5.1989670923139765e-05,0,0.0
2.0,200000.0,1,1,5,1,Quebec,1.0,8.566937039585282e-07,0,0.0
2.0,36000.0,5,2,4,2,New Brunswick,3.0,0.19796710933673828,0,0.0
2.0,12000.0,5,2,3,2,Quebec,2.0,0.3378797287705278,1,1.0
1.0,57500.0,2,2,2,2,Ontario,1.0,0.07938059083632623,0,0.0
2.0,10500.0,5,2,2,2,Ontario,3.0,0.7954687800124207,1,1.0
1.0,175000.0,2,2,2,1,Prince Edward Island,1.0,4.526646169749063e-06,0,0.0
2.0,80000.0,5,2,3,2,Ontario,1.0,0.028409510614491557,0,0.0
2.0,16500.0,5,2,3,2,Alberta,3.0,0.7584822274704599,1,1.0
2.0,24000.0,5,2,4,2,New Brunswick,2.0,0.36503829075254884,1,1.0
2.0,32000.0,5,2,3,2,New Brunswick,1.0,0.2453490912855413,0,0.0
2.0,65000.0,5,2,2,1,Ontario,1.0,0.07607430860826997,0,0.0
2.0,55000.0,3,1,2,2,Alberta,1.0,0.16747945878290196,0,0.0
1.0,110000.0,2,2,4,1,Nova Scotia,1.0,0.001382943504643285,0,0.0
1.0,24000.0,5,2,2,2,Ontario,1.0,0.4848660948877146,1,0.0
1.0,230000.0,4,1,5,1,British Columbia,1.0,5.346526706856602e-07,0,0.0
1.0,62500.0,3,2,2,1,Quebec,1.0,0.008663327388517723,0,0.0
1.0,44000.0,2,2,3,2,Ontario,1.0,0.18343179795584963,0,0.0
1.0,220000.0,6,2,7,1,British Columbia,1.0,1.1276753440881346e-06,0,0.0
2.0,28000.0,5,2,1,2,Ontario,2.0,0.5296792944828744,1,1.0
1.0,80000.0,5,2,1,2,Alberta,1.0,0.021669225328852883,0,0.0
1.0,125000.0,5,2,7,1,New Brunswick,1.0,0.000293456677693296,0,0.0
1.0,97500.0,2,2,5,2,Saskatchewan,1.0,0.0036683871794502203,0,0.0
2.0,85000.0,3,2,6,1,Ontario,1.0,0.01982863351355335,0,0.0
1.0,39000.0,2,2,1,2,Manitoba,1.0,0.14977122149277725,0,0.0
2.0,29000.0,5,2,2,2,Alberta,1.0,0.5639744690094186,1,0.0
1.0,140000.0,3,2,2,1,British Columbia,1.0,0.00029730189473202814,0,0.0
2.0,29000.0,5,2,4,2,Saskatchewan,1.0,0.42877572138445813,1,0.0
1.0,195000.0,1,1,7,1,Saskatchewan,1.0,3.743608415623069e-06,0,0.0
1.0,57500.0,1,2,2,2,Quebec,1.0,0.012219798139293574,0,0.0
2.0,43000.0,2,2,6,1,Manitoba,1.0,0.17739734590567835,0,0.0
1.0,70000.0,2,2,2,2,New Brunswick,1.0,0.01332346418571694,0,0.0
1.0,100000.0,2,2,6,2,Quebec,1.0,0.0006412523616920658,0,0.0
2.0,23000.0,5,2,1,2,New Brunswick,2.0,0.37703201782466905,1,0.0
1.0,165000.0,5,2,3,1,Alberta,1.0,5.537513331743875e-05,0,0.0
2.0,155000.0,6,2,2,1,Alberta,1.0,0.00017943132165963892,0,0.0
1.0,100000.0,4,2,5,1,Prince Edward Island,1.0,0.0009273727322499378,0,0.0
1.0,44000.0,3,2,4,1,Ontario,3.0,0.18359846959318202,0,1.0
1.0,110000.0,2,2,4,1,New Brunswick,1.0,0.0008035945289203096,0,0.0
2.0,110000.0,5,2,6,1,Alberta,1.0,0.004322771733578084,0,0.0
1.0,240000.0,4,1,7,1,New Brunswick,1.0,8.719594029112241e-08,0,0.0
2.0,23000.0,5,2,1,2,Newfoundland and Labrador,1.0,0.4233872731164338,1,0.0
2.0,77500.0,4,2,2,1,Alberta,1.0,0.03973201999596781,0,0.0
1.0,145000.0,2,2,4,1,Newfoundland and Labrador,2.0,8.285529968238272e-05,0,0.0
2.0,50000.0,5,2,6,1,Quebec,1.0,0.0340169996829566,0,0.0
1.0,35000.0,5,2,2,1,Ontario,1.0,0.29926540375739485,0,0.0
2.0,22000.0,5,2,2,2,Ontario,1.0,0.6336606093877205,1,0.0
2.0,95000.0,2,2,2,1,Ontario,2.0,0.009560018723872715,0,0.0
2.0,30000.0,5,2,3,2,Manitoba,2.0,0.3561624674540286,1,1.0
2.0,62500.0,5,2,2,1,Ontario,1.0,0.08941668784351664,0,0.0
2.0,82500.0,1,1,2,1,Ontario,1.0,0.022337691380313256,0,0.0
1.0,120000.0,1,1,7,1,Ontario,1.0,0.0010511064549433595,0,0.0
2.0,25000.0,5,2,4,2,Manitoba,2.0,0.4419084657310421,1,1.0
2.0,21000.0,5,2,1,2,Quebec,1.0,0.21088844043770955,0,0.0
2.0,62500.0,2,2,2,1,New Brunswick,2.0,0.03475666786381115,0,0.0
1.0,145000.0,2,2,7,1,Ontario,1.0,0.0001842107548773465,0,0.0
1.0,90000.0,3,1,4,1,Quebec,1.0,0.001261878139167512,0,0.0
2.0,,99,9,99,9,Prince Edward Island,1.0,0.10503266238784097,0,0.0
2.0,95000.0,2,2,7,1,Ontario,1.0,0.009865535672958354,0,0.0
2.0,75000.0,99,9,4,1,Nova Scotia,1.0,0.06801632403610204,0,0.0
1.0,90000.0,3,1,7,1,Alberta,1.0,0.010764904316252056,0,0.0
1.0,120000.0,2,2,1,1,Ontario,1.0,0.0010312667231047441,0,0.0
1.0,160000.0,99,9,3,9,Nova Scotia,1.0,0.00012860279114359417,0,0.0
1.0,87500.0,5,2,6,1,Saskatchewan,1.0,0.007549504334589506,0,0.0
2.0,24000.0,5,2,2,2,New Brunswick,2.0,0.3620981903774723,1,0.0
2.0,125000.0,5,2,7,1,Nova Scotia,1.0,0.0008061458834837207,0,0.0
2.0,37000.0,5,2,4,1,Nova Scotia,1.0,0.2806445955222233,0,0.0
2.0,210000.0,3,1,7,1,Quebec,1.0,4.3753821720581167e-07,0,0.0
2.0,24000.0,5,2,2,2,Quebec,2.0,0.17878562255243813,0,1.0
1.0,170000.0,4,1,3,1,Saskatchewan,1.0,2.1888719260468104e-05,0,0.0
2.0,23000.0,5,2,1,2,New Brunswick,1.0,0.37703201782466905,1,0.0
2.0,87500.0,3,2,2,9,Saskatchewan,1.0,0.012935725457814467,0,0.0
2.0,27000.0,5,2,2,2,Saskatchewan,2.0,0.4604229535415592,1,0.0
1.0,145000.0,2,2,4,1,Newfoundland and Labrador,1.0,8.285529968238272e-05,0,0.0
1.0,110000.0,1,1,7,1,Prince Edward Island,1.0,0.0004467407334453521,0,0.0
1.0,260000.0,1,1,7,1,Ontario,1.0,5.472928935425111e-08,0,0.0
2.0,17000.0,5,2,99,9,Ontario,3.0,0.8352099834588332,1,1.0
2.0,49000.0,2,2,2,2,Alberta,1.0,0.23473616669429986,0,0.0
2.0,50000.0,5,2,1,2,Saskatchewan,1.0,0.14362425762802664,0,0.0
1.0,46000.0,2,2,4,2,Quebec,1.0,0.027666829781638976,0,0.0
1.0,95000.0,5,2,2,1,Quebec,1.0,0.0009021155540897332,0,0.0
2.0,2600.0,5,2,1,2,Quebec,1.0,0.494208723023511,1,1.0
2.0,26000.0,5,2,4,2,Ontario,1.0,0.5692596152949436,1,0.0
1.0,140000.0,2,2,6,1,Alberta,1.0,0.00031875852359159406,0,0.0
2.0,26000.0,5,2,3,2,Quebec,1.0,0.1598750753085445,0,0.0
1.0,230000.0,1,1,7,1,Quebec,1.0,6.565928565092705e-08,0,0.0
2.0,70000.0,3,2,4,1,Alberta,1.0,0.0657494199787068,0,0.0
1.0,160000.0,1,1,7,1,Alberta,1.0,7.692577719263185e-05,0,0.0
2.0,21000.0,3,1,4,2,Quebec,2.0,0.20923594220807462,0,1.0
2.0,130000.0,99,9,6,1,Nova Scotia,1.0,0.0015314518059485348,0,0.0
2.0,25000.0,5,2,1,2,Newfoundland and Labrador,1.0,0.38940880950792256,1,0.0
1.0,330000.0,1,2,5,1,Ontario,1.0,3.932771026235923e-10,0,0.0
1.0,50000.0,1,1,4,1,British Columbia,1.0,0.14238385512923388,0,1.0
2.0,,5,2,3,9,Prince Edward Island,1.0,0.02289892239279434,0,0.0
2.0,18000.0,5,2,2,1,Quebec,3.0,0.24655539623034994,0,1.0
2.0,37000.0,2,2,1,2,New Brunswick,1.0,0.17968419947436773,0,0.0
2.0,27000.0,5,2,3,2,Quebec,2.0,0.15063682452665508,0,0.0
2.0,105000.0,1,1,2,1,Ontario,1.0,0.004659505134195232,0,0.0
2.0,18000.0,5,2,4,2,British Columbia,2.0,0.7292410319498946,1,1.0
2.0,97500.0,1,1,6,1,New Brunswick,1.0,0.003068046222974087,0,0.0
2.0,37000.0,2,2,1,2,Prince Edward Island,2.0,0.10851718453760409,0,0.0
2.0,26000.0,5,2,2,2,Ontario,2.0,0.5661412380792059,1,1.0
1.0,140000.0,2,2,7,2,Manitoba,1.0,0.00014854810761160035,0,0.0
1.0,48000.0,5,2,2,2,Manitoba,1.0,0.08832703396863105,0,0.0
2.0,20000.0,3,2,4,2,Ontario,2.0,0.6641014190084964,1,1.0
2.0,19500.0,5,2,1,2,Quebec,1.0,0.22901301707494964,0,1.0
2.0,52500.0,6,2,2,1,New Brunswick,1.0,0.07046687191505198,0,0.0
2.0,36000.0,5,2,2,1,Quebec,1.0,0.0843006737656876,0,0.0
2.0,95000.0,2,2,2,1,British Columbia,1.0,0.011071225786919874,0,0.0
1.0,77500.0,3,1,4,1,Alberta,2.0,0.02511178234943301,0,0.0
1.0,65000.0,2,2,5,2,Quebec,1.0,0.007451965067581805,0,0.0
2.0,155000.0,4,1,7,1,British Columbia,1.0,0.00017042254055327276,0,0.0
1.0,38000.0,5,2,5,2,Newfoundland and Labrador,1.0,0.14088952881762876,0,0.0
1.0,92500.0,2,2,6,1,New Brunswick,1.0,0.002787261663425249,0,0.0
2.0,110000.0,1,2,6,1,Newfoundland and Labrador,1.0,0.0015592262845670747,0,0.0
2.0,26000.0,5,2,3,2,British Columbia,1.0,0.6036661816928135,1,0.0
2.0,26000.0,5,2,1,2,Nova Scotia,1.0,0.457581721183854,1,0.0
2.0,9250.0,5,2,4,2,New Brunswick,1.0,0.6190884837543259,1,0.0
1.0,370000.0,4,1,6,1,Ontario,1.0,2.412945098304013e-11,0,0.0
2.0,13000.0,5,2,4,2,Ontario,1.0,0.7675938929768978,1,0.0
1.0,92500.0,2,2,99,2,Alberta,1.0,0.016335026887000555,0,0.0
2.0,18000.0,5,2,1,2,British Columbia,1.0,0.7254613098055863,1,0.0
2.0,27000.0,5,2,1,2,Newfoundland and Labrador,1.0,0.35647143276523,1,0.0
2.0,9250.0,5,2,2,2,Quebec,2.0,0.38098884424048907,1,0.0
1.0,140000.0,1,2,2,1,Ontario,1.0,0.00025127772993751326,0,0.0
1.0,115000.0,2,2,2,1,Manitoba,1.0,0.0008244206857278726,0,0.0
2.0,145000.0,5,2,6,1,British Columbia,1.0,0.00034910228467687843,0,0.0
1.0,105000.0,2,2,4,1,Alberta,1.0,0.0036935648925047527,0,0.0
1.0,155000.0,3,2,4,1,Saskatchewan,1.0,6.332224217627613e-05,0,0.0
2.0,77500.0,1,1,4,1,Ontario,1.0,0.03186397860227109,0,0.0
1.0,62500.0,2,2,2,2,Prince Edward Island,1.0,0.012568968090480916,0,0.0
2.0,47500.0,5,2,2,2,Prince Edward Island,2.0,0.0568128607597436,0,0.0
2.0,52500.0,5,2,3,1,Nova Scotia,1.0,0.1150966576808668,0,0.0
2.0,37000.0,5,2,1,2,Quebec,1.0,0.07966602147311445,0,0.0
1.0,80000.0,5,2,3,2,British Columbia,1.0,0.02080542245227134,0,0.0
2.0,26000.0,5,2,2,2,Saskatchewan,2.0,0.47796855875071553,1,0.0
1.0,90000.0,5,2,2,1,New Brunswick,1.0,0.0033372954383892204,0,0.0
2.0,,99,9,4,9,Nova Scotia,2.0,0.1658774352654346,0,1.0
1.0,290000.0,1,2,6,1,Alberta,1.0,8.116956086817233e-09,0,0.0
1.0,110000.0,2,2,2,1,Saskatchewan,1.0,0.0014725032319864054,0,0.0
2.0,90000.0,5,2,3,1,Quebec,1.0,0.0020586723868447287,0,0.0
1.0,77500.0,2,2,7,2,Quebec,1.0,0.003141820807518931,0,0.0
2.0,23000.0,5,2,2,2,Ontario,1.0,0.6171564423139158,1,0.0
2.0,38000.0,5,2,1,2,Ontario,3.0,0.3576186375046086,1,1.0
2.0,87500.0,5,2,6,1,Alberta,1.0,0.020750023410765133,0,0.0
2.0,23000.0,5,2,3,2,Manitoba,1.0,0.47530533528821184,1,0.0
2.0,36000.0,5,2,3,2,Saskatchewan,1.0,0.312941857717507,1,0.0
2.0,52500.0,2,2,1,2,New Brunswick,1.0,0.06846092698566875,0,0.0
2.0,145000.0,1,1,4,1,Alberta,1.0,0.0003465276035351816,0,0.0
2.0,38000.0,5,2,99,2,Manitoba,1.0,0.3668383149468303,1,0.0
1.0,102500.0,5,2,7,1,Alberta,1.0,0.004621806126733933,0,0.0
2.0,22000.0,3,9,4,2,Newfoundland and Labrador,2.0,0.4561563714325332,1,1.0
2.0,52500.0,5,2,1,2,Quebec,1.0,0.028223252605897736,0,0.0
2.0,22000.0,5,2,6,1,British Columbia,1.0,0.6696135802489827,1,0.0
2.0,105000.0,1,1,2,1,Ontario,1.0,0.004659505134195232,0,0.0
2.0,100000.0,5,2,4,1,British Columbia,1.0,0.008146965499651203,0,0.0
2.0,23000.0,5,2,4,2,Manitoba,2.0,0.4768900175090144,1,1.0
1.0,92500.0,2,2,2,1,Quebec,1.0,0.0010440061965216764,0,0.0
2.0,,5,2,5,2,Prince Edward Island,2.0,0.020891500258315886,0,0.0
1.0,120000.0,2,2,5,1,Manitoba,1.0,0.0005909245915887474,0,0.0
1.0,60000.0,6,2,1,9,Alberta,1.0,0.09242905534827463,0,0.0
1.0,60000.0,5,2,2,1,Saskatchewan,1.0,0.0489607895982399,0,0.0
2.0,23000.0,5,2,2,2,Newfoundland and Labrador,1.0,0.42493904603390914,1,0.0
2.0,29000.0,5,2,6,2,Ontario,1.0,0.5200307690115192,1,0.0
2.0,52500.0,5,2,3,2,British Columbia,1.0,0.19056378827501755,0,0.0
2.0,70000.0,5,2,4,1,Ontario,1.0,0.055383334084146266,0,0.0
1.0,175000.0,1,1,3,1,Prince Edward Island,1.0,4.469562181207649e-06,0,0.0
2.0,33000.0,5,2,4,2,Quebec,1.0,0.1047051367050907,0,0.0
2.0,,99,9,99,1,Saskatchewan,1.0,0.2577400854515876,0,0.0
2.0,26000.0,5,2,1,2,Manitoba,1.0,0.4199601046447983,1,0.0
2.0,28000.0,2,2,5,2,Ontario,2.0,0.5285556564009947,1,1.0
2.0,52500.0,2,2,2,2,Quebec,1.0,0.027583954348196625,0,0.0
1.0,92500.0,3,1,4,1,Manitoba,1.0,0.004065652178123106,0,0.0
1.0,165000.0,99,9,99,9,Prince Edward Island,1.0,5.370392306880686e-05,0,0.0
1.0,75000.0,2,2,2,2,Alberta,1.0,0.029850794522329773,0,0.0
1.0,72500.0,2,2,4,1,Nova Scotia,1.0,0.019076962028945942,0,0.0
2.0,50000.0,3,1,2,1,New Brunswick,1.0,0.07999687402829062,0,0.0
1.0,95000.0,1,1,99,9,New Brunswick,1.0,0.00466720128733363,0,0.0
2.0,36000.0,99,2,4,2,Prince Edward Island,1.0,0.25942585582515726,0,1.0
2.0,41000.0,5,2,1,1,British Columbia,2.0,0.33983827430177255,1,1.0
2.0,26000.0,5,2,2,2,Newfoundland and Labrador,2.0,0.37427928184510056,1,0.0
1.0,165000.0,2,2,3,1,British Columbia,1.0,5.090411548068945e-05,0,0.0
2.0,155000.0,1,2,2,1,Ontario,1.0,0.00013940814195978184,0,0.0
2.0,11000.0,5,2,99,9,New Brunswick,3.0,0.7450618761916472,1,1.0
2.0,70000.0,3,1,6,1,Newfoundland and Labrador,1.0,0.02575989835197583,0,0.0
2.0,65000.0,5,2,2,1,Alberta,1.0,0.09159065714598032,0,0.0
1.0,39000.0,2,2,3,2,Newfoundland and Labrador,2.0,0.1277492060859743,0,0.0
1.0,37000.0,2,2,4,2,Alberta,3.0,0.3119199241679658,1,1.0
1.0,130000.0,2,2,5,2,Saskatchewan,1.0,0.00037276605501699813,0,0.0
1.0,37000.0,2,2,3,2,Saskatchewan,1.0,0.20515610024716405,0,1.0
1.0,55000.0,99,9,99,1,Saskatchewan,1.0,0.26954900654805986,0,0.0
2.0,90000.0,5,2,6,2,British Columbia,1.0,0.01679996437504937,0,0.0
2.0,77500.0,3,1,2,1,Quebec,1.0,0.004781109776988905,0,0.0
1.0,65000.0,2,2,4,1,Ontario,1.0,0.04825808932022436,0,0.0
2.0,46000.0,5,2,3,1,British Columbia,2.0,0.26823529802034113,0,1.0
2.0,37000.0,5,2,6,9,Prince Edward Island,3.0,0.12589171164425647,0,0.0
2.0,17000.0,2,2,2,2,New Brunswick,1.0,0.47427486425664206,1,0.0
2.0,25000.0,3,9,2,2,Quebec,1.0,0.17486779186921986,0,0.0
1.0,280000.0,1,1,6,1,Manitoba,1.0,7.4201077195918274e-09,0,0.0
2.0,26000.0,5,2,1,2,British Columbia,2.0,0.6006221390334044,1,1.0
1.0,,99,9,3,9,New Brunswick,1.0,0.06707383063487964,0,0.0
2.0,18500.0,5,2,2,2,Quebec,1.0,0.2428564748592062,0,0.0
2.0,50000.0,2,2,1,2,New Brunswick,1.0,0.08058448742781137,0,0.0
1.0,85000.0,2,2,3,1,Manitoba,1.0,0.006827566924718036,0,0.0
1.0,40000.0,3,1,2,2,Ontario,1.0,0.22848464018912104,0,1.0
2.0,44000.0,3,1,4,1,Ontario,1.0,0.2623805711002852,0,0.0
1.0,130000.0,1,1,4,1,Saskatchewan,1.0,0.0003579356635030782,0,0.0
2.0,280000.0,2,2,6,1,Saskatchewan,1.0,1.5168665314982503e-08,0,0.0
1.0,525000.0,2,2,2,1,Nova Scotia,1.0,2.736731152873934e-16,0,0.0
2.0,27000.0,5,2,1,2,Quebec,2.0,0.1490182925732184,0,0.0
1.0,125000.0,2,2,6,1,Nova Scotia,1.0,0.00048721948463041484,0,0.0
1.0,36000.0,2,2,3,2,Nova Scotia,1.0,0.20432755643423645,0,0.0
2.0,77500.0,5,2,6,2,Nova Scotia,2.0,0.02260188093771554,0,0.0
1.0,62500.0,2,2,5,1,Quebec,1.0,0.008741705259244989,0,0.0
2.0,47000.0,5,2,2,1,Ontario,1.0,0.22641050295325374,0,0.0
2.0,31000.0,5,2,1,1,Prince Edward Island,1.0,0.15862069221027988,0,0.0
1.0,170000.0,5,2,6,1,Saskatchewan,1.0,2.2738839858819106e-05,0,0.0
2.0,19500.0,5,2,1,2,Alberta,2.0,0.715102868221796,1,1.0
1.0,92500.0,1,1,5,1,Alberta,1.0,0.008754114307747269,0,0.0
1.0,240000.0,1,1,6,1,Saskatchewan,1.0,1.561601452610921e-07,0,0.0
2.0,48000.0,2,2,1,2,Quebec,1.0,0.037260631912279824,0,0.0
2.0,28000.0,2,2,6,2,British Columbia,3.0,0.5668442112084165,1,1.0
2.0,26000.0,5,2,1,2,Alberta,2.0,0.61356594100125,1,1.0
1.0,32000.0,2,2,3,1,New Brunswick,1.0,0.16296856533550605,0,0.0
1.0,125000.0,2,2,4,1,Prince Edward Island,1.0,0.00015530586442006136,0,0.0
2.0,47000.0,5,2,7,1,Quebec,1.0,0.04194439428940562,0,0.0
2.0,21000.0,5,2,4,2,Alberta,2.0,0.6971308380425297,1,1.0
1.0,49000.0,3,2,2,2,Nova Scotia,1.0,0.09348677373808062,0,0.0
1.0,75000.0,2,2,4,2,Manitoba,1.0,0.014011095032820413,0,0.0
2.0,32000.0,5,2,3,2,Ontario,1.0,0.46250419038558194,1,0.0
2.0,24000.0,5,2,4,1,Quebec,2.0,0.17841759111086278,0,0.0
2.0,31000.0,6,2,6,2,Ontario,3.0,0.48730919870108885,1,0.0
2.0,57500.0,6,2,3,1,Newfoundland and Labrador,1.0,0.061100351223059284,0,0.0
1.0,67500.0,2,2,5,2,Alberta,1.0,0.05051018795455789,0,0.0
2.0,44000.0,99,9,7,2,Nova Scotia,2.0,0.4015238495917771,1,1.0
1.0,105000.0,1,1,4,1,Alberta,1.0,0.0036241421316609837,0,0.0
1.0,150000.0,1,1,4,1,Quebec,1.0,1.8069422462767052e-05,0,0.0
2.0,55000.0,5,2,6,1,Quebec,2.0,0.024160671290024225,0,0.0
2.0,32000.0,5,2,2,2,Alberta,2.0,0.5114821348550997,1,1.0
1.0,55000.0,3,1,4,1,New Brunswick,1.0,0.03734263011107871,0,0.0
2.0,125000.0,2,2,6,1,Saskatchewan,1.0,0.0008384057279777009,0,0.0
2.0,77500.0,6,2,6,1,Manitoba,1.0,0.019360745718342575,0,0.0
2.0,48000.0,5,2,2,2,Ontario,2.0,0.2168813766150183,0,0.0
2.0,57500.0,6,2,2,1,British Columbia,1.0,0.14061019895047414,0,0.0
1.0,41000.0,2,2,99,2,Nova Scotia,2.0,0.2493958805548855,0,1.0
2.0,24000.0,5,2,3,2,Alberta,1.0,0.6492962841698976,1,0.0
2.0,22000.0,5,2,2,2,Alberta,1.0,0.6792894907972801,1,0.0
1.0,47000.0,2,2,3,1,Newfoundland and Labrador,1.0,0.07586654515833763,0,0.0
2.0,14500.0,5,2,3,2,Manitoba,3.0,0.6224656801104349,1,1.0
2.0,22000.0,5,2,4,2,Nova Scotia,2.0,0.532655095503027,1,1.0
2.0,33000.0,5,2,7,1,Ontario,1.0,0.4475623514309113,1,0.0
1.0,115000.0,2,2,7,1,Quebec,1.0,0.00022099139053733,0,0.0
2.0,190000.0,2,2,7,1,Newfoundland and Labrador,1.0,5.65902817627721e-06,0,0.0
2.0,21000.0,5,2,3,2,New Brunswick,1.0,0.4137355108537192,1,0.0
2.0,39000.0,5,2,2,2,New Brunswick,1.0,0.164774098918204,0,0.0
2.0,23000.0,2,2,1,2,New Brunswick,2.0,0.37003005630424646,1,1.0
2.0,110000.0,4,2,6,1,Ontario,1.0,0.003498013705556495,0,0.0
1.0,220000.0,1,2,5,1,Alberta,1.0,1.1183437926051324e-06,0,0.0
